time_diff_sec,marker_index,x,y,z
0.0,0,0.6022692918777466,0.004220860078930855,0.07618598639965057
0.5982706546783447,0,0.6025381088256836,0.00417706836014986,0.07604129612445831
0.6979577541351318,0,0.6036115884780884,0.004507585894316435,0.07587399333715439
0.8308656215667725,0,0.603267252445221,0.004036188591271639,0.07573828101158142
1.0654292106628418,0,0.6023170351982117,0.003941904287785292,0.07594066113233566
1.1995172500610352,0,0.6022310256958008,0.004228697624057531,0.07617472857236862
1.3001084327697754,0,0.6026083827018738,0.00418965145945549,0.07601480185985565
1.4678077697753906,0,0.6024506092071533,0.003909536637365818,0.07589641958475113
1.6020100116729736,0,0.6022053360939026,0.004275496583431959,0.07612575590610504
1.7362499237060547,0,0.6035259962081909,0.004435940645635128,0.07586614042520523
1.870331048965454,0,0.6031919717788696,0.0043694148771464825,0.0759192407131195
2.1033918857574463,0,0.6029253602027893,0.0043510934337973595,0.07597178965806961
2.236560344696045,0,0.6024069786071777,0.003944842144846916,0.07588451355695724
2.4695897102355957,0,0.6023058891296387,0.004126270301640034,0.07599907368421555
2.835737943649292,0,0.6020500063896179,0.004114360082894564,0.07606199383735657
3.069286823272705,0,0.6021616458892822,0.00430441414937377,0.07613176852464676
3.436446189880371,0,0.6004398465156555,0.004067785572260618,0.07644296437501907
3.569960355758667,0,0.6023802161216736,0.004059965256601572,0.07584978640079498
4.003782033920288,0,0.5972633361816406,0.003940763417631388,0.07695706188678741
4.1037657260894775,0,0.5973278284072876,0.003935177810490131,0.07695382833480835
4.470350742340088,0,0.6019886136054993,0.004054971970617771,0.07591505348682404
4.6036460399627686,0,0.5998679399490356,0.0038748944643884897,0.0763520747423172
4.736937046051025,0,0.5979013442993164,0.003924736753106117,0.07678359001874924
5.610533237457275,0,0.6015586853027344,0.0040685441344976425,0.07618189603090286
5.84673547744751,0,0.5998933911323547,0.003967420198023319,0.0771593526005745
5.914239883422852,0,0.5998228192329407,0.003944898024201393,0.0770375058054924
6.0489044189453125,0,0.6000646352767944,0.0039655184373259544,0.0770752876996994
6.181872129440308,0,0.6000040173530579,0.003954984713345766,0.07697001844644547
6.281588077545166,0,0.600975751876831,0.0039777373895049095,0.07663371413946152
6.7800376415252686,0,0.6227892637252808,0.010490541346371174,0.09099119156599045
10.274322271347046,0,1.227224349975586,0.01684010960161686,0.11047974973917007
10.374118566513062,0,1.2275830507278442,0.016949856653809547,0.11042918264865875
10.507169723510742,0,1.2277143001556396,0.017023175954818726,0.11041896045207977
10.606949806213379,0,1.228106141090393,0.017259597778320312,0.11047286540269852
10.706722974777222,0,1.227936863899231,0.01807207614183426,0.11044293642044067
10.839743375778198,0,1.2276220321655273,0.01802241988480091,0.11027859896421432
12.10361933708191,0,1.2163585424423218,0.021532375365495682,0.11081444472074509
12.236755847930908,0,1.2162666320800781,0.0215163491666317,0.11074719578027725
12.369836807250977,0,1.216160535812378,0.020936990156769753,0.10988420248031616
12.469640254974365,0,1.2159695625305176,0.020997894927859306,0.11004423350095749
12.602701902389526,0,1.2154971361160278,0.021053137257695198,0.11016693711280823
12.73575234413147,0,1.215440034866333,0.021100658923387527,0.11030270904302597
12.835533142089844,0,1.2151966094970703,0.021160706877708435,0.11036685109138489
12.96856427192688,0,1.214926838874817,0.021185260266065598,0.11043395102024078
13.101584434509277,0,1.2148770093917847,0.021190626546740532,0.1105126366019249
13.201310634613037,0,1.2146073579788208,0.02124476432800293,0.11057616025209427
13.300960779190063,0,1.2147181034088135,0.021259181201457977,0.11068060249090195
13.43381381034851,0,1.2149624824523926,0.021272549405694008,0.11074264347553253
13.533443450927734,0,1.2150241136550903,0.0213403832167387,0.11077149212360382
13.633064031600952,0,1.2151049375534058,0.021362939849495888,0.11074019968509674
13.765877962112427,0,1.2147434949874878,0.02142222411930561,0.11074800044298172
13.865478277206421,0,1.2150064706802368,0.021438954398036003,0.11077651381492615
14.995239496231079,0,1.2733416557312012,0.054670076817274094,0.11283393949270248
21.600286722183228,0,1.8014146089553833,0.03625967726111412,0.14421334862709045
21.66733980178833,0,1.802935242652893,0.03640148043632507,0.144414022564888
21.767937183380127,0,1.804818868637085,0.03654034808278084,0.144650399684906
21.83501362800598,0,1.8059213161468506,0.0366944894194603,0.1448291689157486
21.935646057128906,0,1.8068418502807617,0.036724258214235306,0.14492829144001007
22.002746105194092,0,1.8083134889602661,0.036742810159921646,0.14509660005569458
22.06985569000244,0,1.8089275360107422,0.036773111671209335,0.14519013464450836
22.136974573135376,0,1.80911123752594,0.036667387932538986,0.14518459141254425
22.237670421600342,0,1.8092761039733887,0.0366210862994194,0.14519590139389038
22.30481266975403,0,1.8095245361328125,0.03644406422972679,0.1451854556798935
22.37195920944214,0,1.809470295906067,0.036285050213336945,0.14512206614017487
22.472025632858276,0,1.809828519821167,0.03626643121242523,0.14512793719768524
22.538740396499634,0,1.810167670249939,0.036269910633563995,0.14516109228134155
23.072455406188965,0,1.8097059726715088,0.03608528524637222,0.14499518275260925
23.172526597976685,0,1.8094035387039185,0.0360860712826252,0.14496488869190216
23.272597551345825,0,1.809391736984253,0.036112863570451736,0.14494934678077698
23.339311361312866,0,1.8094252347946167,0.036071326583623886,0.14492611587047577
29.144309043884277,0,2.4062886238098145,0.048403315246105194,0.18183381855487823
29.244369983673096,0,2.4040069580078125,0.048245422542095184,0.18154464662075043
29.31107759475708,0,2.402221441268921,0.04803676903247833,0.18129383027553558
29.377784967422485,0,2.4017951488494873,0.04817301407456398,0.1813146322965622
29.44449257850647,0,2.4010186195373535,0.04832376167178154,0.18128272891044617
29.511200189590454,0,2.4023282527923584,0.048446860164403915,0.18144886195659637
29.5779128074646,0,2.402486801147461,0.048397865146398544,0.1814308613538742
29.644493103027344,0,2.404567241668701,0.04836782440543175,0.1812954545021057
29.711071014404297,0,2.406048536300659,0.04834643378853798,0.18114152550697327
29.77764630317688,0,2.407799005508423,0.048386961221694946,0.1811303347349167
29.84421944618225,0,2.409304141998291,0.04830818623304367,0.18116982281208038
29.87750482559204,0,2.409780979156494,0.04821595549583435,0.1810041218996048
29.944074153900146,0,2.4095101356506348,0.048552270978689194,0.18134579062461853
30.010640859603882,0,2.4099457263946533,0.0489196740090847,0.18179617822170258
30.077204942703247,0,2.410301923751831,0.04885230213403702,0.18159276247024536
30.1437668800354,0,2.411284923553467,0.048799917101860046,0.18147733807563782
30.210326433181763,0,2.411125421524048,0.048654716461896896,0.1812690645456314
30.276883125305176,0,2.412213087081909,0.04860280454158783,0.1812429130077362
30.343437671661377,0,2.4110043048858643,0.048353347927331924,0.1808977574110031
30.409989595413208,0,2.410641670227051,0.04829109460115433,0.18074189126491547
30.476539134979248,0,2.4102063179016113,0.04815191403031349,0.18062005937099457
30.543086051940918,0,2.409444808959961,0.04842822253704071,0.1809939593076706
30.609583616256714,0,2.408663034439087,0.048295848071575165,0.18074706196784973
30.642805814743042,0,2.408839225769043,0.048225078731775284,0.18062655627727509
30.70924711227417,0,2.409386396408081,0.04814513027667999,0.1806333065032959
30.77568531036377,0,2.4091145992279053,0.048439886420965195,0.18099795281887054
30.808902740478516,0,2.409299373626709,0.04830244556069374,0.18077121675014496
30.875335216522217,0,2.407858371734619,0.04846547171473503,0.18094554543495178
30.941763877868652,0,2.4071288108825684,0.04862461984157562,0.18115410208702087
31.00818920135498,0,2.406059503555298,0.04867199808359146,0.1812732219696045
31.04140019416809,0,2.4058587551116943,0.048356909304857254,0.18087290227413177
31.10781979560852,0,2.407846212387085,0.04835653305053711,0.1808907687664032
31.174235820770264,0,2.407989025115967,0.04855044558644295,0.18118330836296082
31.24064803123474,0,2.407080888748169,0.048676908016204834,0.18126033246517181
31.307056665420532,0,2.4054887294769287,0.04873798415064812,0.18127542734146118
31.340259552001953,0,2.4042649269104004,0.048812784254550934,0.18137195706367493
31.406662940979004,0,2.4047811031341553,0.04893439635634422,0.18157395720481873
31.47306251525879,0,2.405405282974243,0.04864657297730446,0.1812124103307724
31.539458513259888,0,2.4056386947631836,0.04879966378211975,0.18145114183425903
31.605989933013916,0,2.4062302112579346,0.04896063357591629,0.18166714906692505
31.639321327209473,0,2.4055368900299072,0.04894452542066574,0.18167780339717865
31.705984830856323,0,2.404898166656494,0.04898105934262276,0.18173952400684357
31.772647857666016,0,2.4053032398223877,0.04870915785431862,0.18138261139392853
31.839310884475708,0,2.404897928237915,0.0487646758556366,0.18146347999572754
31.9059739112854,0,2.405008554458618,0.048737552016973495,0.1816297173500061
31.972636938095093,0,2.404963493347168,0.048747602850198746,0.18169814348220825
32.039299726486206,0,2.4055373668670654,0.048815928399562836,0.18181617558002472
32.10596251487732,0,2.4035756587982178,0.048641037195920944,0.18165551126003265
32.17262506484985,0,2.40354061126709,0.048637036234140396,0.18173496425151825
32.239288091659546,0,2.403590440750122,0.048505231738090515,0.18174098432064056
32.30595064163208,0,2.4029321670532227,0.048294637352228165,0.18159903585910797
36.34218168258667,0,3.0003292560577393,0.06396214663982391,0.21704092621803284
36.40888977050781,0,3.001774549484253,0.0640227198600769,0.2171459197998047
36.47559857368469,0,3.002516984939575,0.06435254961252213,0.21768762171268463
36.54230761528015,0,3.002366304397583,0.06425724923610687,0.21746055781841278
36.60901689529419,0,3.002195358276367,0.06430034339427948,0.21730251610279083
36.675726652145386,0,3.0029594898223877,0.06444815546274185,0.2172648012638092
36.775781869888306,0,3.001115322113037,0.06453422456979752,0.21703378856182098
36.842485666275024,0,3.0012571811676025,0.06477591395378113,0.2170795351266861
36.90919017791748,0,3.0018975734710693,0.06501447409391403,0.21732404828071594
36.97589468955994,0,3.001504898071289,0.06508772820234299,0.21727809309959412
37.04259943962097,0,3.0019712448120117,0.06502480804920197,0.21731452643871307
37.109304904937744,0,3.0020532608032227,0.06522581726312637,0.21777941286563873
37.17601037025452,0,3.0023691654205322,0.06514845788478851,0.2176848202943802
37.242716550827026,0,3.001204013824463,0.06497784703969955,0.21743905544281006
37.309422731399536,0,3.00138521194458,0.06474784761667252,0.21727417409420013
37.34277606010437,0,3.0011181831359863,0.0645761713385582,0.21715782582759857
37.40948271751404,0,3.0011372566223145,0.06456079334020615,0.2171632945537567
37.47619009017944,0,3.0017857551574707,0.06463082134723663,0.21720346808433533
37.54289770126343,0,3.004483222961426,0.06490208208560944,0.21805575489997864
37.60960531234741,0,3.0073883533477783,0.06526681780815125,0.21885308623313904
37.676313400268555,0,3.0100600719451904,0.06554216146469116,0.2196144312620163
37.74298405647278,0,3.009824752807617,0.06570353358983994,0.22008436918258667
37.80964016914368,0,3.0129292011260986,0.06584872305393219,0.2207251489162445
37.87629580497742,0,3.0154266357421875,0.06590443849563599,0.22117312252521515
37.94295048713684,0,3.016575813293457,0.06598631292581558,0.2214653342962265
38.009604692459106,0,3.0185272693634033,0.06596613675355911,0.22177867591381073
38.076257944107056,0,3.0199246406555176,0.06597890704870224,0.22191642224788666
38.14291024208069,0,3.0211000442504883,0.06598897278308868,0.2220422327518463
38.20956206321716,0,3.0222702026367188,0.06602255254983902,0.22216364741325378
38.2762131690979,0,3.0232980251312256,0.06574873626232147,0.22181418538093567
38.3428635597229,0,3.0211760997772217,0.06548236310482025,0.22163723409175873
38.40951323509216,0,3.0204122066497803,0.0653538852930069,0.22146479785442352
38.47616219520569,0,3.0183095932006836,0.06525976955890656,0.2212662249803543
38.54281044006348,0,3.0178279876708984,0.06506843864917755,0.22092309594154358
38.60945796966553,0,3.0156338214874268,0.06473476439714432,0.22031350433826447
38.67610478401184,0,3.01442813873291,0.06461583077907562,0.2199491411447525
38.742783308029175,0,3.015676259994507,0.06464545428752899,0.21990320086479187
38.80949401855469,0,3.01729416847229,0.06495313346385956,0.22037747502326965
38.87620520591736,0,3.018280506134033,0.06527313590049744,0.22080405056476593
38.94291663169861,0,3.0193848609924316,0.06556013226509094,0.22114276885986328
39.009628772735596,0,3.019392490386963,0.0657622218132019,0.22137300670146942
39.07634115219116,0,3.0200281143188477,0.06595486402511597,0.22157542407512665
39.143054246902466,0,3.0211899280548096,0.06611309200525284,0.22184742987155914
39.20976781845093,0,3.020890235900879,0.06618600338697433,0.2219274491071701
39.27648186683655,0,3.018564224243164,0.06617419421672821,0.22179362177848816
39.30983901023865,0,3.0188097953796387,0.0661756694316864,0.22187669575214386
39.376553535461426,0,3.019655227661133,0.06623553484678268,0.22193989157676697
39.44326877593994,0,3.0201144218444824,0.06619452685117722,0.22197668254375458
39.509984254837036,0,3.01914119720459,0.06624558568000793,0.22194737195968628
43.680421352386475,0,3.62048077583313,0.08303961157798767,0.2600979804992676
44.38177275657654,0,3.6000285148620605,0.08153673261404037,0.25843676924705505
44.44858908653259,0,3.6012232303619385,0.08156218379735947,0.2584516704082489
44.51540684700012,0,3.603569984436035,0.08139471709728241,0.2581644654273987
44.582226514816284,0,3.606503963470459,0.08127856254577637,0.2581079304218292
44.6490478515625,0,3.6075854301452637,0.08113261312246323,0.25821200013160706
44.71587085723877,0,3.6093647480010986,0.08126768469810486,0.2584376335144043
44.982990980148315,0,3.6048312187194824,0.08048085868358612,0.2575027048587799
46.517940521240234,0,3.6407928466796875,0.08286254107952118,0.2597968876361847
46.58463191986084,0,3.6387736797332764,0.08297469466924667,0.25966253876686096
46.651323318481445,0,3.6344830989837646,0.08300642669200897,0.2594125270843506
46.71801447868347,0,3.6382250785827637,0.0836317166686058,0.2599901854991913
46.78470540046692,0,3.6380345821380615,0.08393094688653946,0.2600816488265991
46.851396799087524,0,3.636549949645996,0.08428855985403061,0.26011475920677185
47.8171272277832,0,3.6447415351867676,0.0853109210729599,0.26106226444244385
47.88370895385742,0,3.641726016998291,0.08517751842737198,0.26066896319389343
49.06398630142212,0,3.659926652908325,0.08638523519039154,0.2626245319843292
49.1306586265564,0,3.6549465656280518,0.08620753884315491,0.2622765600681305
49.19732975959778,0,3.6488234996795654,0.08561237156391144,0.26132553815841675
49.26400017738342,0,3.648879051208496,0.08566661924123764,0.2613874673843384
49.364004373550415,0,3.647252082824707,0.08562575280666351,0.26129353046417236
49.43067240715027,0,3.6460251808166504,0.08549554646015167,0.2612021565437317
49.497339725494385,0,3.643955707550049,0.08542852103710175,0.26112088561058044
49.564006328582764,0,3.6453168392181396,0.08542544394731522,0.2612878382205963
49.63067173957825,0,3.6440720558166504,0.08540677279233932,0.2612687051296234
49.69733667373657,0,3.642301321029663,0.08539243042469025,0.2610730528831482
49.764000415802,0,3.6417789459228516,0.08543364703655243,0.26112696528434753
49.830663442611694,0,3.6441400051116943,0.08518950641155243,0.2610704302787781
49.89732527732849,0,3.6431736946105957,0.08524961024522781,0.26118046045303345
49.96398663520813,0,3.642338514328003,0.08542843163013458,0.2612912654876709
50.030611515045166,0,3.642716407775879,0.08553232997655869,0.2614104151725769
50.09719634056091,0,3.6399002075195312,0.08542602509260178,0.2612224519252777
50.16377925872803,0,3.6397769451141357,0.0851157009601593,0.26091399788856506
50.19706988334656,0,3.641007423400879,0.08526913821697235,0.2610819339752197
50.263649463653564,0,3.639603853225708,0.08526065200567245,0.26102298498153687
50.33022689819336,0,3.6383864879608154,0.08530222624540329,0.2610746920108795
50.39680242538452,0,3.6379218101501465,0.08536400645971298,0.2611718475818634
50.49666118621826,0,3.6394195556640625,0.08563459664583206,0.26138678193092346
50.563230991363525,0,3.638526201248169,0.08577770739793777,0.261442631483078
50.59651517868042,0,3.6396992206573486,0.08589571714401245,0.2615649402141571
50.8294894695282,0,3.643007755279541,0.08607913553714752,0.2617199718952179
50.89604878425598,0,3.6422119140625,0.08619970083236694,0.2616584300994873
50.962605714797974,0,3.6472418308258057,0.0863717719912529,0.26191577315330505
51.029263734817505,0,3.648256540298462,0.0864410325884819,0.26181942224502563
51.09595608711243,0,3.6495893001556396,0.0861940085887909,0.26167362928390503
52.09636878967285,0,3.6432642936706543,0.0856085866689682,0.2617499530315399
55.956241846084595,0,4.2476396560668945,0.09981079399585724,0.2979015111923218
56.02283811569214,0,4.244365215301514,0.0996209979057312,0.2978168725967407
56.089433670043945,0,4.248018264770508,0.09971466660499573,0.29808250069618225
56.35590648651123,0,4.241708755493164,0.09920507669448853,0.2973134517669678
56.42252039909363,0,4.243967056274414,0.09897702932357788,0.29735714197158813
56.48913288116455,0,4.247668743133545,0.09876712411642075,0.297524094581604
56.58904838562012,0,4.249392986297607,0.09900639951229095,0.2977735698223114
56.655657052993774,0,4.2508625984191895,0.0988960936665535,0.2975222170352936
56.7222638130188,0,4.24867582321167,0.09855689108371735,0.29729917645454407
56.78886914253235,0,4.249931812286377,0.09871376305818558,0.297566682100296
56.888774156570435,0,4.251803398132324,0.09899353981018066,0.2977004945278168
56.95537519454956,0,4.248007774353027,0.09888520836830139,0.29742610454559326
57.02197480201721,0,4.2469162940979,0.09881875663995743,0.2971029579639435
57.088573932647705,0,4.249258995056152,0.09874674677848816,0.2972540557384491
57.15521454811096,0,4.255465984344482,0.09891384094953537,0.2976553738117218
57.221811294555664,0,4.257782459259033,0.0990852564573288,0.2979833483695984
57.28840613365173,0,4.259479999542236,0.09927436709403992,0.29839375615119934
57.35499882698059,0,4.260614395141602,0.0994982123374939,0.29846861958503723
57.421590089797974,0,4.257845878601074,0.09968920797109604,0.2983364462852478
57.488179206848145,0,4.255929946899414,0.0996895581483841,0.29826590418815613
57.72122526168823,0,4.254940509796143,0.09942659735679626,0.29814794659614563
57.75451588630676,0,4.256960391998291,0.09967581182718277,0.2983655035495758
57.82109522819519,0,4.259316444396973,0.09973052144050598,0.2983168363571167
59.38679218292236,0,4.285015106201172,0.10150966048240662,0.29946449398994446
59.453455686569214,0,4.281142711639404,0.10132282972335815,0.2989748418331146
59.520118713378906,0,4.27631139755249,0.10128144919872284,0.2985436022281647
59.58678126335144,0,4.274043560028076,0.10124599188566208,0.2980066239833832
59.65344262123108,0,4.26938533782959,0.10089431703090668,0.29772478342056274
59.72010326385498,0,4.276148796081543,0.10107843577861786,0.2976387143135071
59.786763191223145,0,4.266798496246338,0.10072904080152512,0.29680919647216797
59.85342216491699,0,4.267549514770508,0.10085555911064148,0.2965410351753235
59.92008066177368,0,4.271383285522461,0.10120079666376114,0.29668205976486206
59.986738204956055,0,4.270986557006836,0.10103738307952881,0.2967924475669861
60.05339503288269,0,4.281798362731934,0.10160305351018906,0.2970060706138611
60.12005090713501,0,4.274481296539307,0.10110047459602356,0.29613977670669556
60.18670654296875,0,4.270899772644043,0.10088130086660385,0.29589858651161194
60.253419160842896,0,4.269254684448242,0.10081292688846588,0.2954764664173126
60.28677582740784,0,4.284761428833008,0.10120836645364761,0.29633161425590515
60.35348892211914,0,4.271112442016602,0.10001164674758911,0.2950795292854309
60.42020225524902,0,4.270358085632324,0.09965343773365021,0.29462072253227234
60.486915588378906,0,4.257750511169434,0.09978877007961273,0.2934933006763458
60.553629636764526,0,4.253629684448242,0.09984032809734344,0.2931731343269348
60.62034344673157,0,4.273157596588135,0.10030411928892136,0.2937262952327728
60.68705749511719,0,4.268204689025879,0.10029663145542145,0.29353100061416626
60.75377154350281,0,4.25557279586792,0.09954715520143509,0.29279154539108276
60.78712868690491,0,4.292038917541504,0.10046110302209854,0.2941177785396576
60.853843450546265,0,4.287595272064209,0.10077018290758133,0.2934960424900055
68.9676456451416,0,4.86911153793335,0.12862223386764526,0.3348677158355713
69.03434920310974,0,4.849756240844727,0.12764191627502441,0.3329005539417267
69.10105228424072,0,4.841180324554443,0.12662102282047272,0.3323567807674408
69.1677553653717,0,4.828551292419434,0.12581802904605865,0.33124223351478577
69.23445796966553,0,4.827208518981934,0.12547655403614044,0.3310946822166443
69.30116009712219,0,4.8180317878723145,0.12519292533397675,0.33028659224510193
69.36786246299744,0,4.813632488250732,0.12481659650802612,0.32952845096588135
69.43447852134705,0,4.8140082359313965,0.12490620464086533,0.3293984830379486
69.50109195709229,0,4.825530529022217,0.12489119917154312,0.3302134573459625
69.56770324707031,0,4.830360412597656,0.12476476281881332,0.3303709924221039
74.09924340248108,0,4.83704948425293,0.1304471641778946,0.3355523943901062
74.19917488098145,0,4.8420233726501465,0.13059598207473755,0.33583807945251465
74.26579451560974,0,4.846555709838867,0.13073775172233582,0.33609539270401
74.33241271972656,0,4.847170352935791,0.1308150440454483,0.33610987663269043
74.39902997016907,0,4.850447654724121,0.13079094886779785,0.336255818605423
74.46568584442139,0,4.8536834716796875,0.1307642012834549,0.33640408515930176
74.5323760509491,0,4.854523658752441,0.13073326647281647,0.336498886346817
74.59906601905823,0,4.85244083404541,0.13069656491279602,0.33635878562927246
80.60146141052246,0,5.371792316436768,0.13263830542564392,0.3615388572216034
82.43461632728577,0,5.4644927978515625,0.14123329520225525,0.3738168776035309
82.50133848190308,0,5.460315227508545,0.14115208387374878,0.37373584508895874
82.56806135177612,0,5.467773914337158,0.14123402535915375,0.3741739094257355
82.63478136062622,0,5.463072299957275,0.1411549299955368,0.3739537298679352
82.70149970054626,0,5.461430072784424,0.14126715064048767,0.37389975786209106
82.76821827888489,0,5.461164951324463,0.14150293171405792,0.3739769756793976
82.83493757247925,0,5.463496685028076,0.14158707857131958,0.37408018112182617
82.8682975769043,0,5.464909076690674,0.14189276099205017,0.37425145506858826
82.93501782417297,0,5.4584245681762695,0.1417565792798996,0.37374821305274963
83.00173878669739,0,5.458717346191406,0.14194822311401367,0.3738539516925812
83.06845998764038,0,5.4554243087768555,0.14208126068115234,0.37360289692878723
83.10182118415833,0,5.4522857666015625,0.14212259650230408,0.3733918070793152
83.16854357719421,0,5.4511613845825195,0.14225395023822784,0.3733210265636444
83.23526644706726,0,5.448025226593018,0.14235636591911316,0.37307095527648926
83.30199003219604,0,5.448521614074707,0.14262408018112183,0.37318262457847595
83.36871457099915,0,5.447775840759277,0.14295803010463715,0.3730252981185913
83.60225415229797,0,5.452463626861572,0.1430058479309082,0.37335166335105896
83.63560104370117,0,5.458791255950928,0.14319410920143127,0.37363842129707336
83.70233941078186,0,5.4680705070495605,0.14335763454437256,0.37419936060905457
83.80244827270508,0,5.434155464172363,0.14278218150138855,0.3698239326477051
83.86918807029724,0,5.431443691253662,0.14290428161621094,0.36987167596817017
83.90255808830261,0,5.428922653198242,0.14278876781463623,0.3700026869773865
83.96929812431335,0,5.431080341339111,0.1427304744720459,0.37039288878440857
84.23626279830933,0,5.418327808380127,0.14092707633972168,0.36922621726989746
88.60745096206665,0,6.060258388519287,0.1493457704782486,0.41291069984436035
88.67415189743042,0,6.056879997253418,0.14935940504074097,0.4126304090023041
88.74085283279419,0,6.052773475646973,0.14944584667682648,0.41226595640182495
88.80756258964539,0,6.050301551818848,0.14940087497234344,0.4120204746723175
88.87508177757263,0,6.046504020690918,0.14939117431640625,0.4115840196609497
88.94261121749878,0,6.0527873039245605,0.14943735301494598,0.411997526884079
89.0439248085022,0,6.046374797821045,0.1494767665863037,0.4113464057445526
89.11148023605347,0,6.042271137237549,0.14929376542568207,0.41113805770874023
89.21283221244812,0,6.040401935577393,0.149293452501297,0.41104334592819214
89.28041315078735,0,6.040356159210205,0.1494390219449997,0.41111448407173157
89.34800457954407,0,6.036494731903076,0.1492874175310135,0.41087833046913147
89.41560626029968,0,6.038935661315918,0.14934958517551422,0.4110057055950165
89.4832181930542,0,6.048433303833008,0.14963655173778534,0.41148218512535095
89.55084037780762,0,6.05062198638916,0.14961056411266327,0.41158944368362427
89.61847305297852,0,6.049167633056641,0.1494339555501938,0.4113627076148987
89.68611598014832,0,6.055905342102051,0.1494542360305786,0.4117186665534973
89.75376892089844,0,6.053685188293457,0.14940623939037323,0.411467581987381
89.82142210006714,0,6.056628227233887,0.14945141971111298,0.41160139441490173
89.88802647590637,0,6.053125858306885,0.14921653270721436,0.4113662540912628
89.9879298210144,0,6.048116683959961,0.14906154572963715,0.41101980209350586
90.02123022079468,0,6.042846202850342,0.14883753657341003,0.4105428457260132
90.12112832069397,0,6.041697025299072,0.14883805811405182,0.41038304567337036
90.18772506713867,0,6.0442938804626465,0.1489318162202835,0.4104814827442169
90.25431966781616,0,6.040764808654785,0.14883433282375336,0.41028454899787903
90.32091307640076,0,6.034985065460205,0.148744136095047,0.4098968207836151
90.38750433921814,0,6.0354437828063965,0.14890113472938538,0.409878671169281
90.45409393310547,0,6.039482116699219,0.14896759390830994,0.41030454635620117
90.55397534370422,0,6.04293155670166,0.14912135899066925,0.41070640087127686
90.58726787567139,0,6.041449069976807,0.14910124242305756,0.410719096660614
90.65385246276855,0,6.042025089263916,0.14914831519126892,0.4107198417186737
90.72043514251709,0,6.036262512207031,0.14902201294898987,0.4104914665222168
90.78701591491699,0,6.041693687438965,0.1490708738565445,0.41088831424713135
90.85369515419006,0,6.041522026062012,0.14899547398090363,0.4108564853668213
90.92035365104675,0,6.044275283813477,0.14903700351715088,0.41100141406059265
90.98701167106628,0,6.045563220977783,0.14903880655765533,0.41097748279571533
91.02034020423889,0,6.04321813583374,0.14896844327449799,0.41066867113113403
91.0869972705841,0,6.038506507873535,0.14883528649806976,0.4102635085582733
91.153653383255,0,6.044236183166504,0.1490054428577423,0.4106586277484894
91.22030901908875,0,6.048279762268066,0.14906734228134155,0.4108539819717407
91.28696370124817,0,6.050686359405518,0.14905057847499847,0.4110164940357208
91.35361814498901,0,6.050290584564209,0.1490384340286255,0.4110450744628906
91.42027163505554,0,6.046147346496582,0.1491379737854004,0.4106779098510742
91.48692440986633,0,6.048088073730469,0.14923112094402313,0.4107978045940399
91.55357670783997,0,6.044576644897461,0.14909422397613525,0.41057565808296204
91.62022805213928,0,6.039226531982422,0.14904427528381348,0.41019484400749207
91.68687915802002,0,6.043966770172119,0.1489623636007309,0.4105801582336426
95.81556582450867,0,6.682831287384033,0.1748715341091156,0.4529965817928314
95.88216853141785,0,6.684212684631348,0.1747666746377945,0.4530372619628906
95.94878673553467,0,6.675528526306152,0.17447689175605774,0.4524862766265869
96.01541829109192,0,6.676668167114258,0.17447282373905182,0.45248693227767944
96.11536359786987,0,6.680461406707764,0.17466363310813904,0.45265817642211914
96.18199253082275,0,6.6848039627075195,0.17464494705200195,0.4529571533203125
96.24862051010132,0,6.686903953552246,0.17487867176532745,0.4530594050884247
96.31524753570557,0,6.681789875030518,0.17486260831356049,0.45284828543663025
96.38187336921692,0,6.67445707321167,0.1746116727590561,0.45245423913002014
96.44849848747253,0,6.673242092132568,0.17461752891540527,0.4521496891975403
96.51512241363525,0,6.679416179656982,0.17477793991565704,0.452481210231781
96.58174514770508,0,6.678661823272705,0.17473047971725464,0.45256149768829346
96.64836740493774,0,6.669981002807617,0.17476209998130798,0.45201513171195984
96.71498823165894,0,6.675334453582764,0.17470616102218628,0.45245322585105896
96.78160810470581,0,6.673590183258057,0.17471027374267578,0.45229172706604004
96.84822702407837,0,6.675030708312988,0.1747829169034958,0.4524414837360382
96.94819974899292,0,6.679447650909424,0.17499713599681854,0.4526588022708893
97.01484537124634,0,6.67566442489624,0.1749637871980667,0.45235615968704224
97.0814893245697,0,6.6721577644348145,0.17514367401599884,0.4520606994628906
97.14813208580017,0,6.678974151611328,0.17497187852859497,0.45240530371665955
97.21477317810059,0,6.6688408851623535,0.1746661514043808,0.4517348110675812
97.28141283988953,0,6.671352863311768,0.17478656768798828,0.4519900381565094
97.34805083274841,0,6.666033744812012,0.17459677159786224,0.45161864161491394
97.41468787193298,0,6.662245273590088,0.17458318173885345,0.45148777961730957
97.48132348060608,0,6.659739971160889,0.17450971901416779,0.45129114389419556
97.54795742034912,0,6.674468517303467,0.1747608184814453,0.45204782485961914
97.61458992958069,0,6.67396354675293,0.17480692267417908,0.45190322399139404
97.71453595161438,0,6.662744522094727,0.17450614273548126,0.45114865899086
97.78116512298584,0,6.658205509185791,0.17440436780452728,0.4509448707103729
97.88110589981079,0,6.662342548370361,0.17458902299404144,0.45130518078804016
97.91441893577576,0,6.665567398071289,0.17453739047050476,0.4515114426612854
98.01438879966736,0,6.67415189743042,0.17474547028541565,0.4521424472332001
98.047696352005,0,6.6701765060424805,0.1743416041135788,0.4517730474472046
98.11431050300598,0,6.681136131286621,0.17451289296150208,0.4524192810058594
98.18092274665833,0,6.675047874450684,0.1743408590555191,0.45182475447654724
98.2475335597992,0,6.679079055786133,0.17457790672779083,0.4520886540412903
98.31414270401001,0,6.681163787841797,0.17446427047252655,0.4521074593067169
98.41405320167542,0,6.684185981750488,0.17461755871772766,0.452402800321579
98.4806580543518,0,6.677591323852539,0.17428827285766602,0.4518395960330963
98.51396012306213,0,6.675191879272461,0.17435847222805023,0.4515216648578644
102.84491086006165,0,6.098174095153809,0.14382021129131317,0.3970937430858612
107.9540057182312,0,7.9022979736328125,0.19530604779720306,0.5279728174209595
108.02075171470642,0,7.891230583190918,0.19516262412071228,0.5271806120872498
108.08749794960022,0,7.887425899505615,0.1951342225074768,0.5267931222915649
108.1542444229126,0,7.896383762359619,0.19514502584934235,0.5274341106414795
108.25423312187195,0,7.888147830963135,0.19492290914058685,0.5267440676689148
108.35421967506409,0,7.897346496582031,0.19489847123622894,0.5273774862289429
108.42087602615356,0,7.892275810241699,0.1949012130498886,0.5269030332565308
108.52085900306702,0,7.885035514831543,0.1947525143623352,0.5265566110610962
108.5875129699707,0,7.879305839538574,0.19447661936283112,0.5263441205024719
108.68749260902405,0,7.880958080291748,0.1944231390953064,0.5261474847793579
108.75414419174194,0,7.872148513793945,0.19413886964321136,0.525586724281311
108.8207950592041,0,7.857980728149414,0.19367647171020508,0.5246599316596985
108.85412001609802,0,7.843193531036377,0.1932280957698822,0.5234813690185547
108.95409393310547,0,7.852800369262695,0.19368824362754822,0.5239266157150269
109.02074193954468,0,7.85128116607666,0.1935390830039978,0.5240277647972107
112.35460042953491,0,7.409409999847412,0.18004879355430603,0.47933655977249146
112.42127013206482,0,7.486364364624023,0.18243670463562012,0.48453089594841003
114.18841862678528,0,8.525853157043457,0.21100696921348572,0.5638452768325806
114.25512170791626,0,8.531981468200684,0.2112296223640442,0.5642223358154297
114.32182145118713,0,8.509262084960938,0.21098239719867706,0.5624802708625793
114.38851857185364,0,8.514487266540527,0.21145986020565033,0.5629366636276245
114.48856329917908,0,8.51103687286377,0.21145974099636078,0.56279057264328
114.55525994300842,0,8.504295349121094,0.2112732082605362,0.562549352645874
114.62195611000061,0,8.309659957885742,0.20586778223514557,0.54837965965271
114.6886522769928,0,8.349559783935547,0.20727093517780304,0.5515045523643494
114.7553482055664,0,8.379630088806152,0.2081936001777649,0.5535317659378052
114.82204413414001,0,8.408458709716797,0.20891179144382477,0.5554906725883484
114.85539197921753,0,8.4223051071167,0.2093445062637329,0.5561936497688293
114.92208743095398,0,8.323953628540039,0.207223042845726,0.5483265519142151
114.98878288269043,0,8.349459648132324,0.20836271345615387,0.5503720641136169
115.05547785758972,0,8.37413501739502,0.20888207852840424,0.5526145100593567
115.12217307090759,0,8.395965576171875,0.20924639701843262,0.5543805956840515
115.1888678073883,0,8.256160736083984,0.20577280223369598,0.5438379645347595
115.22221493721008,0,8.134770393371582,0.20296211540699005,0.5344332456588745
115.28890991210938,0,8.209342956542969,0.20473712682724,0.5400109887123108
115.35556030273438,0,8.258866310119629,0.20557567477226257,0.5438200235366821
115.42220997810364,0,8.319358825683594,0.2072385549545288,0.5483498573303223
115.48885822296143,0,8.366433143615723,0.20856931805610657,0.5522497892379761
115.52218222618103,0,8.134699821472168,0.2025681734085083,0.5349642038345337
115.5888295173645,0,7.9408087730407715,0.19717824459075928,0.5197023749351501
115.65547561645508,0,7.796399116516113,0.1934686303138733,0.5081455707550049
115.72212100028992,0,7.672743320465088,0.19051779806613922,0.49832895398139954
115.78876519203186,0,7.615204334259033,0.1891099214553833,0.4943675696849823
115.85540890693665,0,7.587769508361816,0.1879713088274002,0.491872102022171
116.52203679084778,0,8.978694915771484,0.18818895518779755,0.6217473149299622
116.58874464035034,0,8.989164352416992,0.19097504019737244,0.6192821860313416
116.65545225143433,0,8.822464942932129,0.19150373339653015,0.6002815961837769
116.7555148601532,0,8.874009132385254,0.19864189624786377,0.5993062853813171
116.82222318649292,0,8.871456146240234,0.20298120379447937,0.5959059596061707
116.92228651046753,0,8.932333946228027,0.20833387970924377,0.5977599620819092
116.98899579048157,0,8.958312034606934,0.2108169049024582,0.5973137021064758
117.05570530891418,0,8.990703582763672,0.21166978776454926,0.597985565662384
117.1224148273468,0,9.007993698120117,0.21180149912834167,0.5972604751586914
117.18912482261658,0,9.04255485534668,0.21317222714424133,0.5983853936195374
117.25583505630493,0,9.057817459106445,0.21508817374706268,0.5989218950271606
117.32254528999329,0,9.063254356384277,0.21695324778556824,0.5980852842330933
117.38920831680298,0,9.099446296691895,0.21923765540122986,0.6003828644752502
117.45587086677551,0,9.08420467376709,0.2202550768852234,0.5988281965255737
117.52253246307373,0,9.066854476928711,0.22109927237033844,0.5974129438400269
117.55586290359497,0,9.059867858886719,0.22197017073631287,0.5964745283126831
117.62252378463745,0,9.054729461669922,0.22257134318351746,0.5960211753845215
117.68918371200562,0,9.070534706115723,0.22381465137004852,0.5969289541244507
117.75584316253662,0,9.060528755187988,0.22372005879878998,0.5959789752960205
117.82250189781189,0,9.035329818725586,0.2228519320487976,0.5938976407051086
117.88915991783142,0,9.020082473754883,0.2219879925251007,0.5925845503807068
117.95581698417664,0,9.019448280334473,0.22171860933303833,0.5927435159683228
118.02247381210327,0,9.050275802612305,0.22237709164619446,0.5947636961936951
118.05580186843872,0,9.045747756958008,0.2220076024532318,0.5941458940505981
118.12245750427246,0,9.059326171875,0.2225787341594696,0.5953716039657593
118.18911242485046,0,9.04845905303955,0.222732812166214,0.5948872566223145
118.25576663017273,0,9.053238868713379,0.2236020863056183,0.5951772928237915
118.322420835495,0,9.02492904663086,0.22333011031150818,0.5934250354766846
118.38914370536804,0,9.02035903930664,0.2237730473279953,0.5926689505577087
118.45589923858643,0,9.038525581359863,0.2245178073644638,0.5941064357757568
118.5226559638977,0,9.045127868652344,0.22523988783359528,0.5945485830307007
118.55603432655334,0,9.05046272277832,0.225826695561409,0.5949082970619202
118.62279224395752,0,9.06973934173584,0.22638006508350372,0.596164882183075
118.68955063819885,0,9.046300888061523,0.22565233707427979,0.5944879055023193
118.75631022453308,0,9.036330223083496,0.2253275066614151,0.5938641428947449
118.82307052612305,0,9.056159973144531,0.22621004283428192,0.5949079394340515
118.88983154296875,0,9.055278778076172,0.2265649139881134,0.59485924243927
118.98997449874878,0,9.050692558288574,0.22632770240306854,0.594122052192688
119.0567376613617,0,9.080021858215332,0.2273552268743515,0.5960990786552429
119.12350177764893,0,9.050653457641602,0.22654813528060913,0.5941097736358643
119.15688395500183,0,9.04720687866211,0.22636918723583221,0.5937036275863647
119.22364926338196,0,9.070148468017578,0.227036252617836,0.5950703024864197
119.2904155254364,0,9.033645629882812,0.2261868566274643,0.5924690365791321
119.35718131065369,0,9.033953666687012,0.22614306211471558,0.5927611589431763
119.42387294769287,0,9.030508041381836,0.22611528635025024,0.5928287506103516
119.4905641078949,0,9.015715599060059,0.22564825415611267,0.5918936133384705
119.55725479125977,0,9.04344367980957,0.2262347936630249,0.593951404094696
119.6239447593689,0,9.039332389831543,0.22592543065547943,0.593539297580719
119.69063448905945,0,9.037972450256348,0.22572240233421326,0.593212902545929
119.75732374191284,0,9.016185760498047,0.22514314949512482,0.5915635228157043
119.82401204109192,0,9.02784252166748,0.22525835037231445,0.5921288728713989
119.890700340271,0,9.044486999511719,0.22565288841724396,0.5930771231651306
119.95738816261292,0,9.056286811828613,0.22586384415626526,0.5937505960464478
120.05741858482361,0,9.053707122802734,0.2256590574979782,0.5938305854797363
120.12410521507263,0,9.05024242401123,0.22556942701339722,0.5939035415649414
120.19079113006592,0,9.072017669677734,0.225768581032753,0.5952824950218201
120.25747680664062,0,9.044677734375,0.22521622478961945,0.5934081077575684
120.3241617679596,0,9.050578117370605,0.22537824511528015,0.5937831997871399
120.39085078239441,0,9.048336029052734,0.22506152093410492,0.5935816764831543
120.45757460594177,0,9.049165725708008,0.2246342897415161,0.5937181711196899
120.52429914474487,0,9.044532775878906,0.22456978261470795,0.593678891658783
120.59102416038513,0,9.060103416442871,0.22475117444992065,0.5945978164672852
120.65774965286255,0,9.058818817138672,0.22486461699008942,0.594856858253479
120.72447562217712,0,9.051486015319824,0.2242233008146286,0.594009280204773
120.79120230674744,0,9.042532920837402,0.2239188849925995,0.5937208533287048
120.85792946815491,0,9.037891387939453,0.22395923733711243,0.5934589505195618
120.92465710639954,0,9.029553413391113,0.22386831045150757,0.5927848815917969
120.9913854598999,0,9.038800239562988,0.22415821254253387,0.5933095216751099
121.05811405181885,0,9.06485366821289,0.22513361275196075,0.5947255492210388
121.12484359741211,0,9.052098274230957,0.22493384778499603,0.593828022480011
121.19157338142395,0,9.04613971710205,0.22469736635684967,0.5933970212936401
121.25830388069153,0,9.054740905761719,0.2252482771873474,0.593761682510376
121.32503485679626,0,9.053377151489258,0.22523292899131775,0.5935313105583191
121.391765832901,0,9.038711547851562,0.224940687417984,0.592491626739502
121.45851612091064,0,9.044158935546875,0.2252841740846634,0.5930269956588745
121.55864310264587,0,9.063590049743652,0.22599093616008759,0.5945219993591309
121.62539601325989,0,9.057551383972168,0.22547218203544617,0.5938920974731445
121.69214987754822,0,9.065834999084473,0.22597850859165192,0.5946891903877258
121.75890493392944,0,9.064666748046875,0.2260335385799408,0.5946114659309387
121.82566094398499,0,9.060874938964844,0.2256186604499817,0.5943846702575684
121.892418384552,0,9.057107925415039,0.22525005042552948,0.5942255258560181
121.95917654037476,0,9.04750919342041,0.22534334659576416,0.5938220024108887
122.02593612670898,0,9.046985626220703,0.2249658703804016,0.5940768122673035
122.09269666671753,0,9.05109977722168,0.22502408921718597,0.594292402267456
122.15945839881897,0,9.06932544708252,0.22546523809432983,0.595204770565033
122.2262213230133,0,9.064897537231445,0.2253769338130951,0.5950361490249634
122.29298520088196,0,9.073790550231934,0.22557850182056427,0.5955531597137451
122.35975003242493,0,9.087688446044922,0.22610926628112793,0.5969018340110779
122.42648530006409,0,9.08344554901123,0.22553063929080963,0.5999621152877808
122.4931788444519,0,9.08344554901123,0.22281643748283386,0.6099300384521484
122.55987215042114,0,9.098969459533691,0.21979114413261414,0.6270135045051575
122.62656545639038,0,9.115640640258789,0.2170182317495346,0.6484889388084412
122.69325876235962,0,9.134990692138672,0.21515056490898132,0.6702485680580139
122.79329824447632,0,9.163068771362305,0.21487803757190704,0.6892526745796204
122.8599910736084,0,9.212137222290039,0.21658362448215485,0.7017821073532104
122.92668390274048,0,9.283819198608398,0.22042647004127502,0.7085176706314087
122.99337649345398,0,9.347211837768555,0.22350730001926422,0.7082697749137878
123.06006908416748,0,9.413541793823242,0.2271459847688675,0.7046626210212708
123.1267614364624,0,9.476628303527832,0.2311720848083496,0.698588490486145
123.16010761260986,0,9.546069145202637,0.23455911874771118,0.6935970187187195
123.2267997264862,0,9.581624031066895,0.23558978736400604,0.6859893202781677
123.29349184036255,0,9.63063907623291,0.2365231215953827,0.6799104809761047
123.36018371582031,0,9.662164688110352,0.23666490614414215,0.673550546169281
123.42687559127808,0,9.680818557739258,0.23649559915065765,0.6674401760101318
123.49363780021667,0,9.682567596435547,0.23652003705501556,0.6617351174354553
123.56040072441101,0,9.692488670349121,0.23685753345489502,0.656578779220581
123.62716460227966,0,9.687629699707031,0.2370624840259552,0.6517226696014404
123.69392967224121,0,9.690387725830078,0.23736931383609772,0.6482755541801453
123.7940788269043,0,9.691085815429688,0.23770830035209656,0.6451357007026672
123.86084604263306,0,9.693894386291504,0.23834779858589172,0.6430507302284241
123.92761445045471,0,9.687687873840332,0.2385627031326294,0.6408327221870422
123.9943835735321,0,9.70273208618164,0.2394193410873413,0.6405901312828064
124.06115388870239,0,9.716699600219727,0.24002178013324738,0.6400749087333679
124.16131114959717,0,9.725614547729492,0.24142788350582123,0.639783501625061
124.22808384895325,0,9.731449127197266,0.24205924570560455,0.639604926109314
124.32824444770813,0,9.749425888061523,0.2430119663476944,0.6400851607322693
124.39501976966858,0,9.7647066116333,0.24384909868240356,0.6406697034835815
124.49510908126831,0,9.760148048400879,0.24425972998142242,0.6401469707489014
124.56180119514465,0,9.767019271850586,0.24514874815940857,0.6402066349983215
124.62849307060242,0,9.756643295288086,0.2450866848230362,0.6393288969993591
124.6951847076416,0,9.760575294494629,0.24544960260391235,0.6392123103141785
124.76187586784363,0,9.762606620788574,0.24571765959262848,0.6394813060760498
124.82856702804565,0,9.725407600402832,0.24483801424503326,0.6371961236000061
124.8952579498291,0,9.73029613494873,0.24536491930484772,0.6373693943023682
124.96194839477539,0,9.736189842224121,0.24574069678783417,0.6375181078910828
125.06198382377625,0,9.75187873840332,0.24628889560699463,0.6384056806564331
125.12867379188538,0,9.764005661010742,0.2466198354959488,0.6393919587135315
125.19536352157593,0,9.758378982543945,0.2465883493423462,0.6389297246932983
125.26205277442932,0,9.758146286010742,0.24632714688777924,0.6386997103691101
125.32874202728271,0,9.755033493041992,0.24619770050048828,0.638258695602417
125.36208653450012,0,9.728824615478516,0.24534587562084198,0.6365268230438232
125.42877531051636,0,9.732524871826172,0.245526522397995,0.6368693709373474
125.52882361412048,0,9.738560676574707,0.2455388754606247,0.6369838714599609
125.59552097320557,0,9.734203338623047,0.2455553412437439,0.6363456845283508
125.66221785545349,0,9.727505683898926,0.2453615814447403,0.6359487771987915
125.72891497612,0,9.753968238830566,0.24606101214885712,0.6376354098320007
125.79561161994934,0,9.758831977844238,0.24608010053634644,0.6381582617759705
125.86230826377869,0,9.744866371154785,0.2456677258014679,0.6370573043823242
125.92900466918945,0,9.745770454406738,0.24564997851848602,0.637036919593811
125.9957013130188,0,9.754170417785645,0.2463207095861435,0.6378322839736938
126.06239771842957,0,9.760396957397461,0.24647092819213867,0.638206422328949
126.12909364700317,0,9.736091613769531,0.245893195271492,0.6367522478103638
126.22913765907288,0,9.730485916137695,0.2457684576511383,0.6359472870826721
126.26248550415039,0,9.725629806518555,0.2455054074525833,0.6357468366622925
126.32918119430542,0,9.734174728393555,0.24536284804344177,0.636426568031311
126.39587688446045,0,9.748430252075195,0.24585884809494019,0.6373695135116577
126.4625723361969,0,9.748480796813965,0.24630233645439148,0.6372639536857605
126.52929282188416,0,9.769360542297363,0.24735654890537262,0.6389327645301819
126.62941145896912,0,9.755739212036133,0.24746690690517426,0.6380116939544678
126.6961579322815,0,9.739579200744629,0.24725142121315002,0.6371471285820007
126.76290464401245,0,9.732723236083984,0.24710644781589508,0.636900782585144
126.82965230941772,0,9.75034236907959,0.2468947023153305,0.6377686262130737
126.9297742843628,0,9.74873161315918,0.24612165987491608,0.6374229788780212
126.99652314186096,0,9.747550964355469,0.2455151081085205,0.6374470591545105
127.09664726257324,0,9.744464874267578,0.2450539767742157,0.6375187635421753
127.16339755058289,0,9.733993530273438,0.244704470038414,0.6369240880012512
127.23014831542969,0,9.728551864624023,0.24421146512031555,0.6364390850067139
127.29689955711365,0,9.73087215423584,0.24424174427986145,0.636482298374176
127.36365127563477,0,9.736124992370605,0.2442949414253235,0.6365670561790466
127.43040347099304,0,9.74588394165039,0.244667187333107,0.6371809244155884
127.53051257133484,0,9.730525016784668,0.24419274926185608,0.6363334655761719
127.59722375869751,0,9.724991798400879,0.24391517043113708,0.635745644569397
127.66393518447876,0,9.713988304138184,0.24339768290519714,0.6347236633300781
127.76400232315063,0,9.736588478088379,0.24408675730228424,0.6358836889266968
127.83071374893188,0,9.748950004577637,0.2444576770067215,0.6365039944648743
127.89742517471313,0,9.7568359375,0.24445219337940216,0.6372804641723633
127.99749255180359,0,9.772283554077148,0.2447182834148407,0.6379508376121521
128.06420397758484,0,9.789639472961426,0.2450619786977768,0.6388603448867798
128.1309154033661,0,9.804563522338867,0.24550604820251465,0.639359712600708
128.19762706756592,0,9.832243919372559,0.24622517824172974,0.6410579681396484
128.26433849334717,0,9.821685791015625,0.24590294063091278,0.6403042078018188
128.36440587043762,0,9.804859161376953,0.2451983094215393,0.6388764977455139
128.43111753463745,0,9.79769229888916,0.24498103559017181,0.6382220983505249
128.49782919883728,0,9.802800178527832,0.24495550990104675,0.6384596228599548
128.59792113304138,0,9.80722713470459,0.24496977031230927,0.6385431885719299
128.66465711593628,0,9.789407730102539,0.24449963867664337,0.6372243165969849
128.7313938140869,0,9.779315948486328,0.2444602996110916,0.6372199654579163
128.79813027381897,0,9.77590560913086,0.24444855749607086,0.6373500823974609
128.86486744880676,0,9.769365310668945,0.24446222186088562,0.6371763348579407
128.96497344970703,0,9.754164695739746,0.24426744878292084,0.6364454030990601
129.03171133995056,0,9.741835594177246,0.24420154094696045,0.6357079148292542
129.09844970703125,0,9.764644622802734,0.24478605389595032,0.6370378732681274
129.19855737686157,0,9.731571197509766,0.24448217451572418,0.6350829005241394
129.26529598236084,0,9.749185562133789,0.24501636624336243,0.6364200711250305
129.33203530311584,0,9.763483047485352,0.2451462596654892,0.6373449563980103
129.39877486228943,0,9.773900032043457,0.24641884863376617,0.6388711333274841
129.4655146598816,0,9.782780647277832,0.24898846447467804,0.6457193493843079
129.53225421905518,0,9.79719066619873,0.25247836112976074,0.656928539276123
129.63233137130737,0,9.833081245422363,0.2561023533344269,0.6707538962364197
129.6990509033203,0,9.880983352661133,0.25854969024658203,0.68089359998703
129.76577043533325,0,9.907405853271484,0.2596007287502289,0.6845524907112122
129.83249020576477,0,9.981729507446289,0.26250097155570984,0.686918318271637
129.8992099761963,0,10.0777587890625,0.2654067873954773,0.6869828701019287
129.96592950820923,0,10.105365753173828,0.26609525084495544,0.6816953420639038
130.03264951705933,0,10.142111778259277,0.26705408096313477,0.6784424185752869
130.09936952590942,0,10.160868644714355,0.2674010992050171,0.6751455664634705
130.16608953475952,0,10.180906295776367,0.26733142137527466,0.6731410622596741
130.2328097820282,0,10.187979698181152,0.2676433324813843,0.6712008118629456
130.29953002929688,0,10.213228225708008,0.2677231431007385,0.6708877086639404
130.36625003814697,0,10.233168601989746,0.26717182993888855,0.6704410910606384
130.43297028541565,0,10.291176795959473,0.2678079903125763,0.6725290417671204
130.4996907711029,0,10.305962562561035,0.2672854959964752,0.6722024083137512
130.56641125679016,0,10.313017845153809,0.26683637499809265,0.6716797947883606
130.63313674926758,0,10.336588859558105,0.26710087060928345,0.6721352934837341
130.69986248016357,0,10.318746566772461,0.2665627896785736,0.6700624227523804
130.73322534561157,0,10.32586669921875,0.2667332887649536,0.6697473526000977
130.83331418037415,0,10.309406280517578,0.2654309570789337,0.6683039665222168
130.9000403881073,0,10.29955005645752,0.2639443576335907,0.6672109365463257
130.9667670726776,0,10.27134895324707,0.2620275914669037,0.6650335788726807
131.03349375724792,0,10.271195411682129,0.261333167552948,0.6651028394699097
131.10022068023682,0,10.268455505371094,0.2605453431606293,0.6650323271751404
131.1669478416443,0,10.268571853637695,0.26012709736824036,0.6647930145263672
131.23367524147034,0,10.269932746887207,0.259856641292572,0.6649338603019714
131.30040287971497,0,10.260961532592773,0.2596059739589691,0.6645471453666687
131.36713075637817,0,10.277204513549805,0.25997495651245117,0.6656278371810913
131.43385910987854,0,10.281379699707031,0.26037928462028503,0.6658810973167419
131.50058722496033,0,10.276947975158691,0.2602604627609253,0.6654302477836609
131.5673155784607,0,10.272810935974121,0.2600897252559662,0.6653701066970825
131.60067462921143,0,10.264345169067383,0.25990015268325806,0.6646068096160889
131.70072889328003,0,10.260102272033691,0.2595391869544983,0.6646885871887207
131.76743125915527,0,10.262235641479492,0.25966793298721313,0.6650266647338867
131.83413338661194,0,10.29440975189209,0.26055920124053955,0.6670005321502686
131.90083527565002,0,10.289135932922363,0.2604140341281891,0.6665314435958862
131.96753668785095,0,10.294782638549805,0.2602505683898926,0.6668993234634399
132.06758856773376,0,10.289813041687012,0.26022669672966003,0.6666703820228577
132.13428926467896,0,10.252174377441406,0.2592073082923889,0.6639301776885986
132.20098996162415,0,10.25842571258545,0.2594251036643982,0.6640658378601074
132.2676899433136,0,10.250837326049805,0.259042352437973,0.663540780544281
132.33438968658447,0,10.257237434387207,0.25890785455703735,0.6638096570968628
132.40108919143677,0,10.25783634185791,0.2589132785797119,0.6635492444038391
132.46778845787048,0,10.266454696655273,0.25888994336128235,0.6642784476280212
132.5678367614746,0,10.268646240234375,0.25922471284866333,0.6646796464920044
132.63447403907776,0,10.263598442077637,0.25905841588974,0.6642664670944214
132.70104837417603,0,10.255314826965332,0.2588282525539398,0.6636731028556824
132.76762104034424,0,10.251938819885254,0.2588270306587219,0.6637024879455566
132.83419179916382,0,10.276564598083496,0.2592301368713379,0.6655597686767578
132.90076088905334,0,10.283917427062988,0.25976118445396423,0.6661847829818726
132.96732807159424,0,10.26169490814209,0.2590608596801758,0.6646631360054016
133.0671751499176,0,10.24062442779541,0.25856202840805054,0.6632625460624695
133.13373804092407,0,10.244132995605469,0.2588646411895752,0.6635855436325073
133.20029878616333,0,10.27328109741211,0.2595413625240326,0.6657578945159912
133.26685786247253,0,10.279852867126465,0.25966677069664,0.6662176251411438
133.33341526985168,0,10.281937599182129,0.26011067628860474,0.6657970547676086
133.39997053146362,0,10.279176712036133,0.2601757347583771,0.6656872034072876
133.4665241241455,0,10.294262886047363,0.2606665790081024,0.6665748953819275
133.53307580947876,0,10.28282642364502,0.26009753346443176,0.6661249995231628
133.5996277332306,0,10.25753116607666,0.2591935098171234,0.6644276976585388
133.69969511032104,0,10.255572319030762,0.25905275344848633,0.6642324328422546
133.76641130447388,0,10.238493919372559,0.25857579708099365,0.662855327129364
133.8331274986267,0,10.253593444824219,0.2591972351074219,0.663695752620697
133.89984345436096,0,10.26168155670166,0.2595707178115845,0.6640331745147705
133.99991703033447,0,10.266436576843262,0.2595064640045166,0.664271891117096
134.09999060630798,0,10.265654563903809,0.2596365511417389,0.6638651490211487
134.16670608520508,0,10.251806259155273,0.2592381238937378,0.6628685593605042
134.26677918434143,0,10.25814151763916,0.2595156133174896,0.6632676124572754
134.36685180664062,0,10.238787651062012,0.25906771421432495,0.6618266701698303
134.43356680870056,0,10.249905586242676,0.2590366005897522,0.6626064777374268
134.5336389541626,0,10.247254371643066,0.25891315937042236,0.6623413562774658
134.63371086120605,0,10.23659610748291,0.2585180699825287,0.6616173982620239
134.70042037963867,0,10.235824584960938,0.2585626244544983,0.6615573167800903
134.8004972934723,0,10.224919319152832,0.2584022879600525,0.6609846353530884
134.90057516098022,0,10.247659683227539,0.2588214576244354,0.6627622842788696
134.96729373931885,0,10.272397994995117,0.2596885561943054,0.664763867855072
135.0340130329132,0,10.253186225891113,0.2590503990650177,0.663588285446167
135.1340925693512,0,10.260967254638672,0.25911661982536316,0.6644278764724731
135.20081281661987,0,10.271260261535645,0.25932827591896057,0.6650840044021606
135.26753330230713,0,10.280009269714355,0.2598205804824829,0.6658974289894104
135.33425426483154,0,10.290855407714844,0.26033785939216614,0.666441798210144
135.43433618545532,0,10.284361839294434,0.26035821437835693,0.6658092737197876
135.50105786323547,0,10.278861999511719,0.2602471709251404,0.6652722954750061
135.56778001785278,0,10.305989265441895,0.2607765197753906,0.6673421859741211
135.63450241088867,0,10.303359031677246,0.2608882486820221,0.6670479774475098
135.73458337783813,0,10.342161178588867,0.2621225416660309,0.6772582530975342
135.80130338668823,0,10.334526062011719,0.2610050141811371,0.6917635798454285
135.90138387680054,0,10.372283935546875,0.2580614387989044,0.7164767980575562
135.96810460090637,0,10.394272804260254,0.2538691759109497,0.7376556992530823
136.0348255634308,0,10.41234302520752,0.24998147785663605,0.7529699802398682
136.1349070072174,0,10.487968444824219,0.2493288367986679,0.7645177245140076
136.20162844657898,0,10.513978958129883,0.2495543658733368,0.7666501402854919
136.26835012435913,0,10.551541328430176,0.2517063319683075,0.7654668092727661
136.33507180213928,0,10.632291793823242,0.2570829689502716,0.7632006406784058
136.43515515327454,0,10.710792541503906,0.262490451335907,0.7549874186515808
136.46851634979248,0,10.759603500366211,0.26687297224998474,0.7459001541137695
136.53523874282837,0,10.809328079223633,0.2702253460884094,0.7385513782501221
136.63532257080078,0,10.82777214050293,0.27183789014816284,0.7313064336776733
136.70203685760498,0,10.840994834899902,0.273236483335495,0.7254402041435242
136.7687327861786,0,10.866707801818848,0.27446842193603516,0.7218577265739441
136.8687767982483,0,10.876914024353027,0.2756628394126892,0.7182669043540955
136.96882009506226,0,10.884232521057129,0.2762831151485443,0.7151082754135132
137.0355155467987,0,10.904500007629395,0.2773715853691101,0.7139584422111511
137.1355586051941,0,10.905725479125977,0.2777792513370514,0.7119909524917603
137.20225358009338,0,10.892640113830566,0.2780631184577942,0.7092523574829102
137.30229544639587,0,10.880342483520508,0.2778864800930023,0.7071468234062195
137.3689901828766,0,10.886367797851562,0.2782328426837921,0.7064815163612366
137.46903157234192,0,10.878023147583008,0.2779107689857483,0.704745352268219
137.53572607040405,0,10.88980484008789,0.2781418263912201,0.7048661708831787
137.60241985321045,0,10.899234771728516,0.2784888744354248,0.7048428058624268
137.70246052742004,0,10.911712646484375,0.2791617214679718,0.705135703086853
137.76918268203735,0,10.90418815612793,0.2788674831390381,0.7044639587402344
137.8692662715912,0,10.913487434387207,0.27909693121910095,0.7047945857048035
137.93598866462708,0,10.91767692565918,0.2788190543651581,0.7048876285552979
138.00271153450012,0,10.922832489013672,0.27870842814445496,0.7051845788955688
138.10279607772827,0,10.924278259277344,0.27906882762908936,0.7050904631614685
138.20288109779358,0,10.941099166870117,0.28000813722610474,0.7059485912322998
138.26960468292236,0,10.92025375366211,0.27962446212768555,0.7046131491661072
138.3696904182434,0,10.910555839538574,0.2792077362537384,0.7037432789802551
138.46977639198303,0,10.909308433532715,0.2791464030742645,0.7035741209983826
138.53650093078613,0,10.930449485778809,0.27973076701164246,0.7050021290779114
138.63658785820007,0,10.942713737487793,0.27938151359558105,0.7057979106903076
138.70331239700317,0,10.924789428710938,0.27854645252227783,0.704559326171875
138.80339074134827,0,10.952221870422363,0.2787601053714752,0.7055090665817261
138.90347933769226,0,10.951375007629395,0.27855440974235535,0.7050415277481079
139.00356817245483,0,10.952680587768555,0.2789155840873718,0.7047306895256042
139.070294380188,0,10.948192596435547,0.2788677215576172,0.7039287686347961
139.13702011108398,0,10.929037094116211,0.278796523809433,0.7022711634635925
139.23710942268372,0,10.933460235595703,0.2791455388069153,0.7026872038841248
139.30383563041687,0,10.929567337036133,0.27904006838798523,0.7028548717498779
139.4039249420166,0,10.925447463989258,0.27921780943870544,0.7030843496322632
139.4706516265869,0,10.918386459350586,0.27888810634613037,0.7029803991317749
139.57074117660522,0,10.926323890686035,0.27916622161865234,0.7036149501800537
139.67083096504211,0,10.913230895996094,0.2787720263004303,0.7028177976608276
139.73755741119385,0,10.920743942260742,0.27889227867126465,0.7033700942993164
139.8376591205597,0,10.907384872436523,0.2782358229160309,0.702498733997345
139.90440845489502,0,10.903290748596191,0.2783188223838806,0.7021961212158203
140.00453352928162,0,10.899529457092285,0.2785034775733948,0.7017738819122314
140.071284532547,0,10.912029266357422,0.27886906266212463,0.7028043866157532
140.17141246795654,0,10.906092643737793,0.2785457968711853,0.7024888396263123
140.23816537857056,0,10.909355163574219,0.2788203954696655,0.7030165195465088
140.30491876602173,0,10.91025161743164,0.2787976562976837,0.703252911567688
140.40505075454712,0,10.896482467651367,0.2780837416648865,0.7019765973091125
140.47180581092834,0,10.908828735351562,0.27829471230506897,0.7027425169944763
140.5385618209839,0,10.9057035446167,0.27841266989707947,0.7027456164360046
140.63869714736938,0,10.904475212097168,0.278143048286438,0.7026662826538086
140.70545506477356,0,10.908629417419434,0.2784169018268585,0.702670693397522
140.80557775497437,0,10.893529891967773,0.27810797095298767,0.7017374634742737
140.8723075389862,0,10.90505313873291,0.2786276936531067,0.7040504813194275
140.97240233421326,0,10.924083709716797,0.28071555495262146,0.7148448824882507
141.0391321182251,0,10.932055473327637,0.28246182203292847,0.7299548387527466
141.13922762870789,0,10.978076934814453,0.28486236929893494,0.7522772550582886
141.20595812797546,0,11.028887748718262,0.2868697941303253,0.7705788612365723
141.3060541152954,0,11.07273006439209,0.2891053557395935,0.7808279395103455
141.37278485298157,0,11.100454330444336,0.290352463722229,0.7844012379646301
141.47288131713867,0,11.126442909240723,0.29096144437789917,0.7830616235733032
141.539612531662,0,11.20979118347168,0.2931845784187317,0.7831118106842041
141.63970947265625,0,11.277899742126465,0.2946135997772217,0.7795493006706238
141.70644092559814,0,11.332390785217285,0.2950315475463867,0.7747093439102173
141.77317237854004,0,11.363322257995605,0.2948882281780243,0.7697246670722961
141.87330746650696,0,11.391430854797363,0.29456421732902527,0.7653225064277649
141.97347712516785,0,11.397523880004883,0.2921922504901886,0.7599826455116272
142.07364892959595,0,11.423497200012207,0.2899794280529022,0.7567842602729797
142.17382192611694,0,11.446044921875,0.2885398268699646,0.7544533014297485
142.27399682998657,0,11.464042663574219,0.2896869480609894,0.7524513602256775
142.34078097343445,0,11.495774269104004,0.29172492027282715,0.752079427242279
142.44095849990845,0,11.497122764587402,0.2928851246833801,0.7502845525741577
142.50774455070496,0,11.540210723876953,0.29451730847358704,0.7515403032302856
142.60792469978333,0,11.559232711791992,0.29518288373947144,0.7512596845626831
142.67471265792847,0,11.58224105834961,0.29562410712242126,0.7514206171035767
142.74150109291077,0,11.580052375793457,0.29581373929977417,0.7503564357757568
142.84164881706238,0,11.575411796569824,0.29581424593925476,0.7493560314178467
142.9084975719452,0,11.591974258422852,0.2961471676826477,0.7497138977050781
143.0087742805481,0,11.594883918762207,0.29625844955444336,0.749177873134613
143.0756278038025,0,11.601764678955078,0.29619139432907104,0.7490609288215637
143.17591166496277,0,11.592371940612793,0.29575231671333313,0.7481308579444885
143.24277019500732,0,11.607421875,0.29644057154655457,0.7486373782157898
143.34306120872498,0,11.603535652160645,0.29640981554985046,0.7480443120002747
143.40992403030396,0,11.60753059387207,0.2964159846305847,0.7482072710990906
143.47678899765015,0,11.628593444824219,0.29681167006492615,0.749416708946228
143.57708978652954,0,11.639617919921875,0.29730215668678284,0.7501330971717834
143.64395928382874,0,11.637663841247559,0.29698634147644043,0.7497158646583557
143.71083092689514,0,11.657023429870605,0.2972300350666046,0.7508269548416138
143.81114172935486,0,11.651198387145996,0.2967490255832672,0.7505281567573547
143.9112696647644,0,11.678406715393066,0.2975892424583435,0.7523185610771179
143.9779613018036,0,11.668176651000977,0.29760903120040894,0.7517714500427246
144.07799792289734,0,11.653790473937988,0.29708290100097656,0.7508569359779358
144.17803382873535,0,11.637459754943848,0.2969313859939575,0.7497588992118835
144.24472403526306,0,11.621265411376953,0.2967127859592438,0.748757541179657
144.3447585105896,0,11.63100814819336,0.2968517541885376,0.7495088577270508
144.4447922706604,0,11.636483192443848,0.2971365451812744,0.7499483227729797
144.51148128509521,0,11.627549171447754,0.29682451486587524,0.7494621276855469
144.57816982269287,0,11.62363338470459,0.29683443903923035,0.749289333820343
144.6782021522522,0,11.614424705505371,0.296504408121109,0.748559832572937
144.74488973617554,0,11.618597984313965,0.29643872380256653,0.7486310005187988
144.8115770816803,0,11.629504203796387,0.2967129051685333,0.7492870092391968
144.9116337299347,0,11.637970924377441,0.2970884442329407,0.7501399517059326
145.0116765499115,0,11.621232986450195,0.29650670289993286,0.7492542266845703
145.07837176322937,0,11.627527236938477,0.2964935600757599,0.7499097585678101
145.1784143447876,0,11.623449325561523,0.29636815190315247,0.7495603561401367
145.2451093196869,0,11.619982719421387,0.29614654183387756,0.7491021752357483
145.34515142440796,0,11.600113868713379,0.29582807421684265,0.7477181553840637
145.41184616088867,0,11.612504959106445,0.29582807421684265,0.748620331287384
145.51188802719116,0,11.64182186126709,0.2967258393764496,0.7503429651260376
145.5785825252533,0,11.661214828491211,0.2970772385597229,0.7514991760253906
145.67862391471863,0,11.670770645141602,0.2972237467765808,0.7522387504577637
145.77866554260254,0,11.651566505432129,0.29705461859703064,0.7510757446289062
145.84535956382751,0,11.641531944274902,0.29683807492256165,0.7504590153694153
145.94543743133545,0,11.637197494506836,0.29679301381111145,0.7500950694084167
146.0455355644226,0,11.635482788085938,0.29657718539237976,0.7497565746307373
146.11226773262024,0,11.638415336608887,0.29667335748672485,0.7497082352638245
146.27909994125366,0,11.640893936157227,0.2966279089450836,0.7497086524963379
146.37920022010803,0,11.650639533996582,0.29688510298728943,0.7499282360076904
146.47930121421814,0,11.634566307067871,0.2964555323123932,0.7487090826034546
146.5794026851654,0,11.62560749053955,0.29609185457229614,0.7481732964515686
146.64613723754883,0,11.622532844543457,0.2956623435020447,0.7482805252075195
146.746239900589,0,11.609065055847168,0.29532524943351746,0.7473894357681274
146.81297516822815,0,11.614060401916504,0.29555898904800415,0.7477983832359314
146.87971091270447,0,11.625606536865234,0.2959187924861908,0.7487305402755737
146.97976279258728,0,11.640302658081055,0.2969626486301422,0.7497815489768982
147.04644656181335,0,11.641331672668457,0.2969833016395569,0.7535208463668823
147.11313009262085,0,11.607290267944336,0.2950679361820221,0.7611525058746338
147.1798131465912,0,11.587352752685547,0.2927320897579193,0.7747704386711121
147.24649596214294,0,11.59634780883789,0.29079291224479675,0.7923871278762817
147.31317853927612,0,11.614459037780762,0.2885352373123169,0.80869060754776
147.37986063957214,0,11.628522872924805,0.28615516424179077,0.8206658363342285
147.44654273986816,0,11.673540115356445,0.28475672006607056,0.828443706035614
147.51322436332703,0,11.73011589050293,0.28508850932121277,0.8303292393684387
147.57990550994873,0,11.747821807861328,0.28611838817596436,0.8264161348342896
147.64658641815186,0,11.799144744873047,0.2889881730079651,0.8241916298866272
147.7132670879364,0,11.853486061096191,0.29349738359451294,0.8208058476448059
147.77994751930237,0,11.90230941772461,0.29874148964881897,0.816402792930603
147.8466272354126,0,11.934300422668457,0.3034748435020447,0.8103665709495544
147.879967212677,0,11.977452278137207,0.30831605195999146,0.8061873912811279
147.98000383377075,0,12.023579597473145,0.3119255304336548,0.802577793598175
148.04666686058044,0,12.022236824035645,0.31277018785476685,0.79723060131073
148.1133291721344,0,12.005814552307129,0.31249165534973145,0.7917532920837402
148.21332168579102,0,12.036169052124023,0.3120110332965851,0.7905039191246033
148.2799825668335,0,12.025131225585938,0.3098513185977936,0.7867841124534607
148.34664297103882,0,12.047013282775879,0.30889615416526794,0.7860569953918457
148.41330289840698,0,12.068981170654297,0.30806899070739746,0.7856513857841492
148.4799621105194,0,12.05549144744873,0.30695608258247375,0.7833887934684753
148.51329135894775,0,12.068991661071777,0.3067023754119873,0.7828963994979858
148.57994961738586,0,12.079516410827637,0.30606499314308167,0.782681405544281
148.64660739898682,0,12.07184886932373,0.30514857172966003,0.7816647887229919
148.679936170578,0,12.052346229553223,0.30411139130592346,0.7795380353927612
148.74659299850464,0,12.050765037536621,0.30364567041397095,0.7787754535675049
148.8465769290924,0,12.079194068908691,0.3039454221725464,0.7802693247795105
148.87990498542786,0,12.0741548538208,0.3035232126712799,0.7793360948562622
148.9798481464386,0,12.118837356567383,0.3044789135456085,0.7815350890159607
149.01313471794128,0,12.114479064941406,0.303846538066864,0.7811622023582458
149.07970571517944,0,12.092546463012695,0.303458571434021,0.7798582315444946
149.14627408981323,0,12.096224784851074,0.30361708998680115,0.7799995541572571
149.21283984184265,0,12.077932357788086,0.303106427192688,0.7786881327629089
149.27940273284912,0,12.081761360168457,0.3032912611961365,0.7787812352180481
149.31268334388733,0,12.09146499633789,0.3037686049938202,0.7793826460838318
149.37924218177795,0,12.104031562805176,0.30444368720054626,0.7797335982322693
149.4457983970642,0,12.117060661315918,0.3047580122947693,0.7805161476135254
149.51235222816467,0,12.125520706176758,0.3060510456562042,0.781341016292572
149.54562783241272,0,12.154762268066406,0.3075534701347351,0.7837037444114685
149.61217737197876,0,12.159324645996094,0.3086579144001007,0.7844800353050232
149.678724527359,0,12.167789459228516,0.3094954788684845,0.7849910259246826
149.74526858329773,0,12.183527946472168,0.3103514611721039,0.7863660454750061
149.81181025505066,0,12.173563957214355,0.3107995390892029,0.7855589389801025
149.87834906578064,0,12.187161445617676,0.31154030561447144,0.786505937576294
149.94488739967346,0,12.16581916809082,0.3112054467201233,0.785051167011261
149.9782395362854,0,12.165977478027344,0.31145167350769043,0.7847477793693542
150.0782332420349,0,12.16490650177002,0.3114655017852783,0.7850519418716431
150.1448950767517,0,12.136734008789062,0.3108655512332916,0.7831215858459473
150.1782259941101,0,12.116240501403809,0.3102186322212219,0.7817063331604004
150.2448868751526,0,12.124266624450684,0.3104950487613678,0.7824220657348633
150.3115472793579,0,12.116863250732422,0.3106001317501068,0.7815820574760437
150.37820720672607,0,12.122190475463867,0.31087392568588257,0.7819169759750366
150.44486665725708,0,12.106449127197266,0.310769647359848,0.7808650135993958
150.51152539253235,0,12.087162017822266,0.3101760447025299,0.7793097496032715
150.57818341255188,0,12.10294246673584,0.31054410338401794,0.7805140018463135
150.64484119415283,0,12.099154472351074,0.3102862536907196,0.7802790999412537
150.71149826049805,0,12.101317405700684,0.31052568554878235,0.7805300354957581
150.77815461158752,0,12.08324146270752,0.31010881066322327,0.7794062495231628
150.81148290634155,0,12.077082633972168,0.3098929822444916,0.7790203094482422
150.8781385421753,0,12.07950496673584,0.3096849024295807,0.7791919112205505
150.94479370117188,0,12.101202011108398,0.310110867023468,0.7804248332977295
151.0114390850067,0,12.129136085510254,0.3109530806541443,0.7821136713027954
151.0780735015869,0,12.099510192871094,0.3101101815700531,0.7799423933029175
151.14470648765564,0,12.067816734313965,0.30905210971832275,0.7775375247001648
151.21133852005005,0,12.054207801818848,0.308711975812912,0.7762293815612793
151.27796936035156,0,12.04552173614502,0.30842703580856323,0.7753657102584839
151.34459924697876,0,12.013298034667969,0.3077601492404938,0.7730507850646973
151.41122794151306,0,12.022082328796387,0.3080533742904663,0.7735471129417419
151.47785568237305,0,12.020913124084473,0.30800169706344604,0.7733984589576721
151.54448199272156,0,12.016865730285645,0.3079628646373749,0.7731451988220215
151.61110734939575,0,12.033530235290527,0.30866196751594543,0.7744055390357971
151.67773175239563,0,12.03069019317627,0.30870193243026733,0.7743265628814697
151.7443549633026,0,12.034598350524902,0.30865925550460815,0.774613618850708
151.8109769821167,0,12.051692008972168,0.30913597345352173,0.7760224938392639
151.87759804725647,0,12.090286254882812,0.3100816309452057,0.778800904750824
151.94421792030334,0,12.094470977783203,0.310126394033432,0.7794260382652283
152.0108745098114,0,12.101093292236328,0.31012576818466187,0.7795475125312805
152.07754397392273,0,12.093856811523438,0.3100433051586151,0.779169499874115
152.14421319961548,0,12.068246841430664,0.309318870306015,0.7773988842964172
152.21088194847107,0,12.060368537902832,0.3090822696685791,0.7768327593803406
152.2775502204895,0,12.067169189453125,0.30899152159690857,0.7770485281944275
152.3442177772522,0,12.053140640258789,0.3088688552379608,0.7761324644088745
152.41088461875916,0,12.052624702453613,0.30892816185951233,0.7761716842651367
152.47755122184753,0,12.02554702758789,0.3084091246128082,0.7741661071777344
152.51088428497314,0,12.05345630645752,0.30914604663848877,0.7759960889816284
152.57754969596863,0,12.075891494750977,0.30962324142456055,0.7775970697402954
152.64421463012695,0,12.07633113861084,0.3095523416996002,0.7779410481452942
152.7108793258667,0,12.077552795410156,0.30987608432769775,0.7777082920074463
152.7775433063507,0,12.083024024963379,0.3099650740623474,0.7782864570617676
152.81087517738342,0,12.095266342163086,0.3103201687335968,0.7795298099517822
152.87753820419312,0,12.103189468383789,0.3104144036769867,0.7802391648292542
152.94420075416565,0,12.143256187438965,0.3111726939678192,0.7828789949417114
153.01086282730103,0,12.145162582397461,0.31137338280677795,0.7833621501922607
153.0775089263916,0,12.145105361938477,0.3116258978843689,0.7836254835128784
153.1441535949707,0,12.1351957321167,0.3113800883293152,0.7830530405044556
153.21079754829407,0,12.158856391906738,0.31224438548088074,0.7845058441162109
153.27744054794312,0,12.168506622314453,0.3123491108417511,0.7852311730384827
153.34408235549927,0,12.163655281066895,0.31231391429901123,0.7847954034805298
153.4107232093811,0,12.168166160583496,0.3123556673526764,0.7850872874259949
153.4773633480072,0,12.143464088439941,0.31170904636383057,0.7835469245910645
153.51068305969238,0,12.139281272888184,0.3118921220302582,0.7830848693847656
153.57732152938843,0,12.121405601501465,0.3113449811935425,0.7819343209266663
153.64395904541016,0,12.126269340515137,0.3114609718322754,0.782280445098877
153.71059560775757,0,12.083184242248535,0.30920666456222534,0.7795390486717224
153.77723121643066,0,12.069024085998535,0.3043118715286255,0.7788195013999939
153.84386563301086,0,12.121837615966797,0.29739055037498474,0.7838757038116455
153.91049933433533,0,12.188202857971191,0.28975725173950195,0.7890111804008484
153.9438157081604,0,12.255057334899902,0.2847079038619995,0.7944139838218689
154.01044869422913,0,12.27442455291748,0.28270652890205383,0.79865562915802
154.0771245956421,0,12.319742202758789,0.2863553762435913,0.8067886233329773
154.14379572868347,0,12.36736011505127,0.2932511270046234,0.8155257105827332
154.17713117599487,0,12.440513610839844,0.3013951778411865,0.8253319263458252
154.2438018321991,0,12.43973159790039,0.3088499903678894,0.8281242251396179
154.31047177314758,0,12.49581241607666,0.3174566924571991,0.8332244753837585
154.3771414756775,0,12.534557342529297,0.3256204128265381,0.8352867364883423
154.41047596931458,0,12.603193283081055,0.33348435163497925,0.8381296992301941
154.47714495658875,0,12.650799751281738,0.3378082811832428,0.8378998637199402
154.54381322860718,0,12.621726989746094,0.33858686685562134,0.8322266936302185
154.61048102378845,0,12.664898872375488,0.3403259515762329,0.8314205408096313
154.67714858055115,0,12.669206619262695,0.3399338126182556,0.8285303115844727
154.7438154220581,0,12.674016952514648,0.3385789692401886,0.8269493579864502
154.8104817867279,0,12.674083709716797,0.3353683650493622,0.8256895542144775
154.87714791297913,0,12.673745155334473,0.3322249948978424,0.824475109577179
154.9438133239746,0,12.699966430664062,0.33007916808128357,0.8248018026351929
155.01047825813293,0,12.692497253417969,0.3278856873512268,0.8235070109367371
155.07715845108032,0,12.713217735290527,0.3267640173435211,0.823840320110321
155.14385390281677,0,12.706557273864746,0.32507026195526123,0.8227935433387756
155.21054911613464,0,12.699701309204102,0.323862761259079,0.8219947218894958
155.31059217453003,0,12.683449745178223,0.3225838840007782,0.8204960823059082
155.4773302078247,0,12.685999870300293,0.32208117842674255,0.8203885555267334
155.544025182724,0,12.688440322875977,0.3217965364456177,0.820120632648468
155.61072039604187,0,12.646510124206543,0.32056888937950134,0.8176355957984924
155.7107629776001,0,12.661456108093262,0.3208705484867096,0.8182970285415649
155.77745819091797,0,12.697101593017578,0.3218393623828888,0.8202155232429504
155.84415316581726,0,12.735371589660645,0.3228977620601654,0.8225054740905762
155.91084814071655,0,12.761963844299316,0.3243006765842438,0.8241657614707947
155.97754287719727,0,12.778133392333984,0.32567375898361206,0.8248644471168518
156.04423761367798,0,12.786629676818848,0.32636377215385437,0.8251416683197021
156.1109356880188,0,12.823700904846191,0.32774773240089417,0.827032744884491
156.17765545845032,0,12.840005874633789,0.3283666670322418,0.8278841376304626
156.24437522888184,0,12.850643157958984,0.329103946685791,0.8285366892814636
156.3110954761505,0,12.833928108215332,0.32882699370384216,0.8272011280059814
156.34445571899414,0,12.826613426208496,0.32878878712654114,0.8266487717628479
156.4111762046814,0,12.79760456085205,0.32819804549217224,0.8243579268455505
156.4778971672058,0,12.822220802307129,0.32907646894454956,0.8260990381240845
156.5446183681488,0,12.859321594238281,0.3300212323665619,0.8288242220878601
156.61133980751038,0,12.876592636108398,0.33029916882514954,0.8302815556526184
156.64470052719116,0,12.876148223876953,0.33035826683044434,0.8302610516548157
156.7114224433899,0,12.877786636352539,0.3303951323032379,0.8301371335983276
156.7781445980072,0,12.871688842773438,0.3302963078022003,0.8297511339187622
156.8448669910431,0,12.874410629272461,0.33072638511657715,0.8295087814331055
156.87822842597961,0,12.891188621520996,0.3308177888393402,0.8304747939109802
156.94495129585266,0,12.910682678222656,0.33155885338783264,0.8317856192588806
157.01167464256287,0,12.92818546295166,0.33182069659233093,0.8327328562736511
157.0783975124359,0,12.887079238891602,0.3307468593120575,0.8301273584365845
157.14509868621826,0,12.881851196289062,0.3309849798679352,0.8301895260810852
157.2118227481842,0,12.882100105285645,0.33086851239204407,0.8301498293876648
157.27854681015015,0,12.867812156677246,0.3303908109664917,0.8289927840232849
157.3119089603424,0,12.845233917236328,0.32995009422302246,0.8277376294136047
157.37863397598267,0,12.832289695739746,0.3300257623195648,0.8270003199577332
157.4453592300415,0,12.840116500854492,0.33051633834838867,0.8274586200714111
157.5120849609375,0,12.83688735961914,0.3308200240135193,0.8271840810775757
157.5454478263855,0,12.79833984375,0.3305046856403351,0.8247196078300476
157.61217403411865,0,12.806356430053711,0.3307248055934906,0.8254268765449524
157.67890048027039,0,12.81374454498291,0.33146849274635315,0.8257078528404236
157.74562764167786,0,12.811814308166504,0.33156558871269226,0.8252399563789368
157.81235480308533,0,12.812992095947266,0.331677109003067,0.8253104090690613
157.87908267974854,0,12.815427780151367,0.33188602328300476,0.8252858519554138
157.9458110332489,0,12.833291053771973,0.33249929547309875,0.8267773985862732
157.9791750907898,0,12.8070707321167,0.33155813813209534,0.8253340125083923
158.04590392112732,0,12.830251693725586,0.3316953480243683,0.826761782169342
158.11263251304626,0,12.83823013305664,0.3315720856189728,0.827326238155365
158.17937016487122,0,12.837739944458008,0.33160510659217834,0.8271631598472595
158.21273946762085,0,12.821715354919434,0.3312155306339264,0.8257915377616882
158.27947854995728,0,12.763734817504883,0.3300110399723053,0.8223738670349121
158.31284880638123,0,12.76516342163086,0.33000510931015015,0.8228583335876465
158.3795895576477,0,12.78237247467041,0.33051833510398865,0.8241234421730042
158.4463312625885,0,12.777350425720215,0.33028480410575867,0.8238284587860107
158.5130739212036,0,12.805697441101074,0.3306838274002075,0.825373113155365
158.57981777191162,0,12.789743423461914,0.33028170466423035,0.8240487575531006
158.64656233787537,0,12.79595947265625,0.3303750157356262,0.8243691325187683
158.713308095932,0,12.83131217956543,0.33080801367759705,0.8264186978340149
158.7466812133789,0,12.809821128845215,0.33065280318260193,0.8247707486152649
158.81342840194702,0,12.815359115600586,0.33126914501190186,0.825533390045166
158.88017630577087,0,12.799464225769043,0.33101868629455566,0.824571430683136
158.91355085372925,0,12.788249969482422,0.33108437061309814,0.8235740065574646
158.98030042648315,0,12.783519744873047,0.3310312330722809,0.8230087757110596
159.04705095291138,0,12.793192863464355,0.33137017488479614,0.823479413986206
159.11380171775818,0,12.779701232910156,0.33124297857284546,0.8230093121528625
159.1471462249756,0,12.785207748413086,0.33123767375946045,0.8232318162918091
159.21391534805298,0,12.774277687072754,0.3310220539569855,0.822647750377655
159.28068614006042,0,12.786614418029785,0.3314063549041748,0.8234891891479492
159.3474588394165,0,12.789907455444336,0.33133450150489807,0.8234144449234009
159.41423344612122,0,12.805136680603027,0.3315323293209076,0.824390172958374
159.48100996017456,0,12.787714004516602,0.3312916159629822,0.8233819603919983
159.54778814315796,0,12.776214599609375,0.3311500549316406,0.8225539326667786
159.58117818832397,0,12.741690635681152,0.3303397297859192,0.8206849098205566
159.64795923233032,0,12.7805814743042,0.3312207758426666,0.823363721370697
159.7147421836853,0,12.781112670898438,0.33115705847740173,0.8231478929519653
159.74813413619995,0,12.777730941772461,0.33095476031303406,0.8225871324539185
159.8149197101593,0,12.77590560913086,0.3308928310871124,0.8224014639854431
159.88170719146729,0,12.782795906066895,0.3308597803115845,0.8230971097946167
159.91510152816772,0,12.801607131958008,0.3313416540622711,0.8242936134338379
159.98189163208008,0,12.793139457702637,0.33107027411460876,0.8237672448158264
160.04868364334106,0,12.81273365020752,0.3317886292934418,0.8252370953559875
160.11547780036926,0,12.816784858703613,0.33209455013275146,0.8252899050712585
160.1488742828369,0,12.825767517089844,0.33210551738739014,0.8262693881988525
160.21565318107605,0,12.802909851074219,0.3316689729690552,0.8249684572219849
160.28243327140808,0,12.834010124206543,0.3324565589427948,0.8269814848899841
160.34921431541443,0,12.848526954650879,0.33273717761039734,0.8276411890983582
160.41599655151367,0,12.847494125366211,0.332777202129364,0.8278624415397644
160.48277974128723,0,12.840968132019043,0.3325973451137543,0.8275706171989441
160.5495641231537,0,12.819835662841797,0.3320525884628296,0.8261410593986511
160.61634945869446,0,12.820002555847168,0.33201417326927185,0.8258547186851501
160.68313598632812,0,12.805354118347168,0.3317648768424988,0.8251261711120605
160.7499234676361,0,12.795258522033691,0.33126434683799744,0.8242391347885132
160.78331780433655,0,12.831548690795898,0.33286091685295105,0.8266554474830627
160.850106716156,0,12.818887710571289,0.3326584994792938,0.8264870047569275
160.91689705848694,0,12.843006134033203,0.3324451446533203,0.831609845161438
160.9836883544922,0,12.785653114318848,0.3299223482608795,0.8366743922233582
161.05048084259033,0,12.787391662597656,0.3293570280075073,0.8518297672271729
161.08387756347656,0,12.84154224395752,0.33045482635498047,0.8707049489021301
161.15067052841187,0,12.841028213500977,0.331459641456604,0.890023410320282
161.21735787391663,0,12.889575958251953,0.33441033959388733,0.9125024676322937
161.28402137756348,0,12.959903717041016,0.3378669023513794,0.9334645867347717
161.35068440437317,0,13.012386322021484,0.3407825529575348,0.9473674297332764
161.4173469543457,0,13.037922859191895,0.342978298664093,0.9532225728034973
161.51733994483948,0,13.082200050354004,0.34519073367118835,0.9491861462593079
161.58400130271912,0,13.134010314941406,0.34730637073516846,0.94094318151474
161.6506621837616,0,13.10173511505127,0.34588882327079773,0.9239530563354492
161.7173228263855,0,13.145143508911133,0.34788304567337036,0.9102925658226013
161.78398275375366,0,13.147984504699707,0.34850433468818665,0.8971395492553711
161.85064244270325,0,13.17384147644043,0.3496389091014862,0.8883193135261536
161.9173014163971,0,13.182439804077148,0.35010817646980286,0.8804105520248413
161.98396015167236,0,13.19454574584961,0.35038623213768005,0.8744952082633972
162.0506181716919,0,13.22264289855957,0.3496851921081543,0.8712202310562134
162.11727571487427,0,13.242781639099121,0.3484675884246826,0.8684903979301453
162.18393349647522,0,13.263605117797852,0.34745198488235474,0.8666942715644836
162.25064969062805,0,13.3015775680542,0.34661558270454407,0.8664639592170715
162.31737565994263,0,13.29170036315918,0.3449638783931732,0.8635764718055725
162.38410186767578,0,13.286920547485352,0.3438286781311035,0.8610802292823792
162.45082902908325,0,13.314868927001953,0.3434615731239319,0.8613731861114502
162.5175564289093,0,13.34737491607666,0.3435652256011963,0.8623558282852173
162.58428478240967,0,13.390716552734375,0.34402045607566833,0.8636707067489624
162.65101385116577,0,13.383102416992188,0.34352052211761475,0.8627764582633972
162.71774339675903,0,13.35920238494873,0.34279486536979675,0.8608296513557434
162.78447341918945,0,13.353499412536621,0.342591255903244,0.8602858185768127
162.8512043952942,0,13.348967552185059,0.3425576090812683,0.8600972890853882
162.88457012176514,0,13.385519981384277,0.34348270297050476,0.8624894022941589
162.9513018131256,0,13.387188911437988,0.34388044476509094,0.8622902035713196
163.01803421974182,0,13.366964340209961,0.34320351481437683,0.8610468506813049
163.0514006614685,0,13.389494895935059,0.34394571185112,0.8627688884735107
163.1181342601776,0,13.391704559326172,0.3441348373889923,0.8628806471824646
163.18486833572388,0,13.358924865722656,0.3430773913860321,0.8605180382728577
163.25156927108765,0,13.40644359588623,0.3445553481578827,0.8634234666824341
163.3182373046875,0,13.405686378479004,0.34477511048316956,0.8633342385292053
163.38490462303162,0,13.413030624389648,0.34466633200645447,0.8639590740203857
163.45157170295715,0,13.412154197692871,0.3445712625980377,0.8637984991073608
163.51823830604553,0,13.41268539428711,0.3444827198982239,0.8636997938156128
163.58490467071533,0,13.405827522277832,0.3444909453392029,0.8629249334335327
163.61823773384094,0,13.415247917175293,0.3447053134441376,0.8633251190185547
163.684903383255,0,13.391881942749023,0.3446364998817444,0.8618912696838379
163.7515687942505,0,13.416534423828125,0.3456066846847534,0.8635739088058472
163.78490138053894,0,13.4094820022583,0.34533625841140747,0.8631324172019958
163.8515660762787,0,13.390199661254883,0.3448924422264099,0.8619256019592285
163.88489818572998,0,13.396804809570312,0.3449421525001526,0.8623837828636169
163.95156240463257,0,13.394021034240723,0.34530705213546753,0.861827552318573
164.01822590827942,0,13.362163543701172,0.3442550003528595,0.8600039482116699
164.08488965034485,0,13.366915702819824,0.3444717824459076,0.8605231046676636
164.15155243873596,0,13.400741577148438,0.34539124369621277,0.8627368807792664
164.21821546554565,0,13.407642364501953,0.3456222414970398,0.8630118370056152
164.25156211853027,0,13.399881362915039,0.34584707021713257,0.8626391291618347
164.31825494766235,0,13.395092010498047,0.34579434990882874,0.8622859120368958
164.384948015213,0,13.368420600891113,0.3447358012199402,0.8604726791381836
164.45164036750793,0,13.34306526184082,0.3439672887325287,0.8593240976333618
164.55167889595032,0,13.35468578338623,0.344151109457016,0.8597670197486877
164.5850248336792,0,13.361371040344238,0.3442477285861969,0.8600739240646362
164.65171670913696,0,13.38346004486084,0.34484097361564636,0.8615341186523438
164.71840834617615,0,13.411989212036133,0.34620580077171326,0.8634464144706726
164.78509998321533,0,13.434418678283691,0.3476176857948303,0.8644576072692871
164.85179138183594,0,13.436988830566406,0.3484959602355957,0.8642248511314392
164.91848230361938,0,13.416449546813965,0.3481318950653076,0.862775444984436
164.98517322540283,0,13.410828590393066,0.34753555059432983,0.8625895380973816
165.05186414718628,0,13.395061492919922,0.346749871969223,0.8611152172088623
165.08520936965942,0,13.391112327575684,0.3468824028968811,0.8612972497940063
165.1518998146057,0,13.357501983642578,0.3462153673171997,0.8591604232788086
165.218590259552,0,13.356633186340332,0.3460705280303955,0.8592305183410645
165.28529286384583,0,13.407499313354492,0.34725677967071533,0.8620879054069519
165.3519904613495,0,13.394333839416504,0.34706735610961914,0.8610557913780212
165.38533902168274,0,13.40208911895752,0.34764519333839417,0.8614344000816345
165.45203614234924,0,13.399776458740234,0.3472132384777069,0.8617968559265137
165.5187327861786,0,13.367868423461914,0.34639254212379456,0.8599916100502014
165.58542943000793,0,13.377082824707031,0.34644219279289246,0.8606782555580139
165.65212535858154,0,13.360897064208984,0.34575867652893066,0.859378457069397
165.71882128715515,0,13.360930442810059,0.34542062878608704,0.8587865829467773
165.75216913223267,0,13.403226852416992,0.3466532528400421,0.8611421585083008
165.81886458396912,0,13.405709266662598,0.34666019678115845,0.8604831099510193
165.85221195220947,0,13.33332347869873,0.34467294812202454,0.8557976484298706
165.91890716552734,0,13.316019058227539,0.3445188105106354,0.8543742895126343
165.98560190200806,0,13.31697940826416,0.34463784098625183,0.8544113636016846
166.0522964000702,0,13.33338451385498,0.3451540470123291,0.8556135296821594
166.08564352989197,0,13.348953247070312,0.34564533829689026,0.8567814230918884
166.15233755111694,0,13.30679702758789,0.34468239545822144,0.8541790843009949
166.21903109550476,0,13.261140823364258,0.34342843294143677,0.8510718941688538
166.28572416305542,0,13.272787094116211,0.3434825837612152,0.851585865020752
166.35241627693176,0,13.286843299865723,0.34368595480918884,0.8526521921157837
166.41910815238953,0,13.323665618896484,0.34484466910362244,0.8553525805473328
166.4857997894287,0,13.357732772827148,0.3457452058792114,0.8582132458686829
166.55249118804932,0,13.393156051635742,0.3470463454723358,0.8604373931884766
166.61918234825134,0,13.417509078979492,0.34783512353897095,0.8621619939804077
166.6858730316162,0,13.400068283081055,0.34706318378448486,0.8612744212150574
166.75256371498108,0,13.392318725585938,0.3468114733695984,0.8612704873085022
166.81925415992737,0,13.408013343811035,0.3468102812767029,0.8616323471069336
166.8859441280365,0,13.389379501342773,0.34746408462524414,0.8616008758544922
166.95263409614563,0,13.401350021362305,0.3495209515094757,0.8665024638175964
166.9859790802002,0,13.441277503967285,0.35273030400276184,0.8749825954437256
167.05266880989075,0,13.478508949279785,0.35547396540641785,0.8886889815330505
167.11935806274414,0,13.477896690368652,0.3587471842765808,0.9037110209465027
167.18604731559753,0,13.471447944641113,0.36197561025619507,0.9208118319511414
167.25273633003235,0,13.464274406433105,0.3642937242984772,0.9376827478408813
167.31942892074585,0,13.496737480163574,0.3665097951889038,0.9545287489891052
167.38611006736755,0,13.541887283325195,0.36812490224838257,0.9675099849700928
167.41945028305054,0,13.554573059082031,0.3678504526615143,0.9739866256713867
167.48613047599792,0,13.600377082824707,0.36808231472969055,0.9769216179847717
167.55281019210815,0,13.578038215637207,0.3666857182979584,0.968023955821991
167.6194896697998,0,13.654675483703613,0.3688551187515259,0.9620578289031982
167.68616843223572,0,13.720149993896484,0.3683595061302185,0.953520655632019
167.7528464794159,0,13.802433013916016,0.3686895966529846,0.9458825588226318
167.8195242881775,0,13.872485160827637,0.3701535165309906,0.9382625818252563
167.852863073349,0,13.873848915100098,0.3691599369049072,0.9282130002975464
167.91954016685486,0,13.897828102111816,0.36873820424079895,0.9224039316177368
167.98621678352356,0,13.879409790039062,0.36722123622894287,0.9148608446121216
168.0528929233551,0,13.921463966369629,0.36685484647750854,0.9124350547790527
168.1195685863495,0,13.90679931640625,0.36540892720222473,0.9075135588645935
168.18624353408813,0,13.913923263549805,0.36451485753059387,0.9046369791030884
168.25291800498962,0,13.921531677246094,0.364402174949646,0.902623176574707
168.3196063041687,0,13.900144577026367,0.3635808229446411,0.8991005420684814
168.3863079547882,0,13.906243324279785,0.36341312527656555,0.8982869386672974
168.45300936698914,0,13.87424087524414,0.3623756766319275,0.895089328289032
168.51971077919006,0,13.875933647155762,0.3619174659252167,0.8943406939506531
168.5530617237091,0,13.89498519897461,0.3624374270439148,0.8947039842605591
168.61976313591003,0,13.928484916687012,0.36315107345581055,0.8963509202003479
168.68646430969238,0,13.968175888061523,0.36352959275245667,0.8983477354049683
168.75316548347473,0,13.951446533203125,0.36199629306793213,0.8969487547874451
168.81986689567566,0,13.979415893554688,0.3614787459373474,0.898172914981842
168.85321736335754,0,13.969550132751465,0.36009788513183594,0.8972504734992981
168.9199182987213,0,14.010143280029297,0.3599756062030792,0.8993801474571228
168.98661947250366,0,13.994778633117676,0.3586661219596863,0.8982307314872742
169.05332040786743,0,13.989937782287598,0.35778409242630005,0.8975583910942078
169.1200213432312,0,14.025534629821777,0.35860565304756165,0.8998815417289734
169.15337204933167,0,14.04556941986084,0.358773797750473,0.9011005163192749
169.22007274627686,0,14.04706859588623,0.35958796739578247,0.9010537266731262
169.28677368164062,0,14.0093994140625,0.35912662744522095,0.8984213471412659
169.35345315933228,0,13.985183715820312,0.35880231857299805,0.8966273665428162
169.4201123714447,0,13.95567512512207,0.358338862657547,0.8946630358695984
169.4867708683014,0,13.96423053741455,0.3590332865715027,0.8952664732933044
169.55342864990234,0,13.915067672729492,0.3575705289840698,0.8918848633766174
169.6534140110016,0,13.900635719299316,0.35716331005096436,0.8909361958503723
169.7200698852539,0,13.925597190856934,0.35806459188461304,0.8923001885414124
169.78672528266907,0,13.931096076965332,0.35837575793266296,0.892776608467102
169.8533799648285,0,13.94464111328125,0.3590245544910431,0.8935109972953796
169.92003393173218,0,13.970757484436035,0.3600787818431854,0.8949471116065979
169.98668694496155,0,13.956609725952148,0.35965824127197266,0.894023060798645
170.05333948135376,0,13.981926918029785,0.3605096936225891,0.8956751227378845
170.11999106407166,0,13.963329315185547,0.3600408732891083,0.8944161534309387
170.1866421699524,0,13.973528861999512,0.3608025312423706,0.8950759768486023
170.2532925605774,0,13.967120170593262,0.36104050278663635,0.8950021266937256
170.3199427127838,0,13.962444305419922,0.3614351451396942,0.8951869606971741
170.38669562339783,0,13.952312469482422,0.36171478033065796,0.8948792219161987
170.45344877243042,0,13.976164817810059,0.3623139262199402,0.896567702293396
170.52020287513733,0,13.956072807312012,0.3620743155479431,0.8950080871582031
170.5869574546814,0,13.963196754455566,0.36213815212249756,0.8954387307167053
170.65371251106262,0,13.960027694702148,0.3620434105396271,0.8951889276504517
170.720468044281,0,13.942442893981934,0.36159735918045044,0.8941983580589294
170.78722429275513,0,13.91857624053955,0.36120569705963135,0.8928169012069702
170.8539810180664,0,13.909919738769531,0.3609420955181122,0.8922401666641235
170.8873598575592,0,13.904494285583496,0.36091792583465576,0.8913742303848267
170.95411729812622,0,13.903554916381836,0.36107757687568665,0.8910730481147766
171.02087545394897,0,13.880999565124512,0.36068058013916016,0.8899314403533936
171.0876340866089,0,13.912306785583496,0.3614436984062195,0.8916113972663879
171.121013879776,0,13.949380874633789,0.36215469241142273,0.8935956358909607
171.18777322769165,0,13.997241973876953,0.36324670910835266,0.896467924118042
171.25453352928162,0,13.990192413330078,0.362787663936615,0.8955079913139343
171.321293592453,0,14.014241218566895,0.36345306038856506,0.897433340549469
171.3879930973053,0,13.997748374938965,0.3631836473941803,0.8961628079414368
171.4546935558319,0,14.03467845916748,0.3643755614757538,0.8983141779899597
171.52139401435852,0,14.032327651977539,0.3644247055053711,0.8980628848075867
171.58809423446655,0,14.028879165649414,0.3645923137664795,0.8980300426483154
171.654794216156,0,14.001934051513672,0.3639765679836273,0.8965180516242981
171.6881446838379,0,13.99533462524414,0.364037424325943,0.8965519666671753
171.75484490394592,0,14.015369415283203,0.3647032082080841,0.898087739944458
171.82154512405396,0,14.060027122497559,0.3656221628189087,0.9008285403251648
171.888245344162,0,14.017332077026367,0.364754319190979,0.8983506560325623
171.95494556427002,0,14.008285522460938,0.3632717728614807,0.8980379104614258
172.0216453075409,0,14.025402069091797,0.3606403172016144,0.9021411538124084
172.0549955368042,0,14.008637428283691,0.3572937846183777,0.9049564003944397
172.12169551849365,0,14.030622482299805,0.35656461119651794,0.9128097295761108
172.18839573860168,0,14.060638427734375,0.3567967414855957,0.9238731861114502
172.22174549102783,0,14.070151329040527,0.35710766911506653,0.9337709546089172
172.28844547271729,0,14.094371795654297,0.3594919443130493,0.9475427269935608
172.35514545440674,0,14.077681541442871,0.3613305389881134,0.9615581631660461
172.4218716621399,0,14.089788436889648,0.36540138721466064,0.9788756966590881
172.48862648010254,0,14.120866775512695,0.3698023557662964,0.9980544447898865
172.55538177490234,0,14.135135650634766,0.3731144964694977,1.012614369392395
172.62213802337646,0,14.182112693786621,0.37515929341316223,1.0236310958862305
172.6555163860321,0,14.17813491821289,0.37446680665016174,1.027302622795105
172.7222740650177,0,14.182904243469238,0.3717319667339325,1.0236791372299194
172.78903245925903,0,14.231801986694336,0.37075555324554443,1.016129493713379
172.85579133033752,0,14.307421684265137,0.3702699840068817,1.006678819656372
172.92255115509033,0,14.424779891967773,0.36936867237091064,0.9980356693267822
172.98931193351746,0,14.45705509185791,0.366227388381958,0.9852021336555481
173.05607342720032,0,14.469413757324219,0.36327463388442993,0.9731035232543945
173.1228358745575,0,14.458633422851562,0.36011719703674316,0.9631140232086182
173.18959879875183,0,14.50926685333252,0.3589329719543457,0.9598214626312256
173.22298049926758,0,14.49945068359375,0.3566038906574249,0.9538045525550842
173.28974509239197,0,14.49083137512207,0.3549095392227173,0.9489844441413879
173.35651016235352,0,14.52266788482666,0.3554159998893738,0.9478142261505127
173.4232439994812,0,14.483656883239746,0.35621365904808044,0.9424007534980774
173.48994779586792,0,14.440827369689941,0.358163446187973,0.9368556141853333
173.52329969406128,0,14.442955017089844,0.3606376051902771,0.9347297549247742
173.590003490448,0,14.408271789550781,0.36154264211654663,0.9308727979660034
173.65670776367188,0,14.415705680847168,0.3634430170059204,0.9302387237548828
173.72341203689575,0,14.385640144348145,0.3638067841529846,0.927148699760437
173.79011631011963,0,14.415810585021973,0.3652464747428894,0.928415060043335
173.85682106018066,0,14.399142265319824,0.3653881847858429,0.9261496067047119
173.9235258102417,0,14.377086639404297,0.3654632270336151,0.9242977499961853
173.99023056030273,0,14.412199974060059,0.36692067980766296,0.9265567064285278
174.05693578720093,0,14.38802433013916,0.36678582429885864,0.9244289398193359
174.12364101409912,0,14.401028633117676,0.36713141202926636,0.9251357316970825
174.19034624099731,0,14.431877136230469,0.3673013746738434,0.9266908764839172
174.25705194473267,0,14.424593925476074,0.3672393262386322,0.9255731105804443
174.29040479660034,0,14.441499710083008,0.3678460121154785,0.9268218874931335
174.3571105003357,0,14.468918800354004,0.3689890503883362,0.9283316135406494
174.42381620407104,0,14.474461555480957,0.3697318732738495,0.928665041923523
174.49048113822937,0,14.521292686462402,0.37182602286338806,0.932157576084137
174.55714559555054,0,14.46112060546875,0.3711540997028351,0.9282013773918152
174.62380981445312,0,14.443513870239258,0.37149477005004883,0.926762044429779
174.69047331809998,0,14.43446159362793,0.3712749779224396,0.9261080622673035
174.79046773910522,0,14.458101272583008,0.37254148721694946,0.9276909828186035
174.85713028907776,0,14.44064712524414,0.37304210662841797,0.9266409277915955
174.92379236221313,0,14.440829277038574,0.3731752634048462,0.9266306757926941
174.95712327957153,0,14.446250915527344,0.37394979596138,0.9268255233764648
175.02378463745117,0,14.408007621765137,0.3734625577926636,0.9243291020393372
175.09044551849365,0,14.437649726867676,0.3743196427822113,0.9267618060112
175.15710592269897,0,14.437566757202148,0.374121755361557,0.9265619516372681
175.22376608848572,0,14.404047966003418,0.3732890784740448,0.9246051907539368
175.2904257774353,0,14.422218322753906,0.3735068142414093,0.9253401160240173
175.35708475112915,0,14.419164657592773,0.3741101324558258,0.9249540567398071
175.39041423797607,0,14.400144577026367,0.3735053539276123,0.9239498972892761
175.4570894241333,0,14.408194541931152,0.3736988306045532,0.9245762228965759
175.5237798690796,0,14.386197090148926,0.37327679991722107,0.9230683445930481
175.59047031402588,0,14.366377830505371,0.37244611978530884,0.9216696619987488
175.6571605205536,0,14.361018180847168,0.3722868859767914,0.9215156435966492
175.69050550460815,0,14.368755340576172,0.37233760952949524,0.9222732186317444
175.75719547271729,0,14.372848510742188,0.3723980188369751,0.9225015044212341
175.82388520240784,0,14.375404357910156,0.3727380633354187,0.9225043654441833
175.8572301864624,0,14.369983673095703,0.37246769666671753,0.9213896989822388
175.92391967773438,0,14.39879035949707,0.37383466958999634,0.923535168170929
175.99060893058777,0,14.444186210632324,0.3749758005142212,0.9263242483139038
176.05729818344116,0,14.449302673339844,0.37548819184303284,0.9266917109489441
176.12398743629456,0,14.446324348449707,0.37511053681373596,0.9263275265693665
176.19067645072937,0,14.446731567382812,0.37544435262680054,0.9267720580101013
176.2240207195282,0,14.44271469116211,0.3750985562801361,0.9258877635002136
176.32405352592468,0,14.474618911743164,0.3756682574748993,0.9291380643844604
176.3573980331421,0,14.464982032775879,0.37504222989082336,0.9299466609954834
176.42408657073975,0,14.448936462402344,0.37461575865745544,0.9332419633865356
176.5241687297821,0,14.445673942565918,0.37467312812805176,0.9463087320327759
176.5575351715088,0,14.475226402282715,0.3754132091999054,0.9620667099952698
176.62426829338074,0,14.519302368164062,0.375728040933609,0.9825587868690491
176.69100213050842,0,14.575682640075684,0.3740662634372711,1.0044690370559692
176.75773692131042,0,14.598437309265137,0.36928752064704895,1.0218894481658936
176.82447266578674,0,14.675508499145508,0.3657287061214447,1.0374760627746582
176.9245777130127,0,14.741026878356934,0.3632144331932068,1.0405701398849487
176.99131560325623,0,14.787920951843262,0.36266615986824036,1.0375856161117554
177.05805444717407,0,14.78113079071045,0.3600967228412628,1.0287127494812012
177.09142398834229,0,14.841085433959961,0.35937556624412537,1.024431586265564
177.15816402435303,0,14.916875839233398,0.35889309644699097,1.019470453262329
177.2249050140381,0,15.012608528137207,0.3589785695075989,1.0149483680725098
177.29164671897888,0,15.040657043457031,0.3581584393978119,1.0068236589431763
177.32501792907715,0,15.051980972290039,0.3576419949531555,0.9983877539634705
177.39176082611084,0,15.074538230895996,0.3571801483631134,0.993388831615448
177.45850443840027,0,15.022669792175293,0.35541751980781555,0.9843866229057312
177.49184799194336,0,15.022637367248535,0.3550017774105072,0.9797121286392212
177.55853486061096,0,15.066131591796875,0.35571807622909546,0.9791293740272522
177.62522101402283,0,15.061399459838867,0.35692298412323,0.9772985577583313
177.6919069290161,0,15.082780838012695,0.3595092296600342,0.9774988889694214
177.75859212875366,0,15.040764808654785,0.36026501655578613,0.9739673137664795
177.8252773284912,0,15.046347618103027,0.3619197607040405,0.9724240899085999
177.89196181297302,0,15.0371675491333,0.363442599773407,0.970618724822998
177.92530393600464,0,15.0676908493042,0.3652173578739166,0.9719943404197693
177.9919877052307,0,15.061261177062988,0.36590903997421265,0.9708840847015381
178.0586712360382,0,15.087817192077637,0.36723849177360535,0.9717658162117004
178.12535429000854,0,15.13232135772705,0.36922845244407654,0.9741072654724121
178.22537803649902,0,15.16528606414795,0.37082111835479736,0.9758338928222656
178.25871920585632,0,15.162749290466309,0.37148407101631165,0.9755579233169556
178.32540082931519,0,15.127788543701172,0.3709346652030945,0.9732654690742493
178.39208221435547,0,15.137829780578613,0.37123629450798035,0.9731749892234802
178.45876336097717,0,15.153264045715332,0.3720344603061676,0.9738852977752686
178.52547645568848,0,15.207792282104492,0.3738822340965271,0.9773685336112976
178.5921986103058,0,15.228300094604492,0.374267041683197,0.9786131381988525
178.65892100334167,0,15.193264961242676,0.37336236238479614,0.976084291934967
178.72564339637756,0,15.185510635375977,0.3736759424209595,0.9753857254981995
178.7923662662506,0,15.121707916259766,0.3721871078014374,0.9713353514671326
178.85908961296082,0,15.128805160522461,0.37237706780433655,0.9708700776100159
178.92581272125244,0,15.128850936889648,0.3725794851779938,0.9711077809333801
178.99253630638123,0,15.149054527282715,0.3733435273170471,0.9724123477935791
179.0592601299286,0,15.154626846313477,0.3736906051635742,0.9724506139755249
179.09262228012085,0,15.14675521850586,0.3739805519580841,0.9719492197036743
179.1593463420868,0,15.173873901367188,0.3750140964984894,0.9739426374435425
179.2260706424713,0,15.144427299499512,0.374485582113266,0.9714542031288147
179.292795419693,0,15.138137817382812,0.3741043508052826,0.9711778163909912
179.35952043533325,0,15.119600296020508,0.3740489184856415,0.9694501161575317
179.4262454509735,0,15.10006046295166,0.373399555683136,0.9684998989105225
179.49297070503235,0,15.102542877197266,0.3736174404621124,0.9685966372489929
179.5263385772705,0,15.097576141357422,0.3732527494430542,0.968214213848114
179.8266499042511,0,15.086851119995117,0.3734561502933502,0.9670684933662415
179.86001801490784,0,15.11253547668457,0.3742169737815857,0.9681772589683533
179.92675399780273,0,15.142391204833984,0.3752870559692383,0.9696374535560608
179.99349069595337,0,15.094237327575684,0.37405455112457275,0.9661834239959717
180.06022715568542,0,15.10657024383545,0.3749275505542755,0.9675843119621277
180.12696385383606,0,15.108912467956543,0.3747904896736145,0.9678266644477844
180.1937005519867,0,15.135174751281738,0.3757181763648987,0.9694852232933044
180.2604377269745,0,15.143746376037598,0.3759958744049072,0.9694532155990601
180.3271746635437,0,15.133151054382324,0.37583044171333313,0.9689056277275085
180.39391207695007,0,15.139408111572266,0.37564945220947266,0.9690824747085571
180.46064925193787,0,15.118128776550293,0.3749532699584961,0.9680444598197937
180.52737140655518,0,15.13430404663086,0.37262022495269775,0.9708981513977051
180.59414505958557,0,15.146690368652344,0.3720296323299408,0.9771267175674438
180.66091966629028,0,15.150873184204102,0.3718245029449463,0.9864885807037354
180.72769474983215,0,15.186631202697754,0.3734045922756195,1.0011667013168335
180.79447078704834,0,15.176227569580078,0.376152366399765,1.0142706632614136
180.89463639259338,0,15.18004322052002,0.37978246808052063,1.0337460041046143
180.9614143371582,0,15.291926383972168,0.3866521418094635,1.0617704391479492
181.02819347381592,0,15.299324035644531,0.39166638255119324,1.079557180404663
181.0949730873108,0,15.329925537109375,0.3933226466178894,1.0963900089263916
181.1283631324768,0,15.403213500976562,0.3952634036540985,1.1126333475112915
181.19514417648315,0,15.417509078979492,0.39298975467681885,1.1194409132003784
181.26192593574524,0,15.476034164428711,0.38900095224380493,1.1222844123840332
181.32870841026306,0,15.476263999938965,0.38206568360328674,1.1150269508361816
181.39549160003662,0,15.52796459197998,0.37640058994293213,1.1066701412200928
181.4622757434845,0,15.624773979187012,0.3749094307422638,1.0967662334442139
181.52905988693237,0,15.714320182800293,0.3756025731563568,1.085607886314392
181.59577322006226,0,15.76022720336914,0.37727636098861694,1.0725587606430054
181.66312456130981,0,15.800261497497559,0.37927183508872986,1.062786340713501
181.73048424720764,0,15.834850311279297,0.37994974851608276,1.0550581216812134
181.7641670703888,0,15.8766508102417,0.3812607526779175,1.0493303537368774
181.83153891563416,0,15.885127067565918,0.38126707077026367,1.0433223247528076
181.89891910552979,0,15.944438934326172,0.3830815553665161,1.041745662689209
181.96630692481995,0,15.985581398010254,0.3837721347808838,1.0406734943389893
182.03370356559753,0,15.938933372497559,0.38463735580444336,1.0340368747711182
182.10110783576965,0,15.94454288482666,0.387615829706192,1.0320992469787598
182.16852045059204,0,15.921747207641602,0.3886880874633789,1.0285581350326538
182.23594117164612,0,15.848724365234375,0.3869166672229767,1.0218617916107178
182.2696545124054,0,15.800349235534668,0.38528817892074585,1.0173327922821045
182.3370876312256,0,15.832547187805176,0.3851138651371002,1.0185195207595825
182.4045286178589,0,15.838377952575684,0.384935587644577,1.0178968906402588
182.47197794914246,0,15.803080558776855,0.38377469778060913,1.0151000022888184
182.53943514823914,0,15.745612144470215,0.3835488557815552,1.0111135244369507
182.6068925857544,0,15.712895393371582,0.3833375573158264,1.0082875490188599
182.67350244522095,0,15.702695846557617,0.3837651014328003,1.0073013305664062
182.74011039733887,0,15.649357795715332,0.3829349875450134,1.0035221576690674
182.80671739578247,0,15.682265281677246,0.38459107279777527,1.005585789680481
182.87332248687744,0,15.718876838684082,0.38560187816619873,1.0074841976165771
182.93992614746094,0,15.700006484985352,0.3854215741157532,1.0065726041793823
182.97322750091553,0,15.671402931213379,0.38486942648887634,1.004943609237671
183.03982853889465,0,15.675382614135742,0.3848687708377838,1.005120873451233
183.10642838478088,0,15.657649040222168,0.3844847083091736,1.0035158395767212
183.17302656173706,0,15.624587059020996,0.38400426506996155,1.001033067703247
183.23962330818176,0,15.619263648986816,0.3837713897228241,1.0009576082229614
183.30621814727783,0,15.608288764953613,0.38353654742240906,1.0002306699752808
183.37281155586243,0,15.56831169128418,0.38262301683425903,0.997651219367981
183.43940353393555,0,15.577886581420898,0.3830096125602722,0.9982926845550537
183.5059938430786,0,15.551996231079102,0.38237011432647705,0.996640145778656
183.5725827217102,0,15.568294525146484,0.38292378187179565,0.9981191158294678
183.63925981521606,0,15.55014705657959,0.38245412707328796,0.9968347549438477
183.70592093467712,0,15.555013656616211,0.3831564486026764,0.9970067739486694
183.77258133888245,0,15.547407150268555,0.38287681341171265,0.9965828657150269
183.80591106414795,0,15.51483154296875,0.38222000002861023,0.9941046237945557
183.8725700378418,0,15.504430770874023,0.382275253534317,0.9933979511260986
183.93922758102417,0,15.519468307495117,0.3824315071105957,0.9946343898773193
184.00588464736938,0,15.522720336914062,0.3824928402900696,0.9947549700737
184.07254076004028,0,15.550174713134766,0.3831823766231537,0.9966301918029785
184.13919591903687,0,15.572551727294922,0.383617639541626,0.9978142380714417
184.20584988594055,0,15.566197395324707,0.38335806131362915,0.9973228573799133
184.27250337600708,0,15.584627151489258,0.38374844193458557,0.9987527132034302
184.3391556739807,0,15.60538101196289,0.38453349471092224,1.0000618696212769
184.4058072566986,0,15.639725685119629,0.38531965017318726,1.0023897886276245
184.4391324520111,0,15.608747482299805,0.38471266627311707,1.0001366138458252
184.50578260421753,0,15.595562934875488,0.3840676546096802,0.9993401765823364
184.57243180274963,0,15.583131790161133,0.38394004106521606,0.9983382225036621
184.63908123970032,0,15.58774471282959,0.3840799331665039,0.9986380338668823
184.70569562911987,0,15.544389724731445,0.3829207718372345,0.9958371520042419
184.7390022277832,0,15.563122749328613,0.3831384479999542,1.0000553131103516
184.80561470985413,0,15.535786628723145,0.3830324113368988,1.0079973936080933
184.872225522995,0,15.563750267028809,0.3841055631637573,1.0304334163665771
184.9388349056244,0,15.651185035705566,0.38601329922676086,1.0621557235717773
184.97213888168335,0,15.664698600769043,0.3862564265727997,1.0866115093231201
185.03874588012695,0,15.655414581298828,0.38625749945640564,1.108669400215149
185.10535168647766,0,15.747121810913086,0.38733381032943726,1.133096694946289
185.17195582389832,0,15.897624015808105,0.38921627402305603,1.1547937393188477
185.2385585308075,0,16.002460479736328,0.38656264543533325,1.1632823944091797
185.27185916900635,0,15.984148025512695,0.38387584686279297,1.1596884727478027
185.3384599685669,0,16.071636199951172,0.3863094449043274,1.1555516719818115
185.40505862236023,0,16.077468872070312,0.389553964138031,1.1440057754516602
185.47165632247925,0,16.1484375,0.39392149448394775,1.1367994546890259
185.5049545764923,0,16.1552734375,0.3960917294025421,1.127707839012146
185.57154989242554,0,16.206401824951172,0.3987691104412079,1.1207256317138672
185.63814568519592,0,16.247949600219727,0.39847591519355774,1.1125004291534424
185.70481872558594,0,16.32988166809082,0.39847394824028015,1.1073263883590698
185.77141857147217,0,16.41974639892578,0.399097204208374,1.1034529209136963
185.83801674842834,0,16.418498992919922,0.39796754717826843,1.0935165882110596
185.9046130180359,0,16.408967971801758,0.39779460430145264,1.0845657587051392
185.97120714187622,0,16.362730026245117,0.39728012681007385,1.0749192237854004
186.0377995967865,0,16.420303344726562,0.40021419525146484,1.0720410346984863
186.10439038276672,0,16.371877670288086,0.4003463685512543,1.0642741918563843
186.17097878456116,0,16.369522094726562,0.4010150730609894,1.0600273609161377
186.23756575584412,0,16.430973052978516,0.40403932332992554,1.0606521368026733
186.27085852622986,0,16.432518005371094,0.4050244390964508,1.0589970350265503
186.33744263648987,0,16.409746170043945,0.4058070778846741,1.055466651916504
186.40402460098267,0,16.424917221069336,0.4074159562587738,1.0551823377609253
186.4706048965454,0,16.44105339050293,0.4085526168346405,1.055450677871704
186.53718328475952,0,16.384422302246094,0.4076075851917267,1.0507787466049194
186.603759765625,0,16.34128189086914,0.4068666100502014,1.0477116107940674
186.6703360080719,0,16.354673385620117,0.4073140621185303,1.0469136238098145
186.73700213432312,0,16.324764251708984,0.40700283646583557,1.0445749759674072
186.77033495903015,0,16.35366439819336,0.40807732939720154,1.046478509902954
186.83699989318848,0,16.33572769165039,0.407495379447937,1.044876217842102
186.90366458892822,0,16.39959144592285,0.40964290499687195,1.048956036567688
187.0036609172821,0,16.349565505981445,0.4083799123764038,1.045573353767395
187.07032465934753,0,16.40444564819336,0.4097018539905548,1.049038052558899
187.13698768615723,0,16.394216537475586,0.4094466269016266,1.0486831665039062
187.20365047454834,0,16.350540161132812,0.40859392285346985,1.0453826189041138
187.27031254768372,0,16.379743576049805,0.4093557894229889,1.0472880601882935
187.3369746208191,0,16.448652267456055,0.41123658418655396,1.0517923831939697
187.40363597869873,0,16.443784713745117,0.41108059883117676,1.051329493522644
187.4702968597412,0,16.505178451538086,0.41294485330581665,1.05531907081604
187.53695726394653,0,16.54227638244629,0.41376805305480957,1.057252287864685
187.57028722763062,0,16.571292877197266,0.41477951407432556,1.0587600469589233
187.63694715499878,0,16.536052703857422,0.4141051173210144,1.056841492652893
187.70364141464233,0,16.553049087524414,0.4143483638763428,1.0583587884902954
187.7703037261963,0,16.520952224731445,0.41346943378448486,1.0559769868850708
187.80363416671753,0,16.498809814453125,0.4127684533596039,1.0536772012710571
187.87029504776,0,16.446382522583008,0.41138750314712524,1.050365686416626
187.93695497512817,0,16.48469352722168,0.41235587000846863,1.0529502630233765
188.0036141872406,0,16.457565307617188,0.4117109775543213,1.0509753227233887
188.0702724456787,0,16.42367935180664,0.4105517268180847,1.0490180253982544
188.1036012172699,0,16.456464767456055,0.4114401042461395,1.0509992837905884
188.17025804519653,0,16.428455352783203,0.4103373885154724,1.0491424798965454
188.23691415786743,0,16.468788146972656,0.4116381108760834,1.052201747894287
188.303569316864,0,16.426359176635742,0.4105677008628845,1.0494520664215088
188.37022352218628,0,16.409833908081055,0.4102199375629425,1.0488898754119873
188.40355038642883,0,16.42559242248535,0.41044357419013977,1.0492678880691528
188.4702033996582,0,16.410181045532227,0.41032132506370544,1.0483478307724
188.53685569763184,0,16.375898361206055,0.40995121002197266,1.0461992025375366
188.60350704193115,0,16.38103485107422,0.40946000814437866,1.046389102935791
188.67015743255615,0,16.447935104370117,0.41102200746536255,1.0507030487060547
188.73679876327515,0,16.422727584838867,0.41022035479545593,1.0489468574523926
188.80342936515808,0,16.430295944213867,0.4105496406555176,1.0498450994491577
188.8700590133667,0,16.466846466064453,0.41187652945518494,1.0527349710464478
188.936687707901,0,16.47005271911621,0.41190776228904724,1.0526530742645264
189.0033152103424,0,16.435749053955078,0.4084661602973938,1.0510073900222778
189.03662872314453,0,16.37753677368164,0.40452057123184204,1.050207257270813
189.10325503349304,0,16.41944694519043,0.39967620372772217,1.0602415800094604
189.16988015174866,0,16.472726821899414,0.39648157358169556,1.0731250047683716
189.23650455474854,0,16.44256019592285,0.3952973484992981,1.0827475786209106
189.2698163986206,0,16.428041458129883,0.39463093876838684,1.0936269760131836
189.36975026130676,0,16.50470733642578,0.39632275700569153,1.1134146451950073
189.4363715648651,0,16.474443435668945,0.3953455984592438,1.1255998611450195
189.46968173980713,0,16.411823272705078,0.39370235800743103,1.133995771408081
189.536301612854,0,16.51593017578125,0.39716675877571106,1.1504498720169067
189.60292053222656,0,16.561248779296875,0.4018319249153137,1.1583237648010254
189.6695384979248,0,16.586688995361328,0.4063941240310669,1.1584786176681519
189.7362048625946,0,16.65491485595703,0.41359859704971313,1.154982089996338
189.80290341377258,0,16.803064346313477,0.4221818149089813,1.15236234664917
189.8696014881134,0,16.85529136657715,0.4241659641265869,1.1424165964126587
189.93629932403564,0,16.951004028320312,0.42549827694892883,1.1354752779006958
190.00299620628357,0,16.991071701049805,0.4273069500923157,1.1264177560806274
190.0696930885315,0,16.992652893066406,0.4277074635028839,1.116991639137268
190.16973686218262,0,16.943647384643555,0.4267253279685974,1.1061595678329468
190.2030849456787,0,16.861448287963867,0.4251255691051483,1.096476674079895
190.26978015899658,0,16.80542755126953,0.4235764145851135,1.0916132926940918
190.3364748954773,0,16.810611724853516,0.4237201511859894,1.091572642326355
190.40316939353943,0,16.84038543701172,0.42337915301322937,1.092441439628601
190.46986317634583,0,16.88498878479004,0.42440569400787354,1.0927541255950928
190.53655672073364,0,16.926671981811523,0.4250367283821106,1.0923466682434082
190.60324954986572,0,16.90035629272461,0.4240313768386841,1.0871243476867676
190.6699423789978,0,16.8493595123291,0.42271578311920166,1.0811344385147095
190.70328855514526,0,16.882190704345703,0.4236294627189636,1.0810829401016235
190.7699384689331,0,16.88922882080078,0.423713356256485,1.0797417163848877
190.8365442752838,0,16.90699577331543,0.4241407811641693,1.0796622037887573
190.90314865112305,0,16.955665588378906,0.42533817887306213,1.081445336341858
190.93644976615906,0,16.945829391479492,0.4246639907360077,1.0799387693405151
191.00305128097534,0,16.956247329711914,0.4255133271217346,1.0797932147979736
191.00305128097534,1,16.676361083984375,-5.0951690673828125,1.0215075016021729
191.0696506500244,0,16.934741973876953,0.4249994456768036,1.0779612064361572
191.0696506500244,1,16.712800979614258,-5.106788158416748,1.0229893922805786
191.13624811172485,0,16.916500091552734,0.4246126413345337,1.0762932300567627
191.20284390449524,0,16.939380645751953,0.42471376061439514,1.077241063117981
191.20284390449524,1,16.50436019897461,-5.042908668518066,1.0092114210128784
191.2694375514984,0,16.90281867980957,0.42393001914024353,1.0744203329086304
191.33602952957153,0,16.95527458190918,0.42510324716567993,1.0775598287582397
191.33602952957153,1,16.45659065246582,-5.029220104217529,1.0075247287750244
191.40261960029602,0,16.97162437438965,0.42531144618988037,1.0782854557037354
191.40261960029602,1,16.404525756835938,-5.013744831085205,1.005182147026062
191.46920776367188,0,16.9199275970459,0.42474955320358276,1.0754597187042236
191.53579378128052,0,16.876239776611328,0.4234849512577057,1.0722782611846924
191.53579378128052,1,16.347204208374023,-4.994779586791992,1.0000780820846558
191.6023781299591,0,16.855878829956055,0.42261290550231934,1.0705232620239258
191.66896057128906,0,16.7947940826416,0.4211624562740326,1.0669516324996948
191.66896057128906,1,16.426042556762695,-5.019538879394531,1.0047210454940796
191.73554229736328,0,16.806808471679688,0.420894056558609,1.0675303936004639
191.73554229736328,1,16.378732681274414,-5.004637241363525,0.9998838305473328
191.8021960258484,0,16.83442497253418,0.42122021317481995,1.0694009065628052
191.86880612373352,0,16.822845458984375,0.4214259684085846,1.069162368774414
191.90211033821106,0,16.871660232543945,0.42254093289375305,1.0719460248947144
191.96871757507324,0,16.845863342285156,0.4217335283756256,1.0703355073928833
192.03532338142395,0,16.895845413208008,0.4226646423339844,1.0734479427337646
192.10192728042603,0,16.846487045288086,0.42137038707733154,1.0702065229415894
192.16852974891663,0,16.84713363647461,0.42174336314201355,1.0704911947250366
192.2018301486969,0,16.815027236938477,0.4212825894355774,1.0679105520248413
192.26842999458313,0,16.795068740844727,0.4206070303916931,1.0666872262954712
192.3350281715393,0,16.736122131347656,0.4195011556148529,1.0632030963897705
192.40162467956543,0,16.742313385009766,0.41974177956581116,1.063722014427185
192.4682195186615,0,16.735532760620117,0.4201294481754303,1.0630744695663452
192.5015163421631,0,16.801816940307617,0.421491414308548,1.0669677257537842
192.56810855865479,0,16.801464080810547,0.4211277663707733,1.0665851831436157
192.63469910621643,0,16.867549896240234,0.42247289419174194,1.0711634159088135
192.7012882232666,0,16.870403289794922,0.4227331280708313,1.0710841417312622
192.76787662506104,0,16.872533798217773,0.42214903235435486,1.071523904800415
192.8011703491211,0,16.873422622680664,0.42198729515075684,1.0712603330612183
192.86775588989258,0,16.904918670654297,0.4226134717464447,1.0732147693634033
192.9343400001526,0,16.931339263916016,0.42331963777542114,1.0748094320297241
193.00092196464539,0,16.91046905517578,0.4225281774997711,1.0731492042541504
193.06750178337097,0,16.94091033935547,0.42379817366600037,1.0751830339431763
193.1340799331665,0,16.864973068237305,0.4221407175064087,1.0700703859329224
193.1340799331665,1,16.406021118164062,-5.0058369636535645,0.9954533576965332
193.20065593719482,0,16.863983154296875,0.42235037684440613,1.0701541900634766
193.20065593719482,1,16.43161964416504,-5.015098571777344,0.9987232089042664
193.30051636695862,0,16.853410720825195,0.42223843932151794,1.0695008039474487
193.30051636695862,1,16.40684700012207,-5.007025241851807,0.9981064796447754
193.36708736419678,0,16.837646484375,0.42259758710861206,1.0687648057937622
193.36708736419678,1,16.425262451171875,-5.013372898101807,1.000686764717102
193.4336564540863,0,16.82419776916504,0.4223101735115051,1.0681227445602417
193.4336564540863,1,16.486186981201172,-5.0317912101745605,1.003877878189087
193.5002236366272,0,16.819072723388672,0.4222218990325928,1.0674927234649658
193.5002236366272,1,16.50394630432129,-5.0376152992248535,1.0056220293045044
193.56678867340088,0,16.809337615966797,0.4220096170902252,1.0671050548553467
193.56678867340088,1,16.343259811401367,-4.9887614250183105,0.9957703948020935
193.60007071495056,0,16.819473266601562,0.42224547266960144,1.067781925201416
193.60007071495056,1,16.380268096923828,-4.999758243560791,0.9982582926750183
193.69991326332092,0,16.81118392944336,0.42122575640678406,1.0676031112670898
193.69991326332092,1,16.54973030090332,-5.050999164581299,1.008136510848999
193.7664737701416,0,16.7819881439209,0.4210764765739441,1.0652738809585571
193.83311820030212,0,16.797094345092773,0.4214504659175873,1.0661358833312988
193.86642837524414,0,16.773527145385742,0.4209119975566864,1.0643724203109741
193.9330472946167,0,16.749919891357422,0.4206082820892334,1.0627727508544922
193.9996645450592,0,16.734371185302734,0.41969895362854004,1.0620062351226807
194.06628036499023,0,16.730716705322266,0.41981589794158936,1.062077522277832
194.1328947544098,0,16.760448455810547,0.4198736548423767,1.0644532442092896
194.1995074748993,0,16.773147583007812,0.42034560441970825,1.0648809671401978
194.26611876487732,0,16.726266860961914,0.41916078329086304,1.0622432231903076
194.2994236946106,0,16.73270606994629,0.4193810522556305,1.0625280141830444
194.3660328388214,0,16.743030548095703,0.4196390211582184,1.0631356239318848
194.43264031410217,0,16.78497886657715,0.4212125837802887,1.0663479566574097
194.49924612045288,0,16.791963577270508,0.42324334383010864,1.0718884468078613
194.5658507347107,0,16.8366756439209,0.42693787813186646,1.088496208190918
194.63245368003845,0,16.85295295715332,0.42990580201148987,1.111220359802246
194.69905543327332,0,16.944503784179688,0.4329705536365509,1.1429804563522339
194.76565527915955,0,16.94938087463379,0.4310080111026764,1.166556477546692
194.79895520210266,0,17.082780838012695,0.4316335618495941,1.194326400756836
194.86549472808838,0,17.126846313476562,0.4294503331184387,1.208030343055725
194.93203163146973,0,17.29915428161621,0.428740918636322,1.22231924533844
194.99856638908386,0,17.314496994018555,0.4245251417160034,1.2165594100952148
195.06509852409363,0,17.39451789855957,0.4227040112018585,1.210023283958435
195.13162803649902,0,17.445636749267578,0.42059338092803955,1.1995820999145508
195.1981556415558,0,17.500150680541992,0.4198598563671112,1.1893664598464966
195.26468062400818,0,17.554113388061523,0.4190436601638794,1.1811928749084473
195.29794192314148,0,17.54424476623535,0.41695863008499146,1.170271635055542
195.397723197937,0,17.56645393371582,0.41495662927627563,1.1600183248519897
195.43098258972168,0,17.485998153686523,0.412019819021225,1.146016240119934
195.49749898910522,0,17.545137405395508,0.41307103633880615,1.1431947946548462
195.56401300430298,0,17.54562759399414,0.41496554017066956,1.136929988861084
195.6305251121521,0,17.47358512878418,0.4162982106208801,1.1278620958328247
195.83011507987976,0,17.451147079467773,0.4198450744152069,1.1227205991744995
195.89714097976685,0,17.412006378173828,0.42335090041160583,1.1176395416259766
195.96456003189087,0,17.427953720092773,0.42804190516471863,1.1159766912460327
196.0319881439209,0,17.466808319091797,0.4331953823566437,1.1165300607681274
196.09942483901978,0,17.520822525024414,0.43753525614738464,1.1180050373077393
196.16687107086182,0,17.543684005737305,0.4410267174243927,1.1180028915405273
196.2005970478058,0,17.448486328125,0.44059574604034424,1.1105706691741943
196.26805663108826,0,17.48193359375,0.442769318819046,1.112534761428833
196.335524559021,0,17.499387741088867,0.44403955340385437,1.1131031513214111
196.40300178527832,0,17.486425399780273,0.4445505738258362,1.1117932796478271
196.4704875946045,0,17.4290771484375,0.44360145926475525,1.1074674129486084
196.50423431396484,0,17.439966201782227,0.4446277320384979,1.1077213287353516
196.57173347473145,0,17.42519760131836,0.44403061270713806,1.1062960624694824
196.6392421722412,0,17.424415588378906,0.44364652037620544,1.1061773300170898
196.67299938201904,0,17.490238189697266,0.4459623098373413,1.110371708869934
196.74052143096924,0,17.433582305908203,0.4442959427833557,1.106605052947998
197.14205813407898,0,16.147741317749023,-4.740242958068848,0.9778226613998413
197.27526450157166,0,17.4669132232666,0.4449971914291382,1.1088937520980835
197.34186577796936,0,17.424409866333008,0.4436221420764923,1.1059502363204956
197.4084656238556,0,17.40966796875,0.4430605173110962,1.1047741174697876
197.47506403923035,0,17.400432586669922,0.44306516647338867,1.1039409637451172
197.5416615009308,0,17.392608642578125,0.4427470564842224,1.1028248071670532
197.60825753211975,0,17.40667152404785,0.44300374388694763,1.1042472124099731
197.67485189437866,0,17.44300079345703,0.44395047426223755,1.106241226196289
197.74144554138184,0,17.462196350097656,0.4448818862438202,1.1079092025756836
197.80803751945496,0,17.501384735107422,0.4455365240573883,1.1106375455856323
197.84133291244507,0,17.52790641784668,0.4471375048160553,1.112733006477356
197.90792417526245,0,17.48065757751465,0.4461936354637146,1.108951449394226
197.9748945236206,0,17.40329360961914,0.4440179169178009,1.1039291620254517
198.0418722629547,0,17.350801467895508,0.4423857033252716,1.1005643606185913
198.24285054206848,0,17.354806900024414,0.4424813389778137,1.100480556488037
198.2763533592224,0,17.30634117126465,0.44053852558135986,1.097306251525879
198.34336495399475,0,17.348129272460938,0.4414188861846924,1.1000568866729736
198.41038393974304,0,17.358158111572266,0.4425288736820221,1.1003265380859375
198.47741031646729,0,17.39325714111328,0.44297754764556885,1.1025116443634033
198.54444456100464,0,17.35236167907715,0.4412718713283539,1.099830150604248
198.61148595809937,0,17.280189514160156,0.4393172264099121,1.0953571796417236
198.67853498458862,0,17.316919326782227,0.44001445174217224,1.0976778268814087
198.7455916404724,0,17.35784912109375,0.44148316979408264,1.1006067991256714
198.81265568733215,0,17.37311363220215,0.4419490694999695,1.1012717485427856
198.87972736358643,0,17.381067276000977,0.4429003894329071,1.1014879941940308
198.94663834571838,0,17.373043060302734,0.44285860657691956,1.101091980934143
199.01331758499146,0,17.329355239868164,0.44171378016471863,1.0984766483306885
199.07999563217163,0,17.331674575805664,0.4419093132019043,1.0986828804016113
199.14667320251465,0,17.328521728515625,0.4421346187591553,1.098517656326294
199.2466881275177,0,17.340272903442383,0.4425140917301178,1.099346399307251
199.3467013835907,0,17.362504959106445,0.4426499605178833,1.1009443998336792
199.4133758544922,0,17.34168243408203,0.44231605529785156,1.0994751453399658
199.4133758544922,1,16.578948974609375,-4.871795654296875,1.0114116668701172
199.48004937171936,0,17.360002517700195,0.44329163432121277,1.1008304357528687
199.48004937171936,1,16.732236862182617,-4.916998386383057,1.0184975862503052
199.5800588130951,0,17.33115577697754,0.44289836287498474,1.0988035202026367
199.5800588130951,1,16.82045555114746,-4.942592620849609,1.0223783254623413
199.64673042297363,0,17.296892166137695,0.44224217534065247,1.0964542627334595
199.6800661087036,0,17.29313850402832,0.4424010217189789,1.0960900783538818
199.6800661087036,1,16.71501922607422,-4.911894798278809,1.0151913166046143
199.74673676490784,0,17.302461624145508,0.44267699122428894,1.096822738647461
199.74673676490784,1,16.792156219482422,-4.935502052307129,1.0201939344406128
199.81340670585632,0,17.344575881958008,0.44442227482795715,1.0994161367416382
199.81340670585632,1,16.797727584838867,-4.935365676879883,1.0204412937164307
199.8800756931305,0,17.368309020996094,0.44475820660591125,1.101026177406311
199.8800756931305,1,16.824087142944336,-4.943027973175049,1.0222506523132324
199.9800808429718,0,17.408384323120117,0.44576647877693176,1.1035077571868896
199.9800808429718,1,16.862056732177734,-4.953820705413818,1.02445387840271
200.04675269126892,0,17.37021255493164,0.44456031918525696,1.1010065078735352
200.11342406272888,0,17.406494140625,0.4457981288433075,1.1028999090194702
200.1800947189331,0,17.400495529174805,0.4458506405353546,1.102821707725525
200.24676489830017,0,17.393259048461914,0.4456993639469147,1.1024926900863647
200.3134343624115,0,17.36378288269043,0.44531381130218506,1.10044264793396
200.34676909446716,0,17.395889282226562,0.4461754560470581,1.1027398109436035
200.41343784332275,0,17.442583084106445,0.447469562292099,1.1060413122177124
200.48010635375977,0,17.433574676513672,0.44759401679039,1.105545997619629
200.54677414894104,0,17.451723098754883,0.44799959659576416,1.1068224906921387
200.61344122886658,0,17.436302185058594,0.4473933279514313,1.109593391418457
200.68010830879211,0,17.389245986938477,0.4460180103778839,1.1146702766418457
200.71344137191772,0,17.43169403076172,0.44818899035453796,1.1282861232757568
200.78010725975037,0,17.438125610351562,0.44860145449638367,1.1447539329528809
200.8801052570343,0,17.565649032592773,0.4547012150287628,1.1773966550827026
200.91343784332275,0,17.55500030517578,0.4570038318634033,1.1978175640106201
200.9801425933838,0,17.601760864257812,0.46136608719825745,1.2226842641830444
201.0467653274536,0,17.639223098754883,0.46787893772125244,1.2464640140533447
201.11338663101196,0,17.658493041992188,0.47167885303497314,1.2657215595245361
201.18000650405884,0,17.767478942871094,0.4752223491668701,1.2866098880767822
201.24662494659424,0,17.826345443725586,0.47329047322273254,1.2962729930877686
201.31324195861816,0,17.850360870361328,0.46809452772140503,1.2964496612548828
201.3465497493744,0,17.882291793823242,0.4629327654838562,1.2931790351867676
201.41316413879395,0,17.894405364990234,0.45971301198005676,1.2825711965560913
201.47977757453918,0,17.927690505981445,0.46138834953308105,1.2688357830047607
201.51308345794678,0,17.943050384521484,0.4622308015823364,1.255203366279602
201.61299920082092,0,17.99345588684082,0.46346795558929443,1.2410155534744263
201.67960786819458,0,18.052173614501953,0.4648497700691223,1.2286479473114014
201.74621510505676,0,18.02622413635254,0.46347010135650635,1.210315465927124
201.8128206729889,0,18.02994155883789,0.4635723829269409,1.1973992586135864
201.87942504882812,0,17.99690055847168,0.4640175700187683,1.1847167015075684
201.9460277557373,0,17.984359741210938,0.4650305211544037,1.1753382682800293
202.01263666152954,0,17.986074447631836,0.46562549471855164,1.1685179471969604
202.07924842834473,0,18.014179229736328,0.4659440815448761,1.1652371883392334
202.14585876464844,0,18.017513275146484,0.4660624563694,1.1604673862457275
202.2124674320221,0,18.00602912902832,0.4651750326156616,1.156820297241211
202.2790744304657,0,18.062894821166992,0.46640652418136597,1.1585279703140259
202.31237745285034,0,18.00307273864746,0.4649348855018616,1.1522321701049805
202.37898182868958,0,18.035175323486328,0.46512216329574585,1.1523220539093018
202.44558477401733,0,17.988018035888672,0.4638221561908722,1.1478179693222046
202.5121865272522,0,17.968774795532227,0.46354469656944275,1.1459134817123413
202.57878637313843,0,17.952112197875977,0.4630201458930969,1.1435985565185547
202.64538431167603,0,17.9736270904541,0.46338194608688354,1.1443886756896973
202.71198081970215,0,18.01439094543457,0.464578777551651,1.1465508937835693
202.7785758972168,0,18.030134201049805,0.4644237756729126,1.147168755531311
202.8451693058014,0,17.963748931884766,0.4629405736923218,1.1425690650939941
202.91176104545593,0,18.001272201538086,0.46384039521217346,1.1447662115097046
202.94505620002747,0,18.013757705688477,0.46436119079589844,1.145404577255249
203.01171255111694,0,17.978504180908203,0.46341022849082947,1.1427937746047974
203.0783703327179,0,18.036834716796875,0.46489137411117554,1.146449089050293
203.14502692222595,0,18.0532283782959,0.4656562805175781,1.147599697113037
203.21168279647827,0,18.013578414916992,0.46471861004829407,1.1450320482254028
203.24501013755798,0,18.038299560546875,0.4653082489967346,1.1464558839797974
203.31166458129883,0,18.038583755493164,0.46560022234916687,1.1469746828079224
203.37831807136536,0,18.082794189453125,0.4674006998538971,1.1507656574249268
203.44497060775757,0,18.136028289794922,0.46933966875076294,1.154455304145813
203.51162242889404,0,18.07728385925293,0.4676781892776489,1.1511071920394897
203.54494786262512,0,18.108118057250977,0.4682595729827881,1.1526094675064087
203.61159825325012,0,18.186059951782227,0.469430148601532,1.1577950716018677
203.64492297172546,0,18.090927124023438,0.4662543535232544,1.150782585144043
203.711571931839,0,18.002323150634766,0.4620613157749176,1.145025610923767
203.77822017669678,0,17.92319679260254,0.45856165885925293,1.1395846605300903
203.8115439414978,0,17.910249710083008,0.4567607045173645,1.1385456323623657
203.87819027900696,0,17.97694206237793,0.45801547169685364,1.1421453952789307
203.94483637809753,0,17.937274932861328,0.45675602555274963,1.1397706270217896
204.01148200035095,0,17.93409538269043,0.4569086730480194,1.139355182647705
204.07813262939453,0,17.967161178588867,0.45720961689949036,1.1412006616592407
204.1447823047638,0,17.88631820678711,0.4553929567337036,1.136022925376892
204.17810702323914,0,17.906911849975586,0.4554668664932251,1.1373978853225708
204.2447555065155,0,17.917339324951172,0.45590272545814514,1.1378238201141357
204.31140327453613,0,17.798507690429688,0.4522837698459625,1.1299057006835938
204.37804985046387,0,17.772991180419922,0.4510270059108734,1.1282142400741577
204.44469594955444,0,17.761415481567383,0.44986969232559204,1.1276057958602905
204.51134085655212,0,17.743623733520508,0.44932791590690613,1.1266449689865112
204.57798528671265,0,17.734540939331055,0.44943034648895264,1.1261005401611328
204.61130738258362,0,17.76944351196289,0.45072442293167114,1.127808690071106
204.6779501438141,0,17.82790184020996,0.4525202810764313,1.1312769651412964
204.7445924282074,0,17.839435577392578,0.4529544711112976,1.1317036151885986
204.8112335205078,0,17.81796646118164,0.4522038996219635,1.1307069063186646
204.87787413597107,0,17.819875717163086,0.45210880041122437,1.1307767629623413
204.94451355934143,0,17.830453872680664,0.45271825790405273,1.1312592029571533
204.97783303260803,0,17.838045120239258,0.45342952013015747,1.1316893100738525
205.0445065498352,0,17.84553337097168,0.45371368527412415,1.131868839263916
205.1111478805542,0,17.826454162597656,0.45329567790031433,1.1306239366531372
205.17778778076172,0,17.85955047607422,0.45370885729789734,1.1325074434280396
205.24442625045776,0,17.886028289794922,0.45409849286079407,1.1339951753616333
205.31106328964233,0,17.850101470947266,0.45331066846847534,1.1320559978485107
205.377699136734,0,17.796480178833008,0.4523122012615204,1.1287614107131958
205.4443335533142,0,17.853004455566406,0.4542424976825714,1.1320494413375854
205.5109667778015,0,17.762174606323242,0.4519423544406891,1.1261361837387085
205.6109139919281,0,17.756839752197266,0.4515382945537567,1.1265919208526611
205.64422917366028,0,17.784761428833008,0.45263054966926575,1.1281710863113403
205.74417233467102,0,17.846332550048828,0.45403799414634705,1.1320539712905884
205.81079936027527,0,17.85782814025879,0.45440900325775146,1.132588505744934
205.87742519378662,0,17.81133460998535,0.45293447375297546,1.1296093463897705
205.97736144065857,0,17.77341651916504,0.45209231972694397,1.127365231513977
206.04398465156555,0,17.789867401123047,0.4524424970149994,1.1280206441879272
206.14413475990295,0,17.865745544433594,0.45504504442214966,1.132772445678711
206.24428629875183,0,17.894861221313477,0.45640987157821655,1.1343549489974976
206.47798132896423,0,17.918079376220703,0.4570181369781494,1.1363270282745361
206.54475331306458,0,17.944360733032227,0.4579468071460724,1.1382136344909668
206.64491271972656,0,18.000341415405273,0.4590330123901367,1.1421314477920532
206.71168684959412,0,18.00212287902832,0.4584556519985199,1.1424959897994995
206.77846217155457,0,18.000099182128906,0.45853057503700256,1.1423007249832153
206.87862610816956,0,17.982349395751953,0.45872634649276733,1.1409873962402344
206.91201448440552,0,17.991405487060547,0.45934897661209106,1.1415557861328125
207.01218104362488,0,18.016759872436523,0.46045681834220886,1.1429533958435059
207.07892107963562,0,17.93082046508789,0.4590485394001007,1.1373809576034546
207.14559149742126,0,17.954654693603516,0.4596414566040039,1.1391181945800781
207.2122609615326,0,17.994613647460938,0.46072855591773987,1.1411082744598389
207.2789294719696,0,17.919857025146484,0.45868635177612305,1.1360588073730469
207.34559726715088,0,17.927085876464844,0.4590146243572235,1.1369611024856567
207.41226434707642,0,17.9703426361084,0.4599146842956543,1.1396512985229492
207.47893023490906,0,17.94795036315918,0.4567088782787323,1.1389422416687012
207.54559564590454,0,17.93592643737793,0.45202186703681946,1.1421520709991455
207.61225986480713,0,17.939861297607422,0.4491683840751648,1.14992094039917
207.67892336845398,0,18.016206741333008,0.45065441727638245,1.1664948463439941
207.7455861568451,0,18.161136627197266,0.45483317971229553,1.1895534992218018
207.91223883628845,0,18.252914428710938,0.45230334997177124,1.2159996032714844
207.97889852523804,0,18.207042694091797,0.4483443796634674,1.2295085191726685
208.04555749893188,0,18.23550033569336,0.44971829652786255,1.2412506341934204
208.11223530769348,0,18.22266960144043,0.4535194933414459,1.246126651763916
208.17883682250977,0,18.300697326660156,0.46300047636032104,1.2542331218719482
208.24543642997742,0,18.329910278320312,0.4723072648048401,1.256486177444458
208.2787356376648,0,18.435482025146484,0.48201316595077515,1.2632707357406616
208.34533262252808,0,18.42682647705078,0.48651596903800964,1.2610516548156738
208.4119279384613,0,18.49867820739746,0.4900381565093994,1.2632743120193481
208.4785213470459,0,18.525760650634766,0.4897150993347168,1.2607280015945435
208.51181721687317,0,18.43338394165039,0.48616284132003784,1.2494453191757202
208.5784080028534,0,18.523162841796875,0.48480138182640076,1.24969482421875
208.64499688148499,0,18.63700294494629,0.4830988645553589,1.2497750520706177
208.71158409118652,0,18.70814323425293,0.4815868139266968,1.2475703954696655
208.74487686157227,0,18.817354202270508,0.4822653532028198,1.248697280883789
208.81146121025085,0,18.881813049316406,0.4824711084365845,1.2482874393463135
208.87804412841797,0,18.900985717773438,0.48201051354408264,1.2442737817764282
208.94462490081787,0,18.722681045532227,0.4774512052536011,1.2279633283615112
209.01120400428772,0,18.79417610168457,0.47864025831222534,1.2268630266189575
209.07778120040894,0,18.821762084960938,0.4782099425792694,1.2231879234313965
209.14437413215637,0,18.779483795166016,0.4757264256477356,1.213712453842163
209.2109797000885,0,18.74326515197754,0.4745149612426758,1.2064762115478516
209.277583360672,0,18.679725646972656,0.47439417243003845,1.1994781494140625
209.34418511390686,0,18.59920310974121,0.4744810461997986,1.1921085119247437
209.4107849597931,0,18.54741096496582,0.4746663570404053,1.187119483947754
209.4773828983307,0,18.471725463867188,0.4734513461589813,1.1807852983474731
209.54397916793823,0,18.457969665527344,0.47495338320732117,1.178274154663086
209.61057305335999,0,18.52210235595703,0.4761664569377899,1.1806564331054688
209.67716550827026,0,18.509794235229492,0.4764450490474701,1.1791025400161743
209.74375581741333,0,18.531497955322266,0.47717010974884033,1.1793135404586792
209.81034421920776,0,18.5531005859375,0.4781315326690674,1.1799256801605225
209.84363770484924,0,18.53407096862793,0.47744885087013245,1.1781741380691528
209.91022300720215,0,18.56985855102539,0.478180468082428,1.1804755926132202
209.976806640625,0,18.540897369384766,0.4779542088508606,1.1789755821228027
210.04338836669922,0,18.573368072509766,0.4788823127746582,1.1809290647506714
210.10996913909912,0,18.591148376464844,0.4794934093952179,1.1821762323379517
210.17660522460938,0,18.5419921875,0.4784870743751526,1.1781970262527466
210.20990633964539,0,18.53864288330078,0.4780544340610504,1.1776074171066284
210.27650713920593,0,18.58411979675293,0.47976353764533997,1.1798871755599976
210.343106508255,0,18.620615005493164,0.48076140880584717,1.1820006370544434
210.40970396995544,0,18.620702743530273,0.48118826746940613,1.1815625429153442
210.47629952430725,0,18.52735137939453,0.47875815629959106,1.175850510597229
210.57618951797485,0,18.559720993041992,0.480099081993103,1.1783671379089355
210.64278101921082,0,18.568471908569336,0.4803955554962158,1.1780472993850708
210.70937037467957,0,18.50767707824707,0.4789508879184723,1.1744381189346313
210.77595782279968,0,18.50485610961914,0.47994187474250793,1.1742446422576904
210.80925107002258,0,18.55962371826172,0.4811384081840515,1.178086757659912
210.8758361339569,0,18.5772762298584,0.482221782207489,1.1795098781585693
210.9424192905426,0,18.537485122680664,0.480765700340271,1.1771419048309326
211.00900077819824,0,18.48744010925293,0.47930118441581726,1.173441767692566
211.07558035850525,0,18.55904769897461,0.4813002943992615,1.1768113374710083
211.10886979103088,0,18.525129318237305,0.4804055392742157,1.1748909950256348
211.17544198036194,0,18.53290557861328,0.4799983501434326,1.1752516031265259
211.2420048713684,0,18.56492805480957,0.48118528723716736,1.1774351596832275
211.30856490135193,0,18.582263946533203,0.4813931882381439,1.1789562702178955
211.3751220703125,0,18.55146026611328,0.4801687002182007,1.1771104335784912
211.44167590141296,0,18.54067611694336,0.480440229177475,1.1763371229171753
211.50822710990906,0,18.51081085205078,0.48035281896591187,1.1745010614395142
211.57477521896362,0,18.579059600830078,0.4823007583618164,1.1779917478561401
211.64132070541382,0,18.553823471069336,0.481677770614624,1.1767070293426514
211.7078628540039,0,18.589094161987305,0.4830319583415985,1.1788955926895142
211.77440237998962,0,18.60116958618164,0.48273563385009766,1.179449200630188
211.80767107009888,0,18.53456687927246,0.4809476435184479,1.1750242710113525
211.8742060661316,0,18.553720474243164,0.4811573028564453,1.1763685941696167
211.94073796272278,0,18.57842445373535,0.48183131217956543,1.1781426668167114
212.00726699829102,0,18.570890426635742,0.48141664266586304,1.1779828071594238
212.07379341125488,0,18.517093658447266,0.48024123907089233,1.174733281135559
212.14031767845154,0,18.52412986755371,0.4797981083393097,1.1751652956008911
212.2406735420227,0,18.559972763061523,0.48073771595954895,1.1775037050247192
212.30772137641907,0,18.47711181640625,0.4791182279586792,1.1726365089416504
212.37477850914001,0,18.45745277404785,0.47889888286590576,1.171309232711792
212.44184517860413,0,18.543384552001953,0.48180386424064636,1.1760668754577637
212.50892090797424,0,18.640108108520508,0.48455139994621277,1.182273268699646
212.5760054588318,0,18.616289138793945,0.48408663272857666,1.181491732597351
212.64309978485107,0,18.63800621032715,0.4859779477119446,1.1847271919250488
212.84443759918213,0,18.748191833496094,0.49373894929885864,1.2227277755737305
212.9115686416626,0,18.79344367980957,0.49809926748275757,1.2576420307159424
212.94513773918152,0,18.758628845214844,0.49863705039024353,1.2823790311813354
213.01228260993958,0,18.756654739379883,0.49956953525543213,1.304083228111267
213.0794370174408,0,18.695287704467773,0.49936509132385254,1.3134225606918335
213.1130175590515,0,18.70459747314453,0.49977755546569824,1.3221763372421265
213.18017983436584,0,18.754344940185547,0.5013666152954102,1.3237522840499878
213.24685859680176,0,18.765424728393555,0.5016125440597534,1.3143205642700195
213.3135368824005,0,18.85845184326172,0.5022129416465759,1.3062235116958618
213.34687566757202,0,18.917387008666992,0.5025293827056885,1.2976784706115723
213.41355347633362,0,18.972272872924805,0.5036208629608154,1.2874048948287964
213.4802303314209,0,19.135408401489258,0.5083534121513367,1.284021258354187
213.5469069480896,0,19.202667236328125,0.5122342109680176,1.27440345287323
213.61358261108398,0,19.25287437438965,0.5154855251312256,1.265243649482727
213.68025827407837,0,19.130966186523438,0.5121781229972839,1.2482162714004517
213.71359586715698,0,19.098079681396484,0.5098546147346497,1.2382680177688599
213.78027057647705,0,19.046249389648438,0.5070986747741699,1.2293469905853271
213.84694504737854,0,19.14686393737793,0.5080167651176453,1.2305313348770142
213.9136185646057,0,19.198366165161133,0.5076071619987488,1.2303600311279297
213.9802918434143,0,19.21404266357422,0.5059176087379456,1.2292399406433105
214.04696440696716,0,19.347793579101562,0.5079712867736816,1.2355130910873413
214.0803005695343,0,19.349584579467773,0.5073913931846619,1.2335846424102783
214.14697289466858,0,19.360368728637695,0.507000744342804,1.2329399585723877
214.24700784683228,0,19.28546142578125,0.5037828683853149,1.2262765169143677
214.34727954864502,0,19.2924747467041,0.5039266347885132,1.226471185684204
214.4475553035736,0,19.215044021606445,0.502324104309082,1.2201017141342163
214.54783535003662,0,19.265047073364258,0.5032764077186584,1.2225147485733032
214.61469101905823,0,19.265178680419922,0.5033723711967468,1.2215453386306763
214.7149782180786,0,19.375255584716797,0.5057138204574585,1.22797429561615
214.78183841705322,0,19.332136154174805,0.5047065615653992,1.2245230674743652
214.84870076179504,0,19.312726974487305,0.5032703280448914,1.2224061489105225
214.91556477546692,0,19.28325843811035,0.5023702383041382,1.2205229997634888
214.98243069648743,0,19.289337158203125,0.5021871328353882,1.220845341682434
215.08273339271545,0,19.273433685302734,0.5016831755638123,1.2195265293121338
215.14960384368896,0,19.240089416503906,0.5006877183914185,1.2166578769683838
215.2164764404297,0,19.286449432373047,0.5017774105072021,1.2190274000167847
215.2832682132721,0,19.25619888305664,0.5006698369979858,1.2168272733688354
215.35035705566406,0,19.33334732055664,0.5020937919616699,1.2216267585754395
215.41782927513123,0,19.331167221069336,0.5026682019233704,1.2212707996368408
215.48531126976013,0,19.259292602539062,0.5010642409324646,1.2164709568023682
215.55280256271362,0,19.297040939331055,0.5028392672538757,1.2184327840805054
215.62030410766602,0,19.32550811767578,0.5034307241439819,1.2202879190444946
215.68781518936157,0,19.334943771362305,0.5028599500656128,1.2213537693023682
215.7553358078003,0,19.29922866821289,0.5013759136199951,1.219975471496582
215.82286643981934,0,19.285459518432617,0.5010390281677246,1.219465970993042
215.89040660858154,0,19.195951461791992,0.4987686574459076,1.2146309614181519
215.9241805076599,0,19.19280242919922,0.4983031451702118,1.2147154808044434
215.99173545837402,0,19.203861236572266,0.49851927161216736,1.2161977291107178
216.0592999458313,0,19.202529907226562,0.4985065758228302,1.2163017988204956
216.1268744468689,0,19.223604202270508,0.4994743764400482,1.217712163925171
216.16066527366638,0,19.193756103515625,0.4985911548137665,1.2160028219223022
216.2282543182373,0,19.209375381469727,0.4990256726741791,1.2167493104934692
216.2958528995514,0,19.18903350830078,0.49900269508361816,1.2150371074676514
216.36296153068542,0,19.1839656829834,0.49920880794525146,1.2140002250671387
216.4295916557312,0,19.211355209350586,0.500062108039856,1.2151868343353271
216.52953433990479,0,19.242712020874023,0.5014793276786804,1.217132806777954
216.59616136550903,0,19.367069244384766,0.5041956901550293,1.2247295379638672
216.66278672218323,0,19.351253509521484,0.5037160515785217,1.2247318029403687
216.7294111251831,0,19.383373260498047,0.5045658946037292,1.2269139289855957
216.7960340976715,0,19.408157348632812,0.5034986734390259,1.2310727834701538
216.86265587806702,0,19.412736892700195,0.5020892024040222,1.2374451160430908
217.02920484542847,0,19.355199813842773,0.4999862015247345,1.252332091331482
217.0958218574524,0,19.38270378112793,0.50041663646698,1.2728136777877808
217.162437915802,0,19.38230323791504,0.5015404224395752,1.2883933782577515
217.22905254364014,0,19.42793083190918,0.5052456855773926,1.3037595748901367
217.29566621780396,0,19.432058334350586,0.5087878704071045,1.3103348016738892
217.36236262321472,0,19.414520263671875,0.5124000310897827,1.30986487865448
217.428955078125,0,19.490686416625977,0.5175157189369202,1.3106025457382202
217.49554562568665,0,19.468523025512695,0.5193368196487427,1.3009521961212158
217.56213402748108,0,19.501300811767578,0.5219040513038635,1.2929357290267944
217.59542775154114,0,19.53546142578125,0.524597704410553,1.2847199440002441
217.66201305389404,0,19.648954391479492,0.5291033387184143,1.2823714017868042
217.72859692573547,0,19.620264053344727,0.5295968651771545,1.2729250192642212
217.7951786518097,0,19.568519592285156,0.5289446115493774,1.263878583908081
217.86175847053528,0,19.614011764526367,0.5299422144889832,1.2629389762878418
218.02819967269897,0,19.597110748291016,0.5263904333114624,1.2584457397460938
218.09477257728577,0,19.623422622680664,0.5243776440620422,1.2568062543869019
218.16134357452393,0,19.603933334350586,0.5217896103858948,1.2533129453659058
218.19462847709656,0,19.596200942993164,0.5203360915184021,1.250687837600708
218.26119661331177,0,19.568872451782227,0.5188187956809998,1.2473257780075073
218.32776308059692,0,19.522920608520508,0.5167607665061951,1.2430237531661987
218.36104774475098,0,19.526317596435547,0.5161764025688171,1.2418984174728394
218.4276282787323,0,19.529041290283203,0.5157337188720703,1.2409093379974365
218.4942066669464,0,19.45446014404297,0.5132231712341309,1.2353191375732422
218.56078267097473,0,19.4155330657959,0.5114662051200867,1.2324800491333008
218.59406995773315,0,19.414491653442383,0.5107736587524414,1.2323757410049438
218.66064262390137,0,19.397310256958008,0.5097732543945312,1.2310842275619507
218.72721362113953,0,19.349075317382812,0.5084547996520996,1.2274590730667114
218.7937822341919,0,19.35580825805664,0.5084814429283142,1.2277939319610596
218.82706546783447,0,19.35386085510254,0.5085099339485168,1.2275702953338623
218.89363074302673,0,19.339746475219727,0.5080769062042236,1.2264326810836792
218.9601936340332,0,19.364887237548828,0.5085126757621765,1.22759211063385
218.99347448349,0,19.40195655822754,0.5086500644683838,1.2303401231765747
219.06003427505493,0,19.41500473022461,0.5091768503189087,1.2310607433319092
219.12659215927124,0,19.492197036743164,0.5109572410583496,1.2357916831970215
219.19314765930176,0,19.50811767578125,0.5107069611549377,1.2369040250778198
219.25970101356506,0,19.512422561645508,0.5103875994682312,1.23675537109375
219.32625198364258,0,19.510452270507812,0.5100701451301575,1.2369837760925293
219.35952949523926,0,19.518415451049805,0.5099031925201416,1.237760305404663
219.42621421813965,0,19.57906723022461,0.5114791989326477,1.2414013147354126
220.65850281715393,0,20.082914352416992,0.5262690782546997,1.2698101997375488
220.72509503364563,0,20.095684051513672,0.526095986366272,1.2707487344741821
220.7916853427887,0,19.98609161376953,0.5226944088935852,1.263878345489502
220.82498002052307,0,19.941747665405273,0.5218706727027893,1.261334776878357
220.89156794548035,0,19.978548049926758,0.5231031775474548,1.263930082321167
220.958153963089,0,19.972475051879883,0.5229171514511108,1.2640314102172852
221.024738073349,0,19.94281768798828,0.5223042964935303,1.2626324892044067
221.09132051467896,0,19.94403076171875,0.5221841335296631,1.2627605199813843
221.1246109008789,0,19.94597625732422,0.5224230885505676,1.2631779909133911
221.1911904811859,0,19.922292709350586,0.5215249061584473,1.2616230249404907
221.25776839256287,0,19.93941879272461,0.5220988392829895,1.2630428075790405
221.3243443965912,0,19.939889907836914,0.5217346549034119,1.2624318599700928
221.3909206390381,0,19.977060317993164,0.522956132888794,1.264852523803711
221.3909206390381,1,21.435447692871094,-5.514405727386475,1.295247197151184
221.4576075077057,0,19.930810928344727,0.5215030908584595,1.2617844343185425
221.4576075077057,1,21.276412963867188,-5.47320556640625,1.2858612537384033
221.52425932884216,0,19.924110412597656,0.521558940410614,1.2616835832595825
221.52425932884216,1,21.320777893066406,-5.484663486480713,1.2883572578430176
221.62423515319824,0,19.80166244506836,0.518298864364624,1.2550015449523926
221.62423515319824,1,21.1654052734375,-5.442500114440918,1.2796763181686401
221.69088459014893,0,19.734838485717773,0.516149640083313,1.2552568912506104
221.7575328350067,0,19.86903190612793,0.5193612575531006,1.2731313705444336
221.82418012619019,0,19.90412712097168,0.520042896270752,1.2894068956375122
221.92414903640747,0,19.98986053466797,0.5253822207450867,1.3088228702545166
221.99079370498657,0,19.990108489990234,0.5289954543113708,1.3176988363265991
222.05743741989136,0,20.062602996826172,0.5339576005935669,1.326600193977356
222.0907588005066,0,20.140695571899414,0.5382120013237,1.333980917930603
222.1574010848999,0,20.184064865112305,0.5415154695510864,1.3343032598495483
222.22404193878174,0,20.249958038330078,0.5445477962493896,1.3324469327926636
222.29068207740784,0,20.221065521240234,0.5450924634933472,1.3217188119888306
222.35732126235962,0,20.258888244628906,0.5473333597183228,1.316565752029419
222.42396020889282,0,20.191444396972656,0.5463382601737976,1.3058223724365234
222.4906623363495,0,20.334789276123047,0.548927903175354,1.3102922439575195
222.55735230445862,0,20.3160343170166,0.5481102466583252,1.3043700456619263
222.62404227256775,0,20.16509437561035,0.5420333743095398,1.2921879291534424
222.69073247909546,0,20.175554275512695,0.5402247905731201,1.2896456718444824
222.75742292404175,0,20.128089904785156,0.5351714491844177,1.2848135232925415
222.82411313056946,0,20.203752517700195,0.5331418514251709,1.287841558456421
222.89080333709717,0,20.411788940429688,0.5355605483055115,1.2999752759933472
222.95749378204346,0,20.332365036010742,0.5326674580574036,1.293694257736206
222.9908390045166,0,20.199607849121094,0.5283322334289551,1.2843546867370605
223.0575294494629,0,20.45220947265625,0.5324646830558777,1.3009368181228638
223.12421989440918,0,20.371301651000977,0.5299102067947388,1.2940210103988647
223.19091033935547,0,20.409008026123047,0.5301311016082764,1.2964948415756226
223.2242555618286,0,20.32273292541504,0.5279515385627747,1.2898447513580322
223.2909460067749,0,20.198707580566406,0.5254634022712708,1.281751275062561
223.3576364517212,0,20.231962203979492,0.5274820327758789,1.2841702699661255
223.39098167419434,0,20.195022583007812,0.5273975729942322,1.2824336290359497
223.45767259597778,0,20.15485954284668,0.5270532369613647,1.2799389362335205
223.52430748939514,0,20.03016471862793,0.524968683719635,1.2722909450531006
223.59094166755676,0,19.98177719116211,0.5241941213607788,1.2694766521453857
223.75752210617065,0,19.98033332824707,0.5248212218284607,1.2688251733779907
223.824152469635,0,19.9068546295166,0.5234770178794861,1.2647145986557007
223.89078164100647,0,19.969545364379883,0.5264552235603333,1.2690584659576416
223.9574100971222,0,19.94011878967285,0.5254838466644287,1.2667025327682495
224.02403736114502,0,19.971635818481445,0.5272462964057922,1.2687443494796753
224.09066343307495,0,19.861007690429688,0.5246507525444031,1.261777639389038
224.15728878974915,0,19.90502166748047,0.5253629088401794,1.2640732526779175
224.22391271591187,0,19.953624725341797,0.5260723233222961,1.267483115196228
224.32384705543518,0,19.973148345947266,0.526409387588501,1.268440842628479
224.3904685974121,0,19.997501373291016,0.5269161462783813,1.2700105905532837
224.45708990097046,0,19.983592987060547,0.5266991853713989,1.2695066928863525
224.52374744415283,0,19.985342025756836,0.526161253452301,1.2693086862564087
224.59035444259644,0,19.99772071838379,0.5263224244117737,1.270645022392273
224.65695929527283,0,19.97808837890625,0.5249168276786804,1.268161654472351
224.72356247901917,0,19.973575592041016,0.5249822735786438,1.2674686908721924
224.79016399383545,0,19.98830795288086,0.5253792405128479,1.2691730260849
224.85676336288452,0,19.960100173950195,0.5240821838378906,1.2672017812728882
224.9566593170166,0,19.964120864868164,0.5249162316322327,1.2678313255310059
225.02325463294983,0,19.976110458374023,0.5254433155059814,1.2691738605499268
225.08984756469727,0,20.01857566833496,0.5267151594161987,1.2722337245941162
225.15643906593323,0,20.052555084228516,0.5277406573295593,1.2745803594589233
225.22302865982056,0,20.019304275512695,0.5263621807098389,1.2722101211547852
225.28961658477783,0,20.029613494873047,0.5260525941848755,1.2722972631454468
225.35620260238647,0,20.031667709350586,0.5259724855422974,1.272863745689392
225.45607829093933,0,19.97859764099121,0.5238549709320068,1.2693140506744385
225.52266597747803,0,19.985088348388672,0.5240294337272644,1.270189642906189
225.5892550945282,0,20.000574111938477,0.5245712995529175,1.2709171772003174
225.65584254264832,0,20.079683303833008,0.5272990465164185,1.2758374214172363
225.72242784500122,0,20.068653106689453,0.5268027782440186,1.2748652696609497
225.72242784500122,1,21.034833908081055,-5.230377197265625,1.2717952728271484
225.8223021030426,0,20.030941009521484,0.5250843167304993,1.271910548210144
225.8223021030426,1,20.83808135986328,-5.181746482849121,1.2595372200012207
225.8888828754425,0,20.096067428588867,0.5269008278846741,1.275216817855835
225.8888828754425,1,20.74201011657715,-5.158600807189941,1.2533038854599
225.9554615020752,0,20.046314239501953,0.5253342986106873,1.271946668624878
225.9554615020752,1,20.654586791992188,-5.135986804962158,1.2476648092269897
226.05532598495483,0,20.00174903869629,0.5238927602767944,1.2693060636520386
226.12189984321594,0,20.014822006225586,0.525076150894165,1.2703485488891602
226.12189984321594,1,20.709426879882812,-5.14841890335083,1.2512097358703613
226.18847179412842,0,19.960447311401367,0.523350179195404,1.2669771909713745
226.18847179412842,1,20.664897918701172,-5.1372389793396,1.2485471963882446
226.25504183769226,0,19.921621322631836,0.5217571258544922,1.2646048069000244
226.25504183769226,1,20.6317195892334,-5.128696441650391,1.245971918106079
226.32161021232605,0,19.92771339416504,0.5223944783210754,1.2656059265136719
226.42145895957947,0,19.87357521057129,0.5207220911979675,1.262006163597107
226.488023519516,0,19.868799209594727,0.52080237865448,1.261499285697937
226.52124428749084,0,19.92827033996582,0.522453784942627,1.264841079711914
226.62090039253235,0,19.95548439025879,0.5235214829444885,1.2662711143493652
226.65411686897278,0,19.934925079345703,0.5238031148910522,1.265548586845398
226.72054719924927,0,19.929405212402344,0.5230039954185486,1.2651349306106567
226.7869737148285,0,19.91777801513672,0.5224835872650146,1.2643698453903198
226.85339665412903,0,19.939525604248047,0.5227614641189575,1.2654731273651123
226.91981530189514,0,19.916343688964844,0.5217493176460266,1.2638740539550781
226.9862298965454,0,20.067935943603516,0.5257649421691895,1.272808313369751
227.0526406764984,0,20.05963897705078,0.5253873467445374,1.2731562852859497
227.11904764175415,0,20.001426696777344,0.5245406627655029,1.2699819803237915
227.18545079231262,0,19.955249786376953,0.5230578184127808,1.266890048980713
227.25184965133667,0,19.887523651123047,0.5210320949554443,1.2621934413909912
227.31824493408203,0,19.791000366210938,0.5178437829017639,1.2560244798660278
227.38463616371155,0,19.83376693725586,0.5194739699363708,1.2580187320709229
227.4510235786438,0,19.8785457611084,0.5207827091217041,1.2604286670684814
227.51754355430603,0,19.94281578063965,0.5221446752548218,1.2643415927886963
227.58420705795288,0,19.931564331054688,0.5223707556724548,1.263097882270813
227.65086960792542,0,19.92061424255371,0.5225620865821838,1.262727975845337
227.71753120422363,0,19.874109268188477,0.5209431052207947,1.2605544328689575
227.78419184684753,0,19.8453311920166,0.5206552743911743,1.2589951753616333
227.85085153579712,0,19.817045211791992,0.5203760862350464,1.257165789604187
227.95083928108215,0,19.796396255493164,0.5195455551147461,1.25617253780365
228.01749658584595,0,19.808446884155273,0.5200711488723755,1.2575302124023438
228.08415269851685,0,19.923328399658203,0.5229120850563049,1.2650198936462402
228.18413543701172,0,19.975271224975586,0.5241612195968628,1.267629861831665
228.21746253967285,0,19.903682708740234,0.5224729180335999,1.263316035270691
228.2841157913208,0,19.89171600341797,0.5221213698387146,1.2620818614959717
228.350768327713,0,19.90647315979004,0.5224929451942444,1.2635483741760254
228.4174199104309,0,20.024866104125977,0.5257856249809265,1.2704238891601562
228.4840703010559,0,19.997159957885742,0.5248032808303833,1.2687653303146362
228.55071592330933,0,20.002643585205078,0.5246909260749817,1.26912522315979
228.6173858642578,0,19.92049217224121,0.5228652358055115,1.2641098499298096
228.71738934516907,0,19.88475799560547,0.5216705799102783,1.2618873119354248
228.78405714035034,0,19.956811904907227,0.523988664150238,1.2666889429092407
228.88405752182007,0,19.92087173461914,0.5235413312911987,1.2641546726226807
228.95072317123413,0,19.94462013244629,0.5233837962150574,1.2661237716674805
229.01738858222961,0,19.85395050048828,0.5207532048225403,1.260259747505188
229.0840528011322,0,19.94773292541504,0.5230434536933899,1.266841173171997
229.1840476989746,0,19.862037658691406,0.5212371349334717,1.2611925601959229
229.25071001052856,0,19.887685775756836,0.5219076871871948,1.262626051902771
229.31737160682678,0,19.85625457763672,0.5207317471504211,1.2611572742462158
229.38403248786926,0,19.879514694213867,0.5219554305076599,1.261724829673767
229.41736245155334,0,19.876686096191406,0.5219027400016785,1.2616108655929565
229.48402214050293,0,19.865856170654297,0.5213764309883118,1.260535717010498
229.55068063735962,0,19.87555694580078,0.5220164656639099,1.2605715990066528
229.6506268978119,0,19.916173934936523,0.5235900282859802,1.2632603645324707
229.71725606918335,0,19.89729881286621,0.523169755935669,1.2623300552368164
229.78388357162476,0,20.02339744567871,0.5263285040855408,1.269977331161499
229.85051012039185,0,20.006521224975586,0.5251986384391785,1.2694268226623535
229.91713523864746,0,19.994211196899414,0.5245341062545776,1.2688151597976685
229.98375868797302,0,19.922975540161133,0.5224066376686096,1.2642388343811035
230.0503807067871,0,19.918811798095703,0.522675633430481,1.2642585039138794
230.08369135856628,0,19.890239715576172,0.5225410461425781,1.262619137763977
230.18362069129944,0,19.78941535949707,0.5193718075752258,1.256564736366272
230.21693015098572,0,19.890474319458008,0.5220349431037903,1.2627249956130981
230.28354716300964,0,19.926027297973633,0.5230568051338196,1.2649399042129517
230.35016298294067,0,19.912151336669922,0.5228801369667053,1.2645440101623535
230.41677737236023,0,19.904617309570312,0.5225998759269714,1.263725757598877
230.4833905696869,0,19.86336898803711,0.5219748020172119,1.2613065242767334
230.55000233650208,0,19.90533447265625,0.522816002368927,1.2632660865783691
230.61665892601013,0,19.996850967407227,0.5243558883666992,1.268930196762085
230.68334698677063,0,19.9390811920166,0.522983729839325,1.2659965753555298
230.75003576278687,0,20.02533721923828,0.5246146321296692,1.27194344997406
230.81672477722168,0,20.026968002319336,0.5252374410629272,1.271222710609436
230.88341403007507,0,19.995769500732422,0.524917483329773,1.2689697742462158
230.9501039981842,0,20.036836624145508,0.5259802341461182,1.2720365524291992
231.0167942047119,0,20.013395309448242,0.5258818864822388,1.2700366973876953
231.08348441123962,0,20.07712745666504,0.5272127985954285,1.273646593093872
231.15017557144165,0,20.034095764160156,0.5257506966590881,1.27189040184021
231.18352127075195,0,19.966535568237305,0.523624837398529,1.2679028511047363
231.25021290779114,0,19.923559188842773,0.5228232741355896,1.263964056968689
231.31690502166748,0,20.015419006347656,0.5251137614250183,1.2701669931411743
231.3835973739624,0,19.97573471069336,0.5234249830245972,1.268253207206726
231.45029020309448,0,19.882015228271484,0.521598219871521,1.2625035047531128
231.51698350906372,0,19.85074234008789,0.5214014053344727,1.2605422735214233
231.5836763381958,0,19.817398071289062,0.5196954011917114,1.2578762769699097
231.65078020095825,0,19.854238510131836,0.5209086537361145,1.26021409034729
231.7178943157196,0,19.9080810546875,0.5222283601760864,1.263302206993103
231.81858491897583,0,19.99129867553711,0.524013102054596,1.2685513496398926
231.8857250213623,0,20.01666259765625,0.5248068571090698,1.2698060274124146
231.9528751373291,0,19.94704246520996,0.5228427648544312,1.2656147480010986
232.0200355052948,0,19.974720001220703,0.5233777165412903,1.26736581325531
232.08720636367798,0,20.00742530822754,0.5242461562156677,1.2691981792449951
232.15438771247864,0,19.910350799560547,0.5225282311439514,1.2629179954528809
232.22157907485962,0,19.946571350097656,0.524116039276123,1.2663955688476562
232.3223855495453,0,19.87799644470215,0.5223607420921326,1.2623214721679688
232.3896026611328,0,19.89203643798828,0.5223168134689331,1.26267671585083
232.45683026313782,0,19.914915084838867,0.5233540534973145,1.2646535634994507
232.52406811714172,0,19.837100982666016,0.5215510725975037,1.2594839334487915
232.5913097858429,0,19.846948623657227,0.521415650844574,1.2600133419036865
232.65801548957825,0,19.75084114074707,0.5187867283821106,1.2541582584381104
232.72472167015076,0,19.794843673706055,0.5196012258529663,1.2563567161560059
232.82478094100952,0,19.774158477783203,0.5191272497177124,1.2550740242004395
232.8914873600006,0,19.715009689331055,0.5173698663711548,1.252284049987793
232.95819401741028,0,19.82852554321289,0.5208839774131775,1.2592973709106445
232.95819401741028,1,19.723814010620117,-4.902978897094727,1.1905783414840698
233.02490043640137,0,19.884342193603516,0.5223529934883118,1.2632744312286377
233.02490043640137,1,19.847963333129883,-4.9337687492370605,1.1977373361587524
233.0916075706482,0,19.865406036376953,0.5213224291801453,1.2619812488555908
233.0916075706482,1,19.79058265686035,-4.918990135192871,1.194381833076477
233.19166779518127,0,19.876691818237305,0.5223734974861145,1.2624876499176025
233.19166779518127,1,19.934694290161133,-4.954733371734619,1.2039653062820435
233.25837516784668,0,19.84115219116211,0.5215222835540771,1.2607536315917969
233.25837516784668,1,20.02896499633789,-4.9787397384643555,1.2098314762115479
233.3250823020935,0,19.792308807373047,0.5200456380844116,1.257393479347229
233.3250823020935,1,19.845195770263672,-4.9313578605651855,1.1988351345062256
233.3917899131775,0,19.803213119506836,0.5196753144264221,1.2576794624328613
233.3917899131775,1,19.976438522338867,-4.963830471038818,1.2072207927703857
233.45849752426147,0,19.847566604614258,0.520684003829956,1.260427474975586
233.45849752426147,1,20.193513870239258,-5.016836643218994,1.221206784248352
233.52520489692688,0,19.7651309967041,0.5180456638336182,1.2556768655776978
233.52520489692688,1,20.24159049987793,-5.030055999755859,1.2252581119537354
233.6252670288086,0,19.797704696655273,0.5195982456207275,1.2579320669174194
233.6252670288086,1,20.37555694580078,-5.065162181854248,1.2320400476455688
233.69200038909912,0,19.76298713684082,0.518109142780304,1.255357027053833
233.69200038909912,1,20.462236404418945,-5.087940216064453,1.2370927333831787
233.79210090637207,0,19.882116317749023,0.5217128992080688,1.2628157138824463
233.79210090637207,1,20.56108856201172,-5.112288475036621,1.242231845855713
233.8254680633545,0,19.863191604614258,0.5210394263267517,1.261853814125061
233.8254680633545,1,20.560958862304688,-5.112311840057373,1.241859793663025
233.92556977272034,0,19.826749801635742,0.5193889737129211,1.2594105005264282
233.92556977272034,1,20.604015350341797,-5.122468948364258,1.2452691793441772
233.99230456352234,0,19.769678115844727,0.5173642039299011,1.255570411682129
233.99230456352234,1,20.509546279907227,-5.098116397857666,1.2405344247817993
234.09240746498108,0,19.6832218170166,0.5154228806495667,1.2497386932373047
234.09240746498108,1,20.269378662109375,-5.0380778312683105,1.2250401973724365
234.15914297103882,0,19.652008056640625,0.5147192478179932,1.2471821308135986
234.15914297103882,1,19.921937942504883,-4.949875831604004,1.2036584615707397
234.22587871551514,0,19.735721588134766,0.5167428255081177,1.252098560333252
234.22587871551514,1,20.1398868560791,-5.005143642425537,1.2175331115722656
234.2926149368286,0,19.742488861083984,0.5169665217399597,1.252893090248108
234.2926149368286,1,20.153783798217773,-5.007986068725586,1.2179251909255981
234.35935139656067,0,19.81561851501465,0.518879234790802,1.2571401596069336
234.35935139656067,1,20.304412841796875,-5.0455546379089355,1.2269645929336548
234.42608833312988,0,19.860584259033203,0.5202736258506775,1.259844422340393
234.42608833312988,1,20.180896759033203,-5.015651226043701,1.2195289134979248
234.52619409561157,0,19.765172958374023,0.5170314311981201,1.2539595365524292
234.52619409561157,1,20.30529022216797,-5.0463104248046875,1.2267359495162964
234.59293150901794,0,19.81019401550293,0.5185431241989136,1.256839632987976
234.59293150901794,1,20.516050338745117,-5.099353790283203,1.2396684885025024
234.65965485572815,0,19.84972381591797,0.5197681784629822,1.2593752145767212
234.65965485572815,1,20.628202438354492,-5.1276631355285645,1.2465988397598267
234.72639322280884,0,19.86264419555664,0.5204286575317383,1.260566234588623
234.72639322280884,1,20.483707427978516,-5.0931715965271,1.2382996082305908
234.8265016078949,0,19.961837768554688,0.5235483050346375,1.267055630683899
234.8265016078949,1,20.356781005859375,-5.06166934967041,1.2299917936325073
234.8932409286499,0,19.961172103881836,0.5234325528144836,1.2665953636169434
234.8932409286499,1,20.297637939453125,-5.046217918395996,1.2268767356872559
234.99335026741028,0,19.945730209350586,0.52316814661026,1.2656136751174927
234.99335026741028,1,20.358869552612305,-5.060973167419434,1.2305675745010376
235.06009030342102,0,19.931537628173828,0.523489236831665,1.264613151550293
235.06009030342102,1,20.41700553894043,-5.075689315795898,1.2336920499801636
235.12683057785034,0,19.901229858398438,0.522482693195343,1.2630542516708374
235.12683057785034,1,20.542036056518555,-5.10638952255249,1.241434931755066
235.19357109069824,0,19.904611587524414,0.5221412181854248,1.2630329132080078
235.19357109069824,1,20.486501693725586,-5.092044830322266,1.2370496988296509
235.2603120803833,0,19.800350189208984,0.5192874670028687,1.2563369274139404
235.2603120803833,1,20.449275970458984,-5.082274913787842,1.2342920303344727
235.32705330848694,0,19.83338165283203,0.5202258229255676,1.2589523792266846
235.39379477500916,0,19.785858154296875,0.5189964771270752,1.2561858892440796
235.39379477500916,1,20.488800048828125,-5.092347621917725,1.237018346786499
235.46053647994995,0,19.777202606201172,0.5196837782859802,1.2558163404464722
235.46053647994995,1,20.45021629333496,-5.082498073577881,1.2351653575897217
235.56064987182617,0,19.736623764038086,0.5181992650032043,1.2537442445755005
235.56064987182617,1,20.388952255249023,-5.0679497718811035,1.2309503555297852
235.62739253044128,0,19.89936065673828,0.5230366587638855,1.2640247344970703
235.62739253044128,1,20.399608612060547,-5.069575786590576,1.2305139303207397
235.69410824775696,0,19.91828727722168,0.5237794518470764,1.2650212049484253
235.69410824775696,1,20.515117645263672,-5.097420692443848,1.237357497215271
235.76079750061035,0,19.909948348999023,0.5228673219680786,1.26433527469635
235.76079750061035,1,20.5805606842041,-5.114778995513916,1.24164879322052
235.82748699188232,0,19.802778244018555,0.5200285911560059,1.2569025754928589
235.82748699188232,1,20.663103103637695,-5.135411262512207,1.2466049194335938
235.92752051353455,0,19.847806930541992,0.5207312107086182,1.26008939743042
235.92752051353455,1,20.64674949645996,-5.131772518157959,1.2456177473068237
235.9942090511322,0,19.894424438476562,0.5222349762916565,1.2626603841781616
235.9942090511322,1,20.477989196777344,-5.089290618896484,1.2353023290634155
236.06089782714844,0,19.987625122070312,0.5252968072891235,1.268369197845459
236.06089782714844,1,20.490583419799805,-5.092619895935059,1.2366342544555664
236.16093063354492,0,19.94085121154785,0.523788332939148,1.2658114433288574
236.16093063354492,1,20.417699813842773,-5.073843002319336,1.2325847148895264
236.22761869430542,0,20.001243591308594,0.5248121619224548,1.2692630290985107
236.22761869430542,1,20.269804000854492,-5.0356621742248535,1.2236427068710327
236.32765102386475,0,19.94306182861328,0.5228621959686279,1.2658637762069702
236.39433884620667,0,19.972190856933594,0.5238032341003418,1.2676143646240234
236.46102643013,0,19.96992301940918,0.5242264866828918,1.266466498374939
236.56105756759644,0,19.986114501953125,0.5248842835426331,1.267693042755127
236.6277449131012,0,19.8724308013916,0.5220867991447449,1.2608025074005127
236.69444394111633,0,19.94036102294922,0.5236707329750061,1.2651287317276
236.79458260536194,0,19.945396423339844,0.5237547159194946,1.2658747434616089
236.86134266853333,0,19.891693115234375,0.5224155187606812,1.262543797492981
236.92810320854187,0,19.908769607543945,0.5227747559547424,1.2636122703552246
236.96148371696472,0,19.853662490844727,0.5217248797416687,1.2606422901153564
237.02824521064758,0,19.785703659057617,0.5199853181838989,1.2564024925231934
237.09500741958618,0,19.84187126159668,0.5210372805595398,1.2592853307724
237.16177010536194,0,19.8057861328125,0.5200660228729248,1.2560800313949585
237.26191544532776,0,19.735599517822266,0.5189102292060852,1.2521190643310547
237.328679561615,0,19.717500686645508,0.5183230042457581,1.2514296770095825
237.39544439315796,0,19.706283569335938,0.5179540514945984,1.2509781122207642
237.46220993995667,0,19.719135284423828,0.5177885293960571,1.251686930656433
237.52897596359253,0,19.749921798706055,0.5183278918266296,1.2542117834091187
237.52897596359253,1,21.039920806884766,-5.230464458465576,1.2677549123764038
237.59574246406555,0,19.758745193481445,0.5185529589653015,1.2551753520965576
237.59574246406555,1,20.82720375061035,-5.17875337600708,1.2548675537109375
237.6958930492401,0,19.83061981201172,0.5204387307167053,1.2591053247451782
237.6958930492401,1,20.280765533447266,-5.041680335998535,1.2239667177200317
237.76258373260498,0,19.869415283203125,0.5212289094924927,1.2613105773925781
237.76258373260498,1,19.774242401123047,-4.913849353790283,1.1936436891555786
237.86261987686157,0,19.880470275878906,0.5223593711853027,1.261638879776001
237.86261987686157,1,19.713905334472656,-4.898159027099609,1.189761996269226
237.92931056022644,0,19.82081413269043,0.5198810696601868,1.2580835819244385
237.92931056022644,1,19.793724060058594,-4.918460845947266,1.1947194337844849
237.99600100517273,0,19.8012638092041,0.5196881294250488,1.2574362754821777
237.99600100517273,1,19.904342651367188,-4.946731090545654,1.2010040283203125
238.09603714942932,0,19.81200408935547,0.5203412175178528,1.2575010061264038
238.09603714942932,1,20.053409576416016,-4.984748363494873,1.2100920677185059
238.16272807121277,0,19.925941467285156,0.523781955242157,1.2651675939559937
238.16272807121277,1,19.98729705810547,-4.968798637390137,1.207245111465454
238.22941899299622,0,19.913049697875977,0.5234168767929077,1.264087438583374
238.22941899299622,1,20.068058013916016,-4.9896392822265625,1.2121448516845703
238.29610967636108,0,19.82251739501953,0.5209259986877441,1.2582026720046997
238.29610967636108,1,20.157012939453125,-5.011790752410889,1.2180984020233154
238.36280059814453,0,19.86282730102539,0.5222511291503906,1.2614710330963135
238.36280059814453,1,20.23626708984375,-5.0313215255737305,1.222973108291626
238.42949151992798,0,19.879901885986328,0.5222291350364685,1.2619963884353638
238.42949151992798,1,20.39815902709961,-5.071999549865723,1.232029914855957
238.49618268013,0,19.87153434753418,0.5216919779777527,1.261781930923462
238.49618268013,1,20.41800880432129,-5.076573848724365,1.2327549457550049
238.56287360191345,0,19.83224868774414,0.5204716324806213,1.2597507238388062
238.56287360191345,1,20.26729393005371,-5.0388102531433105,1.224163293838501
238.6629102230072,0,19.87353515625,0.521834135055542,1.2621757984161377
238.6629102230072,1,20.37700080871582,-5.066303730010986,1.2299273014068604
238.72961354255676,0,19.824369430541992,0.5199148058891296,1.2587428092956543
238.72961354255676,1,20.294597625732422,-5.045477390289307,1.2257485389709473
238.79620933532715,0,19.884727478027344,0.5211735367774963,1.262372374534607
238.86280417442322,0,19.826810836791992,0.5189926028251648,1.2588772773742676
238.86280417442322,1,20.437450408935547,-5.081722736358643,1.2356799840927124
238.9293975830078,0,19.751665115356445,0.5168676972389221,1.2538257837295532
238.9293975830078,1,20.437387466430664,-5.081630229949951,1.2356748580932617
239.0292854309082,0,19.75733757019043,0.5172036290168762,1.254309892654419
239.0292854309082,1,20.352827072143555,-5.060292720794678,1.2311673164367676
239.09587621688843,0,19.73815155029297,0.5170585513114929,1.2532823085784912
239.09587621688843,1,20.41984748840332,-5.076615333557129,1.234908103942871
239.16246557235718,0,19.723501205444336,0.5169451236724854,1.25285005569458
239.22905373573303,0,19.687986373901367,0.516410231590271,1.2503803968429565
239.22905373573303,1,20.532306671142578,-5.10321044921875,1.2418912649154663
239.3289337158203,0,19.76506233215332,0.518758237361908,1.2554686069488525
239.3289337158203,1,20.457141876220703,-5.085010528564453,1.2370857000350952
239.3955192565918,0,19.879180908203125,0.5223554968833923,1.2631311416625977
239.46210312843323,0,19.87881851196289,0.5220367312431335,1.2630040645599365
239.52868628501892,0,19.911762237548828,0.5232356786727905,1.265380620956421
239.59526801109314,0,19.885408401489258,0.5222798585891724,1.2636682987213135
239.66184854507446,0,19.816255569458008,0.5202968716621399,1.2592169046401978
239.72842931747437,0,19.869548797607422,0.52182936668396,1.2625703811645508
239.7951283454895,0,19.820350646972656,0.5198875069618225,1.2598456144332886
239.7951283454895,1,20.60206413269043,-5.119983673095703,1.246435523033142
239.89517664909363,0,19.770938873291016,0.5181629657745361,1.2566553354263306
239.89517664909363,1,20.6449031829834,-5.131689548492432,1.2495709657669067
239.96187567710876,0,19.68855094909668,0.5161810517311096,1.250268578529358
239.96187567710876,1,20.441001892089844,-5.080211639404297,1.236729621887207
240.0285747051239,0,19.744705200195312,0.5173749923706055,1.253288745880127
240.0285747051239,1,20.471569061279297,-5.088317394256592,1.2385519742965698
240.09527325630188,0,19.755809783935547,0.5178245902061462,1.2549278736114502
240.09527325630188,1,20.354150772094727,-5.058603286743164,1.2315024137496948
240.195321559906,0,19.828479766845703,0.5199748873710632,1.2587618827819824
240.195321559906,1,20.415830612182617,-5.073883056640625,1.2347769737243652
240.26202034950256,0,19.79928970336914,0.5194474458694458,1.256717562675476
240.26202034950256,1,20.25864601135254,-5.035088062286377,1.2251520156860352
240.32871913909912,0,19.7786922454834,0.5194556713104248,1.2555760145187378
240.32871913909912,1,20.28369140625,-5.041234016418457,1.2272917032241821
240.42876720428467,0,19.784351348876953,0.5195524096488953,1.2554179430007935
240.42876720428467,1,20.28750228881836,-5.042520999908447,1.2272835969924927
240.49546599388123,0,19.88641929626465,0.5221951007843018,1.2618610858917236
240.49546599388123,1,20.35407829284668,-5.058874130249023,1.2300747632980347
240.5621645450592,0,19.82166290283203,0.5205061435699463,1.2578387260437012
240.5621645450592,1,20.392616271972656,-5.0682501792907715,1.2330986261367798
240.62886309623718,0,19.754762649536133,0.5187562108039856,1.2535096406936646
240.62886309623718,1,19.818204879760742,-4.922271728515625,1.1965982913970947
240.69556164741516,0,19.762344360351562,0.5184566378593445,1.2541531324386597
240.69556164741516,1,19.96558952331543,-4.959893703460693,1.2060489654541016
240.7622640132904,0,19.7680606842041,0.5191892981529236,1.2544794082641602
240.7622640132904,1,20.074331283569336,-4.987928867340088,1.2131693363189697
240.8623824119568,0,19.835121154785156,0.5207211375236511,1.2586110830307007
240.8623824119568,1,20.21626853942871,-5.024402141571045,1.222800612449646
240.9291286468506,0,19.82559585571289,0.5202460289001465,1.2584902048110962
240.9291286468506,1,20.247425079345703,-5.03245210647583,1.2250168323516846
240.99587535858154,0,19.845428466796875,0.5205578804016113,1.2597185373306274
240.99587535858154,1,20.235034942626953,-5.0291218757629395,1.223076343536377
241.06262302398682,0,19.83025360107422,0.5200185775756836,1.2589890956878662
241.06262302398682,1,20.4442081451416,-5.082396030426025,1.2355371713638306
241.12937092781067,0,19.8881778717041,0.521280825138092,1.2627631425857544
241.12937092781067,1,20.39375877380371,-5.070341110229492,1.2321447134017944
241.19611954689026,0,19.91810417175293,0.522119402885437,1.2647558450698853
241.19611954689026,1,20.239599227905273,-5.0298261642456055,1.2219940423965454
241.29624319076538,0,19.887950897216797,0.5216943025588989,1.262248158454895
241.29624319076538,1,20.417720794677734,-5.073331832885742,1.233511209487915
241.36299347877502,0,19.927927017211914,0.5222776532173157,1.2646254301071167
241.36299347877502,1,20.396635055541992,-5.068563461303711,1.232448697090149
241.42974400520325,0,19.843229293823242,0.5203893780708313,1.2596867084503174
241.42974400520325,1,20.45745277404785,-5.084813117980957,1.2360883951187134
241.4964952468872,0,19.872634887695312,0.5211942195892334,1.2615151405334473
241.4964952468872,1,20.2973575592041,-5.0452117919921875,1.2270221710205078
241.56324696540833,0,19.85670280456543,0.5204108357429504,1.2604786157608032
241.56324696540833,1,20.08908462524414,-4.993038654327393,1.2147361040115356
241.62999939918518,0,19.87799072265625,0.5213676691055298,1.2618056535720825
241.62999939918518,1,20.203828811645508,-5.021274089813232,1.2221893072128296
241.69675207138062,0,19.877347946166992,0.52204829454422,1.2620527744293213
241.69675207138062,1,20.287681579589844,-5.042736053466797,1.2266514301300049
241.7635052204132,0,19.841136932373047,0.5206629037857056,1.2600327730178833
241.7635052204132,1,20.334077835083008,-5.053454399108887,1.2298904657363892
241.83022928237915,0,19.86224937438965,0.5215027928352356,1.2610602378845215
241.86359167099,0,19.81775665283203,0.5205714106559753,1.2581369876861572
241.86359167099,1,20.378393173217773,-5.064780235290527,1.2330718040466309
241.9303159713745,0,19.87298583984375,0.5214202404022217,1.2615007162094116
241.9303159713745,1,20.403507232666016,-5.070980072021484,1.2349400520324707
242.03040289878845,0,19.824613571166992,0.5198150277137756,1.2586681842803955
242.03040289878845,1,20.480161666870117,-5.089567184448242,1.2392771244049072
242.0971279144287,0,19.829635620117188,0.5201016664505005,1.258738398551941
242.0971279144287,1,20.434139251708984,-5.077767848968506,1.2367582321166992
242.1638526916504,0,19.854129791259766,0.5210728645324707,1.2608171701431274
242.1638526916504,1,20.50082778930664,-5.095010757446289,1.2404828071594238
242.23057746887207,0,19.80345344543457,0.519361138343811,1.2582486867904663
242.23057746887207,1,20.56029510498047,-5.110365867614746,1.2442920207977295
242.33066511154175,0,19.852733612060547,0.5202558636665344,1.2606894969940186
242.33066511154175,1,20.477495193481445,-5.08936071395874,1.2393985986709595
242.39739060401917,0,19.876420974731445,0.520645022392273,1.2622435092926025
242.39739060401917,1,20.471105575561523,-5.089113235473633,1.2380949258804321
242.464115858078,0,19.915369033813477,0.5218180418014526,1.2641806602478027
242.464115858078,1,20.27888298034668,-5.041085720062256,1.226187825202942
242.53084135055542,0,20.00447654724121,0.52435302734375,1.2689579725265503
242.53084135055542,1,20.206436157226562,-5.023286819458008,1.2215349674224854
242.6309299468994,0,20.008501052856445,0.5243603587150574,1.2691926956176758
242.6309299468994,1,20.24300193786621,-5.031665325164795,1.2241032123565674
242.6976556777954,0,19.855152130126953,0.5213140845298767,1.2598328590393066
242.6976556777954,1,20.15571403503418,-5.010229587554932,1.2198247909545898
242.76438117027283,0,19.840120315551758,0.5207425951957703,1.2592300176620483
242.76438117027283,1,20.080669403076172,-4.990228652954102,1.21437668800354
242.86438059806824,0,19.825071334838867,0.5198974609375,1.2584761381149292
242.86438059806824,1,20.107145309448242,-4.9974164962768555,1.2172220945358276
242.9310224056244,0,19.827722549438477,0.5198784470558167,1.258961796760559
242.9310224056244,1,20.25756072998047,-5.034778594970703,1.2260818481445312
242.99766206741333,0,19.87828826904297,0.5214773416519165,1.262614130973816
242.99766206741333,1,20.345346450805664,-5.056616306304932,1.23028564453125
243.06430006027222,0,19.872318267822266,0.5204504132270813,1.261622428894043
243.06430006027222,1,20.38212776184082,-5.06596565246582,1.2325403690338135
243.1309356689453,0,19.869247436523438,0.5211622714996338,1.2614716291427612
243.1309356689453,1,20.52466583251953,-5.101439952850342,1.2417861223220825
243.19756937026978,0,19.83466339111328,0.5199800133705139,1.2594561576843262
243.26420140266418,0,19.869197845458984,0.5210342407226562,1.262088656425476
243.3308310508728,0,19.90683364868164,0.5221506953239441,1.2638790607452393
243.3974587917328,0,19.92542266845703,0.5227664113044739,1.2647277116775513
243.46408462524414,0,20.03474235534668,0.5260980129241943,1.271732211112976
243.53070831298828,0,20.045536041259766,0.526391863822937,1.2723091840744019
243.59733033180237,0,20.04694175720215,0.5258986949920654,1.271721601486206
243.66395020484924,0,19.952211380004883,0.5229719281196594,1.2661560773849487
243.69725942611694,0,19.959819793701172,0.5232602953910828,1.2666906118392944
243.7638761997223,0,19.950727462768555,0.523239254951477,1.2663031816482544
243.8305368423462,0,19.9672794342041,0.5241371393203735,1.2667104005813599
243.89724111557007,0,20.011165618896484,0.52590012550354,1.269623041152954
243.96394515037537,0,19.96493148803711,0.5244113802909851,1.2670621871948242
244.0306499004364,0,19.87764549255371,0.5220638513565063,1.261536955833435
244.09735465049744,0,19.908843994140625,0.5234158039093018,1.2633744478225708
244.16405940055847,0,19.87565803527832,0.5220059156417847,1.2615083456039429
244.26411700248718,0,19.84605598449707,0.5220414996147156,1.2597366571426392
244.26411700248718,1,20.38009262084961,-5.066068172454834,1.2318427562713623
244.33082246780396,0,19.854660034179688,0.5218205451965332,1.2611371278762817
244.33082246780396,1,20.30245590209961,-5.046995162963867,1.2276034355163574
244.39752793312073,0,19.839733123779297,0.5211659073829651,1.260158896446228
244.39752793312073,1,20.37252426147461,-5.065221309661865,1.2316724061965942
244.49758648872375,0,19.892459869384766,0.5223024487495422,1.2631546258926392
244.49758648872375,1,20.103984832763672,-4.996729373931885,1.215639352798462
244.56429266929626,0,19.896839141845703,0.5224729776382446,1.2634743452072144
244.56429266929626,1,20.135894775390625,-5.004390239715576,1.218570590019226
244.63099884986877,0,19.896743774414062,0.5227497816085815,1.2631957530975342
244.63099884986877,1,19.994861602783203,-4.968353271484375,1.208649754524231
244.69770526885986,0,19.936527252197266,0.5234975814819336,1.265560507774353
244.69770526885986,1,20.13917350769043,-5.004546165466309,1.2168296575546265
244.7977650165558,0,19.860740661621094,0.5217199325561523,1.260811686515808
244.7977650165558,1,20.487964630126953,-5.093228816986084,1.237076759338379
244.86445832252502,0,19.8917179107666,0.5226640701293945,1.2626404762268066
244.86445832252502,1,20.418624877929688,-5.075981140136719,1.234169363975525
244.96449255943298,0,19.90882682800293,0.5222692489624023,1.2636327743530273
244.96449255943298,1,20.50872802734375,-5.0977783203125,1.2394996881484985
245.03118205070496,0,19.95790672302246,0.5242263674736023,1.2673671245574951
245.03118205070496,1,20.462947845458984,-5.086246490478516,1.2362172603607178
245.09787154197693,0,19.858055114746094,0.5214624404907227,1.2615129947662354
245.09787154197693,1,20.431825637817383,-5.078710556030273,1.233440637588501
245.1645610332489,0,19.81125831604004,0.519594132900238,1.2583428621292114
245.1645610332489,1,20.359146118164062,-5.060722351074219,1.230473518371582
245.2312502861023,0,19.79511833190918,0.5188895463943481,1.2576100826263428
245.2312502861023,1,20.378271102905273,-5.0657758712768555,1.2328758239746094
245.29794001579285,0,19.831464767456055,0.5196006298065186,1.2595962285995483
245.29794001579285,1,20.453577041625977,-5.0852508544921875,1.2373456954956055
245.3646297454834,0,19.812698364257812,0.5193565487861633,1.2579017877578735
245.3646297454834,1,20.405193328857422,-5.072835445404053,1.233863115310669
245.46466422080994,0,19.881004333496094,0.521896243095398,1.262782335281372
245.46466422080994,1,20.39730453491211,-5.07088041305542,1.2331043481826782
245.5313539505005,0,19.738988876342773,0.5180161595344543,1.2543550729751587
245.5313539505005,1,20.212032318115234,-5.023599147796631,1.221510887145996
245.59804368019104,0,19.754253387451172,0.5183161497116089,1.2557463645935059
245.59804368019104,1,20.252710342407227,-5.0344390869140625,1.2237881422042847
245.66473364830017,0,19.748701095581055,0.5182090401649475,1.2555209398269653
245.66473364830017,1,20.104984283447266,-4.995554447174072,1.2146060466766357
245.73142313957214,0,19.67566680908203,0.5153797268867493,1.2505006790161133
245.73142313957214,1,20.21644401550293,-5.024648666381836,1.2216733694076538
245.79811310768127,0,19.66915512084961,0.5160577297210693,1.2500994205474854
245.79811310768127,1,20.203269958496094,-5.02150821685791,1.2212634086608887
245.86480236053467,0,19.758947372436523,0.5184425711631775,1.2550445795059204
245.86480236053467,1,20.18722152709961,-5.017618656158447,1.220129132270813
245.93149065971375,0,19.805213928222656,0.5196720361709595,1.2577077150344849
245.93149065971375,1,20.297164916992188,-5.045309066772461,1.2271021604537964
245.99817872047424,0,19.823230743408203,0.5195068120956421,1.2591438293457031
245.99817872047424,1,20.381235122680664,-5.067089557647705,1.2318675518035889
246.06486630439758,0,19.866243362426758,0.5202928781509399,1.2619144916534424
246.06486630439758,1,20.35128402709961,-5.059703350067139,1.2311595678329468
246.1315541267395,0,19.86186981201172,0.5206930041313171,1.2617982625961304
246.1315541267395,1,20.503768920898438,-5.097940444946289,1.2399945259094238
246.19824171066284,0,19.915050506591797,0.521859884262085,1.2642463445663452
246.19824171066284,1,20.568836212158203,-5.114192962646484,1.244377613067627
246.2649290561676,0,19.970293045043945,0.5242898464202881,1.2677099704742432
246.2649290561676,1,20.4925594329834,-5.095504283905029,1.240017294883728
246.33161616325378,0,19.990907669067383,0.5250619649887085,1.2693322896957397
246.33161616325378,1,20.53411293029785,-5.105584144592285,1.2415270805358887
246.39830327033997,0,19.958314895629883,0.5237479209899902,1.2672340869903564
246.39830327033997,1,20.598817825317383,-5.121620178222656,1.2451879978179932
246.46499013900757,0,19.894540786743164,0.5224611163139343,1.2633600234985352
246.46499013900757,1,20.513671875,-5.099793910980225,1.2396786212921143
246.53167724609375,0,19.9080810546875,0.5228572487831116,1.263758897781372
246.53167724609375,1,20.457155227661133,-5.085721969604492,1.2359716892242432
246.6317069530487,0,19.82601547241211,0.5209904313087463,1.2587515115737915
246.6317069530487,1,20.54991912841797,-5.108382701873779,1.2413114309310913
246.69839334487915,0,19.852163314819336,0.5217640995979309,1.2602497339248657
246.69839334487915,1,20.639089584350586,-5.131428241729736,1.2463353872299194
246.79842281341553,0,19.827892303466797,0.5213251113891602,1.2584917545318604
246.79842281341553,1,20.6281795501709,-5.128579139709473,1.2460964918136597
246.86511421203613,0,19.937955856323242,0.5246912240982056,1.265730381011963
246.86511421203613,1,20.6428279876709,-5.132460117340088,1.246925711631775
246.9318196773529,0,19.871999740600586,0.5225448608398438,1.2613418102264404
246.9318196773529,1,20.498367309570312,-5.097639083862305,1.237885594367981
247.03187775611877,0,19.875415802001953,0.5222232341766357,1.2624212503433228
247.03187775611877,1,20.431716918945312,-5.080833911895752,1.2339211702346802
247.09858322143555,0,19.879606246948242,0.5225499868392944,1.2623531818389893
247.09858322143555,1,20.424591064453125,-5.0793986320495605,1.2332510948181152
247.16528844833374,0,19.818342208862305,0.5202929973602295,1.2586613893508911
247.16528844833374,1,20.322481155395508,-5.051808834075928,1.2272250652313232
247.26534605026245,0,19.86931800842285,0.5215033292770386,1.2610846757888794
247.26534605026245,1,20.423877716064453,-5.077864646911621,1.233402967453003
247.33205103874207,0,19.832529067993164,0.5203157663345337,1.2591944932937622
247.33205103874207,1,20.440385818481445,-5.081702709197998,1.234562873840332
247.3987557888031,0,19.85552978515625,0.5207680463790894,1.2607698440551758
247.3987557888031,1,20.398778915405273,-5.071508884429932,1.2326987981796265
247.46546053886414,0,19.93631362915039,0.5232508778572083,1.2649123668670654
247.53216552734375,0,19.869199752807617,0.52110356092453,1.2615247964859009
247.59886980056763,0,19.804914474487305,0.5195361375808716,1.2582266330718994
247.66557431221008,0,19.709396362304688,0.5166740417480469,1.252231240272522
247.73227882385254,0,19.72501564025879,0.517008364200592,1.2533862590789795
247.7656307220459,0,19.730796813964844,0.5181037783622742,1.2528539896011353
247.83233499526978,0,19.824613571166992,0.5204763412475586,1.25845205783844
247.89905047416687,0,19.747583389282227,0.5179044604301453,1.2541128396987915
247.96577739715576,0,19.791173934936523,0.5191417336463928,1.2570620775222778
248.06586933135986,0,19.77904510498047,0.5185189843177795,1.2567061185836792
248.13259768486023,0,19.7869815826416,0.5195544362068176,1.2570135593414307
248.1993269920349,0,19.76609992980957,0.5190752148628235,1.2552039623260498
248.26605701446533,0,19.766530990600586,0.5183959603309631,1.25493323802948
248.3327875137329,0,19.819772720336914,0.5194932818412781,1.2585889101028442
248.39951848983765,0,19.80345344543457,0.5189531445503235,1.257833480834961
248.46625018119812,0,19.701486587524414,0.5163319706916809,1.2514508962631226
248.53298234939575,0,19.728809356689453,0.5169956088066101,1.2532354593276978
248.59971523284912,0,19.754436492919922,0.5181484818458557,1.2547293901443481
248.66644859313965,0,19.774885177612305,0.5189735889434814,1.2562657594680786
248.7331826686859,0,19.77133560180664,0.5179939866065979,1.2560725212097168
248.79991745948792,0,19.81853675842285,0.5194454193115234,1.2593817710876465
248.86665225028992,0,19.780370712280273,0.5180038809776306,1.2565076351165771
248.93335700035095,0,19.7635555267334,0.517427384853363,1.25559663772583
249.0000660419464,0,19.88648796081543,0.5215730667114258,1.2634142637252808
249.06677532196045,0,19.883804321289062,0.5213555693626404,1.2635935544967651
249.1334843635559,0,19.87933349609375,0.5214623212814331,1.26291823387146
249.23354768753052,0,19.892606735229492,0.5213467478752136,1.263279676437378
249.30025672912598,0,19.84971809387207,0.5203638076782227,1.2604138851165771
249.36696600914001,0,19.793806076049805,0.5187193751335144,1.2572479248046875
249.43367505073547,0,19.87286376953125,0.5213702917098999,1.2617791891098022
249.43367505073547,1,19.85221290588379,-4.929749011993408,1.1997636556625366
249.50038385391235,0,19.921916961669922,0.5227356553077698,1.2643218040466309
249.50038385391235,1,19.915481567382812,-4.946401119232178,1.2031375169754028
249.60044741630554,0,19.938859939575195,0.52285236120224,1.2650165557861328
249.60044741630554,1,19.975183486938477,-4.9617018699646,1.2056831121444702
249.667156457901,0,19.92835807800293,0.5226457118988037,1.2645419836044312
249.73386526107788,0,19.869274139404297,0.5203477144241333,1.2606689929962158
249.90063762664795,0,19.937881469726562,0.5224592685699463,1.2651053667068481
249.96735072135925,0,19.927213668823242,0.5228725075721741,1.2643564939498901
250.03406429290771,0,19.954275131225586,0.5236457586288452,1.2662506103515625
250.1007785797119,0,19.84661102294922,0.5210509300231934,1.2599782943725586
250.16749262809753,0,19.808813095092773,0.5191513299942017,1.2573426961898804
250.2342071533203,0,19.83382225036621,0.5202218890190125,1.2594746351242065
250.3342797756195,0,19.78349494934082,0.5181710720062256,1.256352186203003
250.40099501609802,0,19.763614654541016,0.5184509754180908,1.2553917169570923
250.4677107334137,0,19.78023910522461,0.5182378888130188,1.2554224729537964
250.53442692756653,0,19.752086639404297,0.5180616974830627,1.2537881135940552
250.60114312171936,0,19.714204788208008,0.5171902775764465,1.2512645721435547
250.66786003112793,0,19.77171516418457,0.5182539820671082,1.2548264265060425
250.7345769405365,0,19.751699447631836,0.5181763172149658,1.2535896301269531
250.80129432678223,0,19.72209930419922,0.5176090002059937,1.2520766258239746
250.9013707637787,0,19.737001419067383,0.5178683400154114,1.2534626722335815
250.9013707637787,1,20.166839599609375,-5.0093770027160645,1.2209951877593994
250.96809434890747,0,19.880477905273438,0.5217419266700745,1.2622133493423462
250.96809434890747,1,20.10694694519043,-4.995640277862549,1.2179588079452515
251.03483891487122,0,19.81878089904785,0.5195600986480713,1.2583882808685303
251.03483891487122,1,20.228168487548828,-5.026509761810303,1.2258124351501465
251.10158491134644,0,19.870786666870117,0.5211719274520874,1.261434555053711
251.10158491134644,1,20.329551696777344,-5.051830291748047,1.231819987297058
251.2017047405243,0,19.893173217773438,0.5213575959205627,1.262325644493103
251.2017047405243,1,20.463346481323242,-5.0849103927612305,1.2391835451126099
251.26845264434814,0,19.926212310791016,0.5220192074775696,1.2636783123016357
251.26845264434814,1,20.14820671081543,-5.005006790161133,1.2192498445510864
251.33520102500916,0,19.868865966796875,0.5210867524147034,1.2603927850723267
251.40195035934448,0,19.852584838867188,0.5205085277557373,1.2600274085998535
251.46870064735413,0,19.883359909057617,0.5219075083732605,1.2624361515045166
251.5354516506195,0,19.838970184326172,0.5208216309547424,1.2597832679748535
251.6022036075592,0,19.86880111694336,0.5213209986686707,1.2622240781784058
251.66895627975464,0,19.787118911743164,0.5192492604255676,1.2567119598388672
251.7357096672058,0,19.711023330688477,0.5174715518951416,1.2520197629928589
251.76908683776855,0,19.732210159301758,0.5173101425170898,1.2538517713546753
251.83584141731262,0,19.772214889526367,0.5184664130210876,1.2566262483596802
251.902596950531,0,19.80341339111328,0.5196399092674255,1.2574617862701416
251.96936511993408,0,19.743877410888672,0.5175008177757263,1.254117727279663
252.036146402359,0,19.762216567993164,0.5175899863243103,1.2553457021713257
252.10292863845825,0,19.727590560913086,0.5167637467384338,1.2538405656814575
252.20310354232788,0,19.729429244995117,0.5166518092155457,1.2540392875671387
252.2698884010315,0,19.79023551940918,0.518852710723877,1.25697660446167
252.3366734981537,0,19.74684715270996,0.5173351764678955,1.2543600797653198
252.40345978736877,0,19.775510787963867,0.5184841752052307,1.2561627626419067
252.40345978736877,1,20.5932674407959,-5.1182403564453125,1.243091344833374
252.47024703025818,0,19.661046981811523,0.5155150890350342,1.249025821685791
252.47024703025818,1,20.531280517578125,-5.101616382598877,1.239903450012207
252.53703498840332,0,19.644289016723633,0.5149231553077698,1.2480072975158691
252.53703498840332,1,20.487241744995117,-5.089672565460205,1.2375471591949463
252.60382390022278,0,19.720073699951172,0.5170788168907166,1.2529516220092773
252.60382390022278,1,20.559123992919922,-5.106698513031006,1.2422451972961426
252.67061376571655,0,19.732057571411133,0.5173543691635132,1.2537250518798828
252.67061376571655,1,20.71440315246582,-5.146051406860352,1.2512599229812622
252.73740434646606,0,19.71879005432129,0.5168007612228394,1.2530639171600342
252.73740434646606,1,20.595705032348633,-5.117067337036133,1.2440543174743652
252.80419611930847,0,19.69028091430664,0.5155259966850281,1.2505320310592651
252.80419611930847,1,20.64117431640625,-5.128572940826416,1.24776291847229
252.90438508987427,0,19.683622360229492,0.5152274966239929,1.250063180923462
252.90438508987427,1,20.706079483032227,-5.145315170288086,1.2522728443145752
252.97113871574402,0,19.759765625,0.5177853107452393,1.2544394731521606
252.97113871574402,1,20.669843673706055,-5.136580944061279,1.250095248222351
253.03785634040833,0,19.7725887298584,0.5180150270462036,1.2553610801696777
253.03785634040833,1,20.51641082763672,-5.099172115325928,1.2409769296646118
253.10457468032837,0,19.741636276245117,0.5172761678695679,1.2531602382659912
253.10457468032837,1,20.540287017822266,-5.105433940887451,1.242720365524292
253.171293258667,0,19.75080108642578,0.5174601078033447,1.2542413473129272
253.171293258667,1,20.441972732543945,-5.080192565917969,1.236560583114624
253.23801279067993,0,19.739906311035156,0.5170183181762695,1.2536718845367432
253.30473256111145,0,19.751962661743164,0.517549455165863,1.2553447484970093
253.37145328521729,0,19.771257400512695,0.5173081159591675,1.2558069229125977
253.43817448616028,0,19.70779037475586,0.5160090327262878,1.2516636848449707
253.50489616394043,0,19.709884643554688,0.5157115459442139,1.2517831325531006
253.57161855697632,0,19.746593475341797,0.5162954926490784,1.2536215782165527
253.63834166526794,0,19.840618133544922,0.5190316438674927,1.2591339349746704
253.70506525039673,0,19.80790901184082,0.518410861492157,1.257096290588379
253.738427400589,0,19.847972869873047,0.5195123553276062,1.259992241859436
253.8051517009735,0,19.8145751953125,0.5181673169136047,1.2579212188720703
254.30548334121704,0,20.902952194213867,-5.1984944343566895,1.2601686716079712
254.3721842765808,0,19.36766242980957,-4.810823440551758,1.1750930547714233
254.43888521194458,0,20.96323585510254,-5.213366985321045,1.2640058994293213
254.50558614730835,0,20.975662231445312,-5.216257095336914,1.2649142742156982
254.57228660583496,0,20.768003463745117,-5.165045738220215,1.2532745599746704
254.57228660583496,1,19.925792694091797,0.5243107676506042,1.26478910446167
254.6723370552063,0,20.747880935668945,-5.160190582275391,1.2527470588684082
254.6723370552063,1,19.931737899780273,0.524581253528595,1.2649717330932617
254.77238726615906,0,20.004106521606445,-4.9670538902282715,1.2076736688613892
254.77238726615906,1,20.024532318115234,0.5248176455497742,1.2709766626358032
254.83908700942993,0,20.462871551513672,-5.086465835571289,1.2360233068466187
254.9057867527008,0,20.53960418701172,-5.105093955993652,1.239782691001892
254.9057867527008,1,19.90618133544922,0.5218767523765564,1.2638863325119019
255.00583624839783,0,20.506305694580078,-5.097055912017822,1.2372796535491943
255.00583624839783,1,19.96405601501465,0.5252794027328491,1.2664790153503418
255.07249236106873,0,20.717201232910156,-5.152585506439209,1.2507914304733276
255.13914680480957,0,20.805641174316406,-5.174154758453369,1.2559553384780884
255.13914680480957,1,19.438350677490234,0.5075772404670715,1.2354090213775635
255.23912596702576,0,20.81157112121582,-5.175568103790283,1.2561993598937988
255.23912596702576,1,19.489938735961914,0.5090860724449158,1.238717794418335
255.30577683448792,0,20.069734573364258,-4.984630107879639,1.2133541107177734
255.30577683448792,1,19.970237731933594,0.52521151304245,1.2660765647888184
255.3724262714386,0,20.252962112426758,-5.029709815979004,1.2245635986328125
255.3724262714386,1,19.929237365722656,0.5238478183746338,1.263508677482605
255.43907380104065,0,20.608421325683594,-5.1248087882995605,1.2443681955337524
255.43907380104065,1,19.86444854736328,0.521782636642456,1.2592518329620361
255.5390429496765,0,20.371213912963867,-5.063351154327393,1.2293016910552979
255.5390429496765,1,19.868913650512695,0.5220973491668701,1.2593348026275635
255.60568690299988,0,20.42205047607422,-5.075347423553467,1.2320046424865723
255.60568690299988,1,19.921409606933594,0.523211658000946,1.2624174356460571
255.67232942581177,0,20.40586280822754,-5.071418762207031,1.2310360670089722
255.67232942581177,1,19.489181518554688,0.5095288753509521,1.2386962175369263
255.73897051811218,0,20.571950912475586,-5.115225315093994,1.2435940504074097
255.73897051811218,1,19.945331573486328,0.5236010551452637,1.2638413906097412
255.80561017990112,0,20.543912887573242,-5.106462478637695,1.2396948337554932
255.80561017990112,1,19.500524520874023,0.5104740858078003,1.2391811609268188
255.8722484111786,0,20.41061782836914,-5.073442459106445,1.2321869134902954
255.8722484111786,1,19.970905303955078,0.5241169929504395,1.2652939558029175
255.97220277786255,0,20.265783309936523,-5.037181377410889,1.2228366136550903
255.97220277786255,1,19.515331268310547,0.5108330249786377,1.240234375
256.03887486457825,0,20.315122604370117,-5.04985237121582,1.225525140762329
256.03887486457825,1,19.9867000579834,0.5240658521652222,1.2662310600280762
256.10562562942505,0,20.36635398864746,-5.062400817871094,1.2285561561584473
256.10562562942505,1,19.58079719543457,0.5123600959777832,1.2440757751464844
256.1723771095276,0,19.988656997680664,-4.9626593589782715,1.208093523979187
256.1723771095276,1,19.96558952331543,0.5232849717140198,1.2646512985229492
256.2391288280487,0,20.317951202392578,-5.0504231452941895,1.2258648872375488
256.2391288280487,1,19.561893463134766,0.512235701084137,1.2428010702133179
256.33925700187683,0,20.347185134887695,-5.057692050933838,1.2274054288864136
256.33925700187683,1,19.61945915222168,0.5140382051467896,1.2460447549819946
256.40600967407227,0,20.723161697387695,-5.152178764343262,1.2534700632095337
256.40600967407227,1,19.95810890197754,0.5234899520874023,1.2639615535736084
256.47276282310486,0,20.575904846191406,-5.114960193634033,1.2448374032974243
256.47276282310486,1,19.602359771728516,0.5141187906265259,1.2449593544006348
256.5728933811188,0,20.374385833740234,-5.064857482910156,1.22874116897583
256.5728933811188,1,19.540620803833008,0.512455403804779,1.2410194873809814
256.63964772224426,0,20.44266700744629,-5.082117080688477,1.2333344221115112
256.63964772224426,1,20.024446487426758,0.525204062461853,1.2677178382873535
256.73977971076965,0,20.779380798339844,-5.1645026206970215,1.2571645975112915
256.73977971076965,1,19.5884952545166,0.5136556029319763,1.244179368019104
256.8065347671509,0,20.691884994506836,-5.1422953605651855,1.2514334917068481
256.8065347671509,1,19.67221450805664,0.5159872770309448,1.2489421367645264
256.9066686630249,0,20.66997528076172,-5.136503219604492,1.2502813339233398
256.9066686630249,1,19.757993698120117,0.5181745290756226,1.2540693283081055
256.97342467308044,0,20.42218589782715,-5.074047565460205,1.235277771949768
256.97342467308044,1,19.753660202026367,0.5179965496063232,1.254252314567566
257.04018092155457,0,20.531864166259766,-5.105261325836182,1.2382245063781738
257.04018092155457,1,19.680389404296875,0.5159910917282104,1.2494932413101196
257.1402657032013,0,20.22785758972168,-5.025123119354248,1.2241133451461792
257.1402657032013,1,19.787559509277344,0.518173336982727,1.2556166648864746
257.2069892883301,0,20.270265579223633,-5.035240650177002,1.2262485027313232
257.2069892883301,1,19.982898712158203,0.524890661239624,1.2661612033843994
257.30707573890686,0,20.53720474243164,-5.106744766235352,1.2389929294586182
257.30707573890686,1,19.89048957824707,0.5211180448532104,1.2616018056869507
257.4071626663208,0,20.53615379333496,-5.106309413909912,1.238633394241333
257.4071626663208,1,19.827041625976562,0.5191442370414734,1.2581838369369507
257.47388792037964,0,20.537208557128906,-5.106378555297852,1.239503264427185
257.47388792037964,1,19.954423904418945,0.5243170857429504,1.265092134475708
257.57397627830505,0,20.26424217224121,-5.033639430999756,1.2264209985733032
257.57397627830505,1,19.820228576660156,0.5187708735466003,1.257813572883606
257.70742869377136,0,20.374696731567383,-5.068759441375732,1.2363337278366089
257.70742869377136,1,19.961589813232422,0.5243363976478577,1.2658394575119019
257.80751872062683,0,20.195100784301758,-5.016333103179932,1.2218683958053589
257.80751872062683,1,19.940601348876953,0.5239038467407227,1.2652636766433716
257.8742458820343,0,20.460290908813477,-5.0839338302612305,1.2367900609970093
257.8742458820343,1,19.810094833374023,0.5185889601707458,1.257465124130249
257.94097352027893,0,20.49156379699707,-5.09205436706543,1.2387346029281616
257.94097352027893,1,19.88446807861328,0.5227649211883545,1.2624928951263428
258.00770139694214,0,20.437458038330078,-5.07928466796875,1.235630989074707
258.00770139694214,1,19.796749114990234,0.5181024074554443,1.2568424940109253
258.074422121048,0,19.847902297973633,-4.930270671844482,1.197728157043457
258.074422121048,1,19.729469299316406,0.516674816608429,1.2525290250778198
258.17446851730347,0,19.98845672607422,-4.965706825256348,1.2064485549926758
258.17446851730347,1,19.745708465576172,0.5173260569572449,1.253578543663025
258.24116611480713,0,19.983131408691406,-4.965394973754883,1.2062569856643677
258.24116611480713,1,19.828502655029297,0.5215056538581848,1.259451150894165
258.3078637123108,0,20.00187110900879,-4.970144271850586,1.2079007625579834
258.3078637123108,1,19.853439331054688,0.5223615169525146,1.2614578008651733
258.37456130981445,0,20.103803634643555,-4.9951863288879395,1.214160442352295
258.37456130981445,1,19.828227996826172,0.5216470956802368,1.2602272033691406
258.57465410232544,0,19.83467674255371,0.5197994709014893,1.2586013078689575
258.60800290107727,0,19.84344482421875,0.5198806524276733,1.2590713500976562
258.67470049858093,0,19.7839412689209,0.5187586545944214,1.2553575038909912
258.7413980960846,0,19.774757385253906,0.5187509655952454,1.254662036895752
258.80809569358826,0,19.79849624633789,0.5187386870384216,1.255853295326233
258.8747932910919,0,19.79900550842285,0.5209587812423706,1.258272647857666
258.9414908885956,0,19.841716766357422,0.5218166708946228,1.261326789855957
259.00818848609924,0,19.74272918701172,0.5188124179840088,1.2548696994781494
259.0748860836029,0,19.796756744384766,0.5208479166030884,1.2581720352172852
259.1415739059448,0,19.889469146728516,0.5210102200508118,1.2617658376693726
259.20826148986816,0,19.93922996520996,0.5223518013954163,1.2646210193634033
259.27494859695435,0,19.953834533691406,0.522907555103302,1.2654657363891602
259.3416359424591,0,19.99602699279785,0.524225652217865,1.2680238485336304
259.4083230495453,0,19.713396072387695,0.5184053182601929,1.2533113956451416
259.47501039505005,0,20.070756912231445,0.5257555842399597,1.2720775604248047
259.54169750213623,0,20.081295013427734,0.5261058807373047,1.2727930545806885
259.60838413238525,0,20.123973846435547,0.5274378657341003,1.2757612466812134
259.60838413238525,1,20.38739776611328,-5.0671467781066895,1.2360693216323853
259.67507123947144,0,20.00387954711914,0.5241219997406006,1.2688180208206177
259.67507123947144,1,20.42776870727539,-5.0763702392578125,1.237634301185608
259.74175786972046,0,19.628089904785156,0.5162314176559448,1.2479265928268433
259.74175786972046,1,20.52562713623047,-5.1013689041137695,1.2444257736206055
259.8084444999695,0,19.632049560546875,0.5163124799728394,1.247494101524353
259.8084444999695,1,20.386173248291016,-5.0657196044921875,1.235564112663269
259.8751308917999,0,19.677343368530273,0.517754077911377,1.249420166015625
259.8751308917999,1,20.214433670043945,-5.0229573249816895,1.224818229675293
259.97516083717346,0,19.762096405029297,0.5195879936218262,1.2544517517089844
259.97516083717346,1,20.008909225463867,-4.971224308013916,1.2113029956817627
260.0418469905853,0,19.84400749206543,0.5216659307479858,1.2589716911315918
260.0418469905853,1,20.062833786010742,-4.984619140625,1.2152016162872314
260.1084830760956,0,19.923433303833008,0.5227620005607605,1.2644442319869995
260.1084830760956,1,20.197084426879883,-5.019619464874268,1.2233283519744873
260.17506647109985,0,19.82069206237793,0.5199060440063477,1.2583969831466675
260.17506647109985,1,20.139625549316406,-5.002631664276123,1.219011664390564
260.24164867401123,0,19.829320907592773,0.5207595229148865,1.2579612731933594
260.24164867401123,1,19.941099166870117,-4.951830863952637,1.2063344717025757
260.308228969574,0,19.890724182128906,0.5215334892272949,1.2626854181289673
260.308228969574,1,20.016202926635742,-4.970847129821777,1.2101560831069946
260.40809655189514,0,19.88508415222168,0.5219136476516724,1.2611947059631348
260.40809655189514,1,20.211713790893555,-5.019972801208496,1.221347451210022
260.47467279434204,0,19.913421630859375,0.5223576426506042,1.262837529182434
260.47467279434204,1,20.0643367767334,-4.982546806335449,1.2118597030639648
260.5412473678589,0,19.95499610900879,0.523228108882904,1.2666350603103638
260.5412473678589,1,20.259790420532227,-5.03178596496582,1.2242844104766846
260.60782051086426,0,19.839826583862305,0.5192810297012329,1.2580537796020508
260.60782051086426,1,19.86884307861328,-4.934415817260742,1.200738549232483
260.6743919849396,0,19.965288162231445,0.5240831971168518,1.267722249031067
260.6743919849396,1,20.015607833862305,-4.9722418785095215,1.210136890411377
260.74096179008484,0,19.939844131469727,0.5231751799583435,1.2663625478744507
260.74096179008484,1,20.134082794189453,-5.001303195953369,1.216651201248169
260.80752992630005,0,19.967985153198242,0.524114727973938,1.268534779548645
260.80752992630005,1,20.144311904907227,-5.004245758056641,1.2181953191757202
260.8740966320038,0,19.943647384643555,0.5219311118125916,1.2644315958023071
260.8740966320038,1,20.24429702758789,-5.0292558670043945,1.2237948179244995
260.9406614303589,0,19.902284622192383,0.522763192653656,1.2642780542373657
260.9406614303589,1,20.13493537902832,-5.002686977386475,1.2175625562667847
261.0072247982025,0,19.85103988647461,0.5196617841720581,1.2586957216262817
261.0072247982025,1,20.120431900024414,-4.998471736907959,1.2161548137664795
261.07378792762756,0,19.875001907348633,0.5203012824058533,1.2599866390228271
261.07378792762756,1,20.093820571899414,-4.99294376373291,1.2143248319625854
261.1404755115509,0,20.06292152404785,0.5277246832847595,1.2740581035614014
261.1404755115509,1,20.172761917114258,-5.0126848220825195,1.2190383672714233
261.2071490287781,0,19.865583419799805,0.5199238061904907,1.2598612308502197
261.2071490287781,1,20.014894485473633,-4.972768306732178,1.209029197692871
261.2738218307495,0,20.063289642333984,0.5274904370307922,1.2732139825820923
261.2738218307495,1,20.09554100036621,-4.993831157684326,1.2140060663223267
261.3738305568695,0,20.039350509643555,0.5268452167510986,1.2705923318862915
261.3738305568695,1,20.127731323242188,-5.0024847984313965,1.2161771059036255
261.44050192832947,0,20.025344848632812,0.5259063243865967,1.269547700881958
261.44050192832947,1,20.364774703979492,-5.062102794647217,1.2314255237579346
261.5405080318451,0,19.99165153503418,0.5251678824424744,1.2676304578781128
261.5405080318451,1,20.339887619018555,-5.055058479309082,1.2293353080749512
261.60717821121216,0,19.904151916503906,0.522637665271759,1.2614723443984985
261.60717821121216,1,20.230043411254883,-5.028297424316406,1.2223665714263916
261.707181930542,0,19.877412796020508,0.5202581882476807,1.2609052658081055
261.707181930542,1,20.24593162536621,-5.030780792236328,1.2235835790634155
261.80718445777893,0,19.838998794555664,0.5192939043045044,1.2591556310653687
261.80718445777893,1,20.24605369567871,-5.031100273132324,1.2230194807052612
261.907185792923,0,19.774290084838867,0.517265796661377,1.2557616233825684
261.907185792923,1,19.955331802368164,-4.957217216491699,1.2052104473114014
261.97385239601135,0,19.745649337768555,0.5164757370948792,1.2541817426681519
261.97385239601135,1,19.66352653503418,-4.884530544281006,1.1872832775115967
262.0738513469696,0,19.73578453063965,0.5162308216094971,1.2536242008209229
262.0738513469696,1,19.87198257446289,-4.936682224273682,1.2006181478500366
262.14053225517273,0,19.914045333862305,0.5230069756507874,1.2625606060028076
262.14053225517273,1,20.090303421020508,-4.991664409637451,1.2134432792663574
262.20721673965454,0,19.925569534301758,0.5231821537017822,1.2635713815689087
262.20721673965454,1,20.04517936706543,-4.980620384216309,1.2105716466903687
262.2739007472992,0,19.766443252563477,0.5171719789505005,1.2562471628189087
262.2739007472992,1,20.23119354248047,-5.027785778045654,1.222444772720337
262.37392568588257,0,19.759260177612305,0.5169432163238525,1.256054162979126
262.37392568588257,1,20.265050888061523,-5.036153316497803,1.2252503633499146
262.4406085014343,0,19.775020599365234,0.517463207244873,1.2570281028747559
262.4406085014343,1,20.35553550720215,-5.058286190032959,1.230395793914795
262.5072908401489,0,19.890539169311523,0.5219832062721252,1.261855959892273
262.5072908401489,1,20.62410545349121,-5.125023365020752,1.2461613416671753
262.57397294044495,0,19.793365478515625,0.51849764585495,1.2558777332305908
262.57397294044495,1,20.630414962768555,-5.1279730796813965,1.2466213703155518
262.6406548023224,0,19.821308135986328,0.5194712281227112,1.2600367069244385
262.6406548023224,1,20.48843002319336,-5.09266471862793,1.2389428615570068
262.7406761646271,0,19.77499771118164,0.5174826383590698,1.2552424669265747
262.7406761646271,1,20.527498245239258,-5.103273391723633,1.2406853437423706
262.8073568344116,0,19.809635162353516,0.5184207558631897,1.257081389427185
262.8073568344116,1,20.438495635986328,-5.080993175506592,1.2348501682281494
262.874037027359,0,19.796838760375977,0.5191808938980103,1.2589010000228882
262.874037027359,1,20.591848373413086,-5.119401454925537,1.2430049180984497
262.94071674346924,0,19.836715698242188,0.5186483263969421,1.2585930824279785
262.94071674346924,1,20.272268295288086,-5.037898063659668,1.2256745100021362
263.0073962211609,0,19.8798828125,0.5221768617630005,1.2637029886245728
263.0073962211609,1,20.218780517578125,-5.024035453796387,1.2225068807601929
263.10741424560547,0,19.764951705932617,0.5194098353385925,1.2559196949005127
263.10741424560547,1,20.1745548248291,-5.013758182525635,1.2192403078079224
263.17411947250366,0,19.784282684326172,0.5173723697662354,1.2557640075683594
263.2408518791199,0,19.820533752441406,0.518716037273407,1.2583829164505005
263.30758452415466,0,19.858930587768555,0.5200316309928894,1.261525273323059
263.37431740760803,0,19.891185760498047,0.5231698751449585,1.2638393640518188
263.44105100631714,0,19.9137020111084,0.5219115018844604,1.2650591135025024
263.5077848434448,0,19.92306900024414,0.5221275687217712,1.2652662992477417
263.5745189189911,0,19.913408279418945,0.522084653377533,1.2637687921524048
263.6412534713745,0,19.923824310302734,0.5241792798042297,1.2659921646118164
263.7079885005951,0,19.972808837890625,0.5244655609130859,1.2668324708938599
263.77472376823425,0,19.91324806213379,0.5240659713745117,1.2648881673812866
263.84145951271057,0,19.87697410583496,0.522199273109436,1.2622323036193848
263.90819573402405,0,19.86746597290039,0.521794319152832,1.2616900205612183
263.9749321937561,0,19.818693161010742,0.5198737382888794,1.2590210437774658
264.0416691303253,0,20.001873016357422,0.5252118706703186,1.268364429473877
264.1084063053131,0,19.7828426361084,0.5193617939949036,1.2567895650863647
264.1751227378845,0,19.997020721435547,0.525701642036438,1.2676384449005127
264.2418420314789,0,19.727657318115234,0.5183462500572205,1.2531236410140991
264.2418420314789,1,20.630163192749023,-5.132474899291992,1.2405251264572144
264.3419210910797,0,19.69017219543457,0.5176253318786621,1.250699520111084
264.3419210910797,1,20.673219680786133,-5.143344879150391,1.2438946962356567
264.40864086151123,0,19.71802520751953,0.5181351900100708,1.2524638175964355
264.40864086151123,1,20.571298599243164,-5.117104530334473,1.2394928932189941
264.47536039352417,0,19.699743270874023,0.5175790190696716,1.2511872053146362
264.47536039352417,1,20.578760147094727,-5.118433475494385,1.2405462265014648
264.5754404067993,0,20.01119041442871,0.5257795453071594,1.2678097486495972
264.5754404067993,1,20.343353271484375,-5.059671401977539,1.2271316051483154
264.642160654068,0,19.7150936126709,0.5171197652816772,1.2518175840377808
264.642160654068,1,20.31099510192871,-5.049845218658447,1.226109504699707
264.7088806629181,0,19.77178955078125,0.5183838605880737,1.255774736404419
264.7088806629181,1,20.366477966308594,-5.063065528869629,1.2305173873901367
264.77560114860535,0,19.88561248779297,0.5221981406211853,1.2601584196090698
264.77560114860535,1,20.489347457885742,-5.094231128692627,1.2387655973434448
264.8423218727112,0,19.810531616210938,0.5195029377937317,1.2585026025772095
264.8423218727112,1,20.61618423461914,-5.125316619873047,1.2463077306747437
264.909042596817,0,19.950138092041016,0.5240373611450195,1.2643870115280151
264.97576332092285,0,20.027908325195312,0.5261921286582947,1.2690298557281494
264.97576332092285,1,20.776935577392578,-5.166201114654541,1.256462574005127
265.00912404060364,0,19.965909957885742,0.5246621966362,1.2652029991149902
265.00912404060364,1,20.72773551940918,-5.153303146362305,1.2526038885116577
265.0758447647095,0,19.95427703857422,0.5240783095359802,1.2644299268722534
265.0758447647095,1,20.618160247802734,-5.125248908996582,1.24460768699646
265.14256620407104,0,19.933197021484375,0.5232740640640259,1.26298189163208
265.14256620407104,1,20.665929794311523,-5.136536598205566,1.2468781471252441
265.2426359653473,0,19.853239059448242,0.5211126804351807,1.2617108821868896
265.2426359653473,1,20.442617416381836,-5.080499649047852,1.233587384223938
265.3093452453613,0,19.969703674316406,0.524193525314331,1.2652912139892578
265.3093452453613,1,20.391759872436523,-5.068248271942139,1.2303229570388794
265.37605476379395,0,19.929243087768555,0.5228312015533447,1.2632505893707275
265.37605476379395,1,20.517160415649414,-5.099593639373779,1.2388434410095215
265.44276452064514,0,19.915685653686523,0.5226427912712097,1.2626439332962036
265.44276452064514,1,20.746135711669922,-5.155756950378418,1.252336859703064
265.54282903671265,0,19.94500160217285,0.5233784914016724,1.264535665512085
265.54282903671265,1,20.275541305541992,-5.036641597747803,1.2232352495193481
265.60953879356384,0,20.035539627075195,0.526120662689209,1.270301103591919
265.60953879356384,1,20.179161071777344,-5.013038635253906,1.2180598974227905
265.70960330963135,0,19.998029708862305,0.5245552062988281,1.268457055091858
265.70960330963135,1,20.156513214111328,-5.007910251617432,1.2175410985946655
265.9764437675476,0,19.82614517211914,0.5205677151679993,1.2595715522766113
265.9764437675476,1,20.328126907348633,-5.05198860168457,1.227812647819519
266.04315423965454,0,19.97655487060547,0.5234498381614685,1.267612099647522
266.04315423965454,1,20.264312744140625,-5.035831451416016,1.223330020904541
266.2099235057831,0,19.881505966186523,0.5209088325500488,1.262065052986145
266.3100290298462,0,19.849185943603516,0.5213257670402527,1.2601275444030762
266.41013526916504,0,19.91318702697754,0.5218713283538818,1.2645831108093262
266.51024198532104,0,19.98476219177246,0.524019718170166,1.2692455053329468
266.57698035240173,0,19.941720962524414,0.5227880477905273,1.2666106224060059
266.643718957901,0,19.890995025634766,0.5211238265037537,1.2636605501174927
266.71045756340027,0,19.91289710998535,0.522883415222168,1.265434741973877
266.7771968841553,0,19.88426399230957,0.5219089388847351,1.2622150182724
266.84393644332886,0,19.997987747192383,0.5251955389976501,1.2693382501602173
266.9106764793396,0,20.01185417175293,0.5260791778564453,1.2700401544570923
266.97741651535034,0,20.00653648376465,0.5263584852218628,1.2691627740859985
267.04415678977966,0,19.805044174194336,0.5201001763343811,1.258544921875
267.11089754104614,0,19.800033569335938,0.5197714567184448,1.258199691772461
267.1776387691498,0,19.831035614013672,0.5209989547729492,1.260732889175415
267.24435353279114,0,20.0611629486084,0.5276893973350525,1.272564172744751
267.31104254722595,0,19.797809600830078,0.5200974345207214,1.2588105201721191
267.3777313232422,0,19.835416793823242,0.5208570957183838,1.2610162496566772
267.3777313232422,1,20.44954490661621,-5.08923864364624,1.23891019821167
267.4444200992584,0,19.81444549560547,0.5198999047279358,1.2597488164901733
267.4444200992584,1,20.370647430419922,-5.068777084350586,1.2328373193740845
267.5111086368561,0,20.049758911132812,0.5268722176551819,1.2717466354370117
267.5111086368561,1,20.30493927001953,-5.05183744430542,1.228830099105835
267.5777966976166,0,20.035856246948242,0.5271376967430115,1.2713563442230225
267.5777966976166,1,20.336530685424805,-5.0591206550598145,1.2307929992675781
267.7445170879364,0,19.850971221923828,0.5208055377006531,1.2614943981170654
267.7778606414795,0,19.846364974975586,0.5203427672386169,1.2609636783599854
267.8445484638214,0,19.83350944519043,0.5194412469863892,1.259894609451294
267.91123604774475,0,19.94737434387207,0.5250150561332703,1.2659130096435547
268.1112976074219,0,19.928211212158203,0.5243337154388428,1.2608038187026978
268.1779842376709,0,19.871726989746094,0.5204309225082397,1.2619420289993286
268.244677066803,0,19.895048141479492,0.52360600233078,1.2626432180404663
268.3114697933197,0,19.897628784179688,0.5231778621673584,1.2591222524642944
268.3782639503479,0,19.913843154907227,0.5216402411460876,1.264745831489563
268.44506001472473,0,19.876705169677734,0.522531270980835,1.2579203844070435
268.51185750961304,0,19.8382625579834,0.5198296308517456,1.2603987455368042
268.57865691185,0,19.837913513183594,0.5219929814338684,1.2589819431304932
268.6454577445984,0,19.975772857666016,0.5248487591743469,1.2644234895706177
268.71226024627686,0,19.836191177368164,0.5195465087890625,1.2601909637451172
268.7790644168854,0,19.777891159057617,0.5180774927139282,1.2560808658599854
268.84587001800537,0,19.854698181152344,0.522909939289093,1.2600882053375244
268.84587001800537,1,20.397459030151367,-5.074509620666504,1.2299535274505615
268.9460816383362,0,19.975202560424805,0.5246415734291077,1.2642356157302856
268.9794864654541,0,19.901426315307617,0.5225246548652649,1.2596362829208374
269.0797030925751,0,19.929044723510742,0.5229750275611877,1.2617615461349487
269.146516084671,0,19.762542724609375,0.5180948376655579,1.2553989887237549
269.213330745697,0,19.902050018310547,0.5219703316688538,1.2606925964355469
269.28009510040283,0,19.86971092224121,0.521534264087677,1.2589675188064575
269.34681010246277,0,19.766143798828125,0.5178684592247009,1.2553174495697021
269.44688272476196,0,19.857463836669922,0.52110755443573,1.2584534883499146
269.5135977268219,0,19.88068962097168,0.5218584537506104,1.2602132558822632
269.5803129673004,0,19.774883270263672,0.5176700949668884,1.2554627656936646
269.6470277309418,0,19.85890769958496,0.5216715335845947,1.2588343620300293
269.71374249458313,0,19.84313201904297,0.5210466980934143,1.2583167552947998
269.78045749664307,0,19.81962776184082,0.5209540128707886,1.2573175430297852
269.8471722602844,0,19.756486892700195,0.5166293978691101,1.2542957067489624
269.9138870239258,0,19.8481502532959,0.521651566028595,1.258924961090088
270.0139591693878,0,19.823179244995117,0.5181035399436951,1.2579035758972168
270.0806736946106,0,19.843355178833008,0.5220456719398499,1.2585011720657349
270.0806736946106,1,21.170272827148438,-5.264074802398682,1.276043176651001
270.1473882198334,0,19.780792236328125,0.5171265602111816,1.2547980546951294
270.1473882198334,1,21.052560806274414,-5.2342848777771,1.26886785030365
270.21410298347473,0,19.80263328552246,0.5210429430007935,1.2562179565429688
270.21410298347473,1,20.90582275390625,-5.196748733520508,1.2600334882736206
270.2808153629303,0,19.8115234375,0.5185229778289795,1.2560030221939087
270.2808153629303,1,20.866409301757812,-5.185948848724365,1.2585502862930298
270.34755873680115,0,19.766199111938477,0.5177280306816101,1.2529444694519043
270.34755873680115,1,20.85686492919922,-5.184250831604004,1.2583723068237305
270.44767451286316,0,19.807687759399414,0.520517110824585,1.256846308708191
270.44767451286316,1,20.420291900634766,-5.07305383682251,1.2310947179794312
270.5144188404083,0,19.81336212158203,0.5205395817756653,1.2576099634170532
270.5144188404083,1,20.499267578125,-5.0940423011779785,1.2364062070846558
270.6145362854004,0,19.90781021118164,0.522610068321228,1.2636785507202148
270.6145362854004,1,20.630281448364258,-5.1269025802612305,1.2458842992782593
270.68128180503845,0,19.955049514770508,0.5242599248886108,1.2667359113693237
270.68128180503845,1,20.598440170288086,-5.119737148284912,1.2444260120391846
270.78140115737915,0,19.825870513916016,0.5184057354927063,1.2566378116607666
270.78140115737915,1,20.60369873046875,-5.121352195739746,1.244063138961792
270.8481478691101,0,19.97750473022461,0.525330662727356,1.2679582834243774
270.8481478691101,1,20.575613021850586,-5.114130020141602,1.24277663230896
270.9148950576782,0,20.013742446899414,0.5265583395957947,1.2707113027572632
270.9148950576782,1,20.614238739013672,-5.123592853546143,1.2452871799468994
