time_diff_sec,marker_index,x,y,z
0.0,0,0.597969651222229,-0.00934220664203167,0.05589762702584267
0.03334689140319824,0,0.5987746119499207,-0.009111175313591957,0.04901142045855522
0.06669378280639648,0,0.5980157852172852,-0.00934218056499958,0.05664658918976784
0.10004091262817383,0,0.598446249961853,-0.009158888831734657,0.05243976041674614
0.13338756561279297,0,0.5981477499008179,-0.009287022054195404,0.05329105630517006
0.166733980178833,0,0.5985268950462341,-0.009122399613261223,0.05031035840511322
0.20008063316345215,0,0.5980595946311951,-0.009363895282149315,0.055391162633895874
0.2334270477294922,0,0.5983772277832031,-0.009152457118034363,0.05176127701997757
0.2667734622955322,0,0.59806227684021,-0.009332232177257538,0.05464886128902435
0.30011963844299316,0,0.598389208316803,-0.009457681328058243,0.051378704607486725
0.3334658145904541,0,0.5979961156845093,-0.009443972259759903,0.05448820814490318
0.36681175231933594,0,0.5983670949935913,-0.009298428893089294,0.05134561285376549
0.4001579284667969,0,0.5981513261795044,-0.009320984594523907,0.054418958723545074
0.4335036277770996,0,0.5985205173492432,-0.00960765965282917,0.05138995125889778
0.46684956550598145,0,0.5982116460800171,-0.00925130769610405,0.0538911372423172
0.5001952648162842,0,0.5985888242721558,-0.00934423878788948,0.049766719341278076
0.5335409641265869,0,0.598256528377533,-0.009605439379811287,0.05357546731829643
0.5668864250183105,0,0.5984120965003967,-0.009186957962810993,0.05099048465490341
0.6002318859100342,0,0.5980778932571411,-0.009257450699806213,0.05425360053777695
0.6335773468017578,0,0.5985139608383179,-0.009391916915774345,0.05088503658771515
0.6669225692749023,0,0.5984845161437988,-0.010566242970526218,0.053691744804382324
0.7002677917480469,0,0.598448634147644,-0.009192870929837227,0.05119436979293823
0.7336130142211914,0,0.598223090171814,-0.009265463799238205,0.05434948951005936
0.7669579982757568,0,0.5987992882728577,-0.011396649293601513,0.05466334521770477
0.8003029823303223,0,0.5982321500778198,-0.010397836565971375,0.05607397109270096
0.8336482048034668,0,0.5985002517700195,-0.009649299085140228,0.05206476151943207
0.8670060634613037,0,0.5981786251068115,-0.009548485279083252,0.054748453199863434
0.900376558303833,0,0.5984950065612793,-0.009171541780233383,0.051263973116874695
0.9337468147277832,0,0.5979955196380615,-0.009441595524549484,0.05610675364732742
0.9671175479888916,0,0.5984256863594055,-0.009252242743968964,0.05213358998298645
1.000488042831421,0,0.5981379151344299,-0.00934477150440216,0.05479634925723076
1.0338587760925293,0,0.5987027883529663,-0.009058436378836632,0.049757346510887146
1.0672295093536377,0,0.5983056426048279,-0.009320476092398167,0.05362623184919357
1.1006004810333252,0,0.5984755754470825,-0.009185872040688992,0.051493749022483826
1.1339712142944336,0,0.5981253385543823,-0.009329210966825485,0.05554772913455963
1.167342185974121,0,0.5985771417617798,-0.009167585521936417,0.04982084035873413
1.2007131576538086,0,0.5984416604042053,-0.009324317798018456,0.05360247939825058
1.234084129333496,0,0.5985813140869141,-0.009481972083449364,0.05090079456567764
1.2674553394317627,0,0.5981733798980713,-0.009495662525296211,0.05419250205159187
1.3008265495300293,0,0.5985296964645386,-0.009307080879807472,0.051202304661273956
1.334197759628296,0,0.597991943359375,-0.009372525848448277,0.056537993252277374
1.3675692081451416,0,0.5983908772468567,-0.009150795638561249,0.052349358797073364
1.4009404182434082,0,0.5982588529586792,-0.009311283007264137,0.054304368793964386
1.434311866760254,0,0.5985270738601685,-0.009171415120363235,0.05124586820602417
1.4676833152770996,0,0.5980963706970215,-0.009335950016975403,0.05436933785676956
1.5010550022125244,0,0.5984551310539246,-0.009106062352657318,0.05123807489871979
1.5344269275665283,0,0.5987178087234497,-0.008330595679581165,0.054010726511478424
1.567798376083374,0,0.5986840724945068,-0.008732432499527931,0.051046937704086304
1.601170301437378,0,0.5984036922454834,-0.009141129441559315,0.054232217371463776
1.6345419883728027,0,0.5986018776893616,-0.009166976436972618,0.051215868443250656
1.6679141521453857,0,0.5981719493865967,-0.009266911074519157,0.05487225949764252
1.7012858390808105,0,0.5986215472221375,-0.009142005816102028,0.04966597631573677
1.7346580028533936,0,0.5980222821235657,-0.009282379411160946,0.05620808154344559
1.7680304050445557,0,0.5987519025802612,-0.009033928625285625,0.04894495755434036
1.8014023303985596,0,0.5983034372329712,-0.00928092747926712,0.05321718752384186
1.8347747325897217,0,0.5985047221183777,-0.009161558002233505,0.050679147243499756
1.8681468963623047,0,0.5978260040283203,-0.009302421472966671,0.05685396492481232
1.9015002250671387,0,0.5986671447753906,-0.00915929302573204,0.04943585395812988
1.9348537921905518,0,0.5982018709182739,-0.009256317280232906,0.053478024899959564
1.9682071208953857,0,0.5985172986984253,-0.00911458395421505,0.050820525735616684
2.001560688018799,0,0.5978090763092041,-0.009325185790657997,0.05719708278775215
2.034914016723633,0,0.5985100269317627,-0.00910150445997715,0.04945783689618111
2.068267345428467,0,0.5981918573379517,-0.009289312176406384,0.053467996418476105
2.101620674133301,0,0.5984464883804321,-0.00919833593070507,0.05082666873931885
2.134974241256714,0,0.5980947017669678,-0.009266963228583336,0.05418681725859642
2.1683273315429688,0,0.5982908010482788,-0.009215839207172394,0.05269840359687805
2.2016806602478027,0,0.5983495712280273,-0.008606603369116783,0.055601075291633606
2.2350339889526367,0,0.5981403589248657,-0.00927759986370802,0.05509839206933975
2.2683873176574707,0,0.5984327793121338,-0.009175162762403488,0.05167520046234131
2.3017401695251465,0,0.5981148481369019,-0.008899717591702938,0.05654751509428024
2.3350934982299805,0,0.5984288454055786,-0.008931171149015427,0.05236099660396576
2.3684465885162354,0,0.5982779264450073,-0.009093682281672955,0.05488336831331253
2.4017999172210693,0,0.5985455513000488,-0.009124696254730225,0.049863919615745544
2.435152769088745,0,0.5982269048690796,-0.009369811043143272,0.053670041263103485
2.468505859375,0,0.5984827280044556,-0.009131371043622494,0.05156315490603447
2.501858949661255,0,0.5981677174568176,-0.009413615800440311,0.0555366650223732
2.5352120399475098,0,0.5984326601028442,-0.009197698906064034,0.05182783678174019
2.5685648918151855,0,0.5982776880264282,-0.009294496849179268,0.05462188646197319
2.6019177436828613,0,0.5984930992126465,-0.0089982058852911,0.049808718264102936
2.635270833969116,0,0.5983024835586548,-0.009215854108333588,0.05360568314790726
2.668623924255371,0,0.5985766053199768,-0.009079009294509888,0.050908301025629044
2.7019765377044678,0,0.5983572602272034,-0.009303800761699677,0.054131604731082916
2.7353293895721436,0,0.598692774772644,-0.009108686819672585,0.05117671936750412
2.802034854888916,0,0.5982309579849243,-0.009409639984369278,0.0560004785656929
2.9353885650634766,0,0.5987322330474854,-0.009245624765753746,0.05217296630144119
3.1018295288085938,0,0.5991626977920532,-0.009199111722409725,0.057021308690309525
3.1351168155670166,0,0.5998544096946716,-0.00875299796462059,0.048368021845817566
3.168403148651123,0,0.5992105007171631,-0.009347635321319103,0.05454171448945999
3.2016892433166504,0,0.5999728441238403,-0.008700144477188587,0.048481643199920654
3.2349750995635986,0,0.5995867252349854,-0.009354094043374062,0.05565616115927696
3.2682602405548096,0,0.600155234336853,-0.008683476597070694,0.048561275005340576
3.3015451431274414,0,0.600023627281189,-0.009016912430524826,0.05269790440797806
3.334829568862915,0,0.6002943515777588,-0.008835912682116032,0.05223613604903221
3.3681135177612305,0,0.6000109910964966,-0.009038487449288368,0.05454147234559059
3.401397228240967,0,0.5999627113342285,-0.008863907307386398,0.052963986992836
3.434680461883545,0,0.6001484394073486,-0.009161668829619884,0.05477246642112732
3.467963218688965,0,0.6001206636428833,-0.0088990842923522,0.05164128914475441
3.5012457370758057,0,0.600237250328064,-0.00929952971637249,0.055650923401117325
3.534527540206909,0,0.6006838083267212,-0.008733161725103855,0.05082140862941742
3.5678091049194336,0,0.6010293960571289,-0.009103517048060894,0.05353371798992157
3.6010901927948,0,0.6012463569641113,-0.008697554469108582,0.05131755769252777
3.634370803833008,0,0.6007790565490723,-0.009302869439125061,0.055973369628190994
3.6676511764526367,0,0.6008448600769043,-0.008377289399504662,0.05040401220321655
3.7009310722351074,0,0.6008182764053345,-0.00905110314488411,0.05398361012339592
3.734210252761841,0,0.6012505888938904,-0.008155757561326027,0.04974514991044998
3.767489194869995,0,0.6008421778678894,-0.00922825001180172,0.05520930141210556
3.8007678985595703,0,0.6014721393585205,-0.00870603695511818,0.052722834050655365
3.8340461254119873,0,0.6011289954185486,-0.009327670559287071,0.05570063367486
3.867323875427246,0,0.601736307144165,-0.007949265651404858,0.049602046608924866
3.9006030559539795,0,0.6013410091400146,-0.008698143064975739,0.05296274647116661
3.933887481689453,0,0.6018829345703125,-0.00824118871241808,0.05133160948753357
3.9671716690063477,0,0.6017835140228271,-0.009559807367622852,0.05566748231649399
4.000455379486084,0,0.6022540330886841,-0.007695816457271576,0.05058426037430763
4.033738374710083,0,0.6019953489303589,-0.00962638296186924,0.05578192323446274
4.067021131515503,0,0.6025727987289429,-0.008201113902032375,0.0529865100979805
4.1003031730651855,0,0.6021978855133057,-0.009261582046747208,0.05410575494170189
4.133584976196289,0,0.602874755859375,-0.00696855504065752,0.050432704389095306
4.1668665409088135,0,0.6027723550796509,-0.00944974459707737,0.05398684740066528
4.2001471519470215,0,0.6028748750686646,-0.010275380685925484,0.05427097529172897
4.23342752456665,0,0.6028985977172852,-0.008969658985733986,0.05254894495010376
4.266707420349121,0,0.6024701595306396,-0.010204695165157318,0.054377276450395584
4.299986839294434,0,0.6028003692626953,-0.010163513943552971,0.05344250798225403
4.333265781402588,0,0.602668046951294,-0.010814378969371319,0.05435512959957123
4.366544246673584,0,0.602622389793396,-0.010860564187169075,0.05421531945466995
4.399822235107422,0,0.6023237705230713,-0.011238578706979752,0.054451197385787964
4.433099746704102,0,0.6022887229919434,-0.006929055321961641,0.05264061689376831
4.466376781463623,0,0.6021913886070251,-0.009331281296908855,0.05342588573694229
4.499653339385986,0,0.6021257638931274,-0.011120128445327282,0.05379549413919449
4.532929420471191,0,0.6022167205810547,-0.005782460793852806,0.052151888608932495
4.566205024719238,0,0.6022070646286011,-0.011303472332656384,0.05421275645494461
4.599480390548706,0,0.6018309593200684,-0.011407704092562199,0.05387035757303238
4.6327550411224365,0,0.6017880439758301,-0.011566068977117538,0.05406631529331207
4.666029214859009,0,0.6020065546035767,-0.011557279154658318,0.05406681075692177
4.699302911758423,0,0.6018697023391724,-0.011616000905632973,0.05412622541189194
4.732576131820679,0,0.6022332906723022,-0.006849987432360649,0.0524846613407135
4.7658491134643555,0,0.6017932891845703,-0.011632146313786507,0.05421958118677139
4.799121379852295,0,0.6021806001663208,-0.004206904210150242,0.05155487358570099
4.832393407821655,0,0.601574718952179,-0.009249247610569,0.053413137793540955
4.865664720535278,0,0.6012255549430847,-0.005030488595366478,0.05208145081996918
4.898937463760376,0,0.6013311147689819,-0.007906301878392696,0.05299706012010574
4.932303428649902,0,0.6013872623443604,-0.006095374468713999,0.05243011564016342
4.965669393539429,0,0.6008726358413696,-0.008270335383713245,0.05323684215545654
4.999035596847534,0,0.6012269258499146,-0.004767382051795721,0.05206562578678131
5.03240180015564,0,0.6007988452911377,-0.008878868073225021,0.05337173119187355
5.065768003463745,0,0.6010464429855347,-0.00816164631396532,0.053187381476163864
5.09913444519043,0,0.60126793384552,-0.004433545283973217,0.05180281400680542
5.132500886917114,0,0.6008188724517822,-0.008076591417193413,0.05300991237163544
5.165867328643799,0,0.6010245084762573,-0.0043314602226018906,0.05179087817668915
5.199233770370483,0,0.6009834408760071,-0.009770644828677177,0.05374458059668541
5.232600212097168,0,0.6012086868286133,-0.010666374117136002,0.05393198877573013
5.2659666538238525,0,0.6011353731155396,-0.011087100952863693,0.05402152240276337
5.299333333969116,0,0.6011761426925659,-0.005776421632617712,0.052245259284973145
5.332699775695801,0,0.6012572050094604,-0.008626142516732216,0.05317820608615875
5.3660664558410645,0,0.601384162902832,-0.005100243259221315,0.05180317163467407
5.399433374404907,0,0.6015514135360718,-0.008187329396605492,0.052929408848285675
5.432800054550171,0,0.601955771446228,-0.0027190183755010366,0.051078494638204575
5.466166973114014,0,0.6022814512252808,-0.006998392753303051,0.052401576191186905
5.499533653259277,0,0.6014108061790466,-0.010036800056695938,0.053608447313308716
5.53290057182312,0,0.6019222736358643,-0.009216126054525375,0.05324513465166092
5.566267967224121,0,0.6012128591537476,-0.004897192120552063,0.051966603845357895
5.599634885787964,0,0.6004023551940918,-0.010019291192293167,0.05346743389964104
5.633002042770386,0,0.6002680063247681,-0.004677670542150736,0.05189187079668045
5.666369199752808,0,0.600014328956604,-0.008419115096330643,0.05290421098470688
5.6997363567352295,0,0.600281834602356,-0.010978639125823975,0.0537303201854229
5.733103513717651,0,0.6007275581359863,-0.00272733042947948,0.0513007715344429
5.766470670700073,0,0.6009541749954224,-0.00748692499473691,0.05297558754682541
5.799838304519653,0,0.6025551557540894,-0.010082118213176727,0.05449094623327255
5.833205699920654,0,0.6042311191558838,-0.005006343591958284,0.054059773683547974
5.866573095321655,0,0.6060158014297485,-0.00935505609959364,0.05701683461666107
5.899940013885498,0,0.6126648187637329,-0.002768123522400856,0.05821669101715088
5.93328595161438,0,0.6193827390670776,-0.006263463292270899,0.06333790719509125
5.966665267944336,0,0.6269145011901855,0.0014442859683185816,0.06390723586082458
6.000044822692871,0,0.6356733441352844,0.006807070691138506,0.06529124826192856
13.30902099609375,0,1.1890655755996704,-0.009267725981771946,0.07056309282779694
13.342318058013916,0,1.190178632736206,-0.00939859077334404,0.06654462218284607
13.442207336425781,0,1.1908239126205444,-0.009275874122977257,0.06889290362596512
13.542093515396118,0,1.1935640573501587,-0.00933378841727972,0.06645291298627853
13.641976594924927,0,1.1929527521133423,-0.009429937228560448,0.06900367140769958
13.675270318984985,0,1.192952275276184,-0.009403644129633904,0.06618938595056534
19.88183283805847,0,1.2046488523483276,-0.011688563041388988,0.07129768282175064
19.915167093276978,0,1.2043440341949463,-0.01136348769068718,0.07140309363603592
19.948501110076904,0,1.2044804096221924,-0.010989528149366379,0.07151538133621216
20.115166425704956,0,1.2053600549697876,-0.010424038395285606,0.07381603121757507
20.148503065109253,0,1.2069330215454102,-0.009616202674806118,0.07169266045093536
20.18183946609497,0,1.2067539691925049,-0.009583627805113792,0.07160849124193192
20.24851083755493,0,1.2059837579727173,-0.009577838703989983,0.0714508593082428
20.348515033721924,0,1.205561876296997,-0.009721665643155575,0.07265714555978775
20.38184881210327,0,1.2069995403289795,-0.009477777406573296,0.07132501900196075
20.41518235206604,0,1.2071313858032227,-0.009753813035786152,0.07354067265987396
20.44851565361023,0,1.2062151432037354,-0.009479153901338577,0.07206536829471588
20.48184847831726,0,1.208101511001587,-0.00928250327706337,0.07200968265533447
20.515180826187134,0,1.2086694240570068,-0.009651582688093185,0.07269919663667679
20.54851269721985,0,1.2084054946899414,-0.009334739297628403,0.07176585495471954
20.581844091415405,0,1.209403395652771,-0.009960029274225235,0.07573835551738739
20.615175247192383,0,1.2079427242279053,-0.009278091602027416,0.07186423242092133
20.64850616455078,0,1.208733081817627,-0.009300736710429192,0.07171572744846344
20.681836366653442,0,1.2095096111297607,-0.009496749378740788,0.07362190634012222
20.715166330337524,0,1.2083003520965576,-0.009543485008180141,0.07268430292606354
20.74849581718445,0,1.2094825506210327,-0.009487584233283997,0.07190258055925369
20.781825065612793,0,1.2074884176254272,-0.00958826020359993,0.07203839719295502
20.8151535987854,0,1.2085199356079102,-0.009682750329375267,0.07205114513635635
20.84848189353943,0,1.2080793380737305,-0.009523333050310612,0.0722283273935318
20.881809949874878,0,1.208580493927002,-0.009894713759422302,0.07397628575563431
20.91513752937317,0,1.2090450525283813,-0.009755546227097511,0.07216276228427887
20.9484646320343,0,1.2084448337554932,-0.009605417028069496,0.07174910604953766
20.981791257858276,0,1.2079317569732666,-0.009982096031308174,0.07194997370243073
21.015117645263672,0,1.2079706192016602,-0.010013596154749393,0.0739419236779213
21.04844355583191,0,1.2080744504928589,-0.009786581620573997,0.07155181467533112
21.08176898956299,0,1.2080131769180298,-0.009995689615607262,0.07277639210224152
21.148452281951904,0,1.2074151039123535,-0.0098656564950943,0.07413840293884277
21.18181085586548,0,1.2067631483078003,-0.010640770196914673,0.07232429087162018
21.215169191360474,0,1.2064977884292603,-0.009931318461894989,0.0734160840511322
21.248527765274048,0,1.2047245502471924,-0.010041740722954273,0.07411226630210876
21.281886339187622,0,1.201700210571289,-0.010334874503314495,0.07381895184516907
32.1584312915802,0,1.809053659439087,-0.017345251515507698,0.08728241175413132
32.19178032875061,0,1.811391830444336,-0.014039570465683937,0.09006618708372116
32.22512912750244,0,1.8127140998840332,-0.012010365724563599,0.0916503518819809
32.55867290496826,0,1.8120975494384766,-0.014576684683561325,0.08921034634113312
32.59202790260315,0,1.8153876066207886,-0.012442824430763721,0.09095871448516846
32.62538266181946,0,1.8091610670089722,-0.011420512571930885,0.09149329364299774
32.658737659454346,0,1.8101592063903809,-0.011029592715203762,0.09181764721870422
33.4258987903595,0,1.8113864660263062,-0.009362713433802128,0.09512212872505188
33.45925712585449,0,1.8129217624664307,-0.010524626821279526,0.0938730388879776
33.492615699768066,0,1.8138585090637207,-0.01005948893725872,0.09468218684196472
33.52597427368164,0,1.8121519088745117,-0.009745597839355469,0.09506894648075104
33.559332847595215,0,1.8120445013046265,-0.009793540462851524,0.09509220719337463
33.59269118309021,0,1.8138060569763184,-0.009731216356158257,0.09533502161502838
33.626049518585205,0,1.8152135610580444,-0.010399134829640388,0.09450539946556091
33.65940809249878,0,1.8163328170776367,-0.009766295552253723,0.09510555118322372
33.692766427993774,0,1.8155754804611206,-0.009520823135972023,0.09533493220806122
33.72612476348877,0,1.8149821758270264,-0.010461533442139626,0.0942791998386383
33.759483098983765,0,1.8131568431854248,-0.009681115858256817,0.09506359696388245
33.79284167289734,0,1.81478750705719,-0.01068376749753952,0.09433594346046448
33.826200008392334,0,1.8144729137420654,-0.010105942375957966,0.09497949481010437
33.85955810546875,0,1.8138368129730225,-0.010635522194206715,0.09419472515583038
33.892916440963745,0,1.8159021139144897,-0.010020541027188301,0.0950891524553299
33.92627477645874,0,1.8167774677276611,-0.009562375023961067,0.09559760987758636
33.959632873535156,0,1.8173516988754272,-0.010114755481481552,0.09470002353191376
33.99299097061157,0,1.8164770603179932,-0.00970413163304329,0.09528446197509766
34.02634906768799,0,1.8160178661346436,-0.009934993460774422,0.09460814297199249
34.05970740318298,0,1.8163090944290161,-0.010690273717045784,0.09420384466648102
34.0930655002594,0,1.8146542310714722,-0.01007919479161501,0.09492553770542145
34.126423597335815,0,1.815859317779541,-0.010610202327370644,0.09436393529176712
34.15978145599365,0,1.8155231475830078,-0.009881390258669853,0.09515492618083954
34.19313979148865,0,1.816296100616455,-0.010564696043729782,0.09425154328346252
34.226497650146484,0,1.816236138343811,-0.01080421730875969,0.09398750960826874
34.2598557472229,0,1.8134762048721313,-0.010102631524205208,0.09473846107721329
34.29321360588074,0,1.8154971599578857,-0.009595932438969612,0.09519974887371063
34.32657170295715,0,1.816609501838684,-0.010622108355164528,0.0943705290555954
34.359915256500244,0,1.8179817199707031,-0.010838933289051056,0.09414495527744293
34.393259048461914,0,1.8141087293624878,-0.011222612112760544,0.09323026239871979
34.426602602005005,0,1.8138412237167358,-0.010241415351629257,0.09444847702980042
34.45994591712952,0,1.814898133277893,-0.010566663928329945,0.09415894001722336
34.49328923225403,0,1.81624174118042,-0.010815266519784927,0.09405840933322906
34.52663230895996,0,1.815219521522522,-0.010005541145801544,0.09498065710067749
34.559975385665894,0,1.8138344287872314,-0.01065344549715519,0.094132199883461
34.59331822395325,0,1.8155732154846191,-0.010629784315824509,0.09414883702993393
34.62666082382202,0,1.817368507385254,-0.009891388937830925,0.09501725435256958
34.660003423690796,0,1.8177170753479004,-0.010647358372807503,0.09438137710094452
34.69334602355957,0,1.8189034461975098,-0.010804332792758942,0.09434186667203903
34.726688623428345,0,1.817357063293457,-0.010155653581023216,0.09494023025035858
34.76003074645996,0,1.8166104555130005,-0.009652736596763134,0.0953497514128685
34.79337286949158,0,1.81573486328125,-0.009591203182935715,0.09553423523902893
34.82671499252319,0,1.8159465789794922,-0.01055593229830265,0.09451639652252197
34.86005663871765,0,1.8156471252441406,-0.009985246695578098,0.09514223039150238
34.89339852333069,0,1.8139621019363403,-0.009689592756330967,0.09550008922815323
34.92673993110657,0,1.815435528755188,-0.010497698560357094,0.09462882578372955
34.960081577301025,0,1.8160195350646973,-0.009834225289523602,0.09520599246025085
34.99342322349548,0,1.8158748149871826,-0.009430376812815666,0.09553472697734833
35.026764154434204,0,1.814121127128601,-0.009517639875411987,0.09550800174474716
35.06010556221008,0,1.8149960041046143,-0.009582307189702988,0.09557242691516876
35.093446254730225,0,1.8157811164855957,-0.009501566179096699,0.0956481397151947
35.126787424087524,0,1.8158483505249023,-0.009582169353961945,0.09558586776256561
35.16012787818909,0,1.8154828548431396,-0.009431049227714539,0.09566482901573181
35.19346880912781,0,1.8163561820983887,-0.010325383394956589,0.09469766914844513
35.22680902481079,0,1.8157614469528198,-0.009886583313345909,0.09533166885375977
35.26014971733093,0,1.8158025741577148,-0.010824831202626228,0.09448933601379395
35.29348969459534,0,1.8138772249221802,-0.010205734521150589,0.09495510160923004
35.32683038711548,0,1.8134920597076416,-0.009941085241734982,0.09503871947526932
35.360187292099,0,1.8154280185699463,-0.010470712557435036,0.09443288296461105
35.393542766571045,0,1.8150203227996826,-0.009952383115887642,0.09497737884521484
35.42689824104309,0,1.8143649101257324,-0.009567135944962502,0.09535565227270126
35.46025371551514,0,1.8123677968978882,-0.009464631788432598,0.09537138789892197
35.49360918998718,0,1.8131186962127686,-0.00950645748525858,0.09546847641468048
35.52696466445923,0,1.8120806217193604,-0.009568759240210056,0.0953579992055893
35.560320138931274,0,1.8127827644348145,-0.009433938190340996,0.0955602377653122
35.59367537498474,0,1.8110575675964355,-0.009447021409869194,0.09545212239027023
35.62703084945679,0,1.811673879623413,-0.009471805766224861,0.09539107233285904
35.660386085510254,0,1.8104312419891357,-0.00955304317176342,0.095204658806324
35.69374132156372,0,1.809394359588623,-0.009635540656745434,0.09508372843265533
35.72709655761719,0,1.8089938163757324,-0.009909449145197868,0.0948607325553894
35.760451793670654,0,1.8091323375701904,-0.00988285057246685,0.09493503719568253
35.79380702972412,0,1.8089783191680908,-0.010058866813778877,0.0946187674999237
35.82716202735901,0,1.8069988489151,-0.010091390460729599,0.09476783871650696
35.8605170249939,0,1.805605173110962,-0.009897831827402115,0.09471236169338226
35.893872022628784,0,1.8078570365905762,-0.009738224558532238,0.09498225152492523
35.92722702026367,0,1.8088226318359375,-0.011182274669408798,0.09335445612668991
35.96058225631714,0,1.811283826828003,-0.011594131588935852,0.09303485602140427
35.993937253952026,0,1.8150020837783813,-0.01156555488705635,0.09336389601230621
36.027292013168335,0,1.8120944499969482,-0.010684531182050705,0.09439751505851746
36.06064701080322,0,1.8120896816253662,-0.011255204677581787,0.09369586408138275
36.09400200843811,0,1.8110982179641724,-0.010519672185182571,0.09450533986091614
36.12735676765442,0,1.812017560005188,-0.010140836238861084,0.09482850134372711
36.16071176528931,0,1.810990333557129,-0.009876703843474388,0.09513936936855316
36.194066524505615,0,1.809725284576416,-0.009905610233545303,0.09507277607917786
36.227421283721924,0,1.810986042022705,-0.009885480627417564,0.09502283483743668
36.26077604293823,0,1.8101646900177002,-0.009895769879221916,0.09485176205635071
36.36083984375,0,1.8080322742462158,-0.010277319699525833,0.09412802755832672
44.96596932411194,0,2.407672643661499,-0.01661321520805359,0.10975620150566101
45.16616606712341,0,12.459502220153809,3.10196590423584,0.6668447256088257
45.36636519432068,0,12.626714706420898,3.1442339420318604,0.675518810749054
46.16721057891846,0,2.414687395095825,-0.015612495131790638,0.11609484255313873
46.20058083534241,0,2.4150960445404053,-0.015817366540431976,0.11475145816802979
46.23395133018494,0,2.4151084423065186,-0.015853269025683403,0.1139274314045906
46.26732158660889,0,2.4189953804016113,-0.015920937061309814,0.11394040286540985
46.30069184303284,0,2.416231155395508,-0.015872491523623466,0.11349180340766907
46.40080404281616,0,2.392026424407959,-0.018184660002589226,0.10769303143024445
46.50091624259949,0,2.373472213745117,-0.01863948255777359,0.10547962784767151
49.13671636581421,0,2.4021313190460205,-0.014428510330617428,0.11201181262731552
49.236828565597534,0,2.40252685546875,-0.015178950503468513,0.110700324177742
49.2701997756958,0,2.409345865249634,-0.015142466872930527,0.11124023795127869
49.37031316757202,0,2.408717155456543,-0.01568879559636116,0.11058329045772552
49.53717112541199,0,2.404299259185791,-0.015362175181508064,0.11114855110645294
49.637274742126465,0,2.3951914310455322,-0.016400642693042755,0.10823611170053482
49.70401096343994,0,2.40096378326416,-0.01626778021454811,0.10922391712665558
49.73737931251526,0,2.415719509124756,-0.015313176438212395,0.11158223450183868
49.770747661590576,0,2.4211435317993164,-0.014981577172875404,0.11241724342107773
49.804116010665894,0,2.4238312244415283,-0.01507759653031826,0.1126730889081955
49.83748459815979,0,2.4219703674316406,-0.01504262164235115,0.11297076940536499
49.870853424072266,0,2.4218854904174805,-0.014789553359150887,0.11323949694633484
49.90422224998474,0,2.423039436340332,-0.014624319970607758,0.1136888861656189
49.93759107589722,0,2.423266887664795,-0.014787565916776657,0.11365713179111481
49.97095990180969,0,2.423384189605713,-0.0146390525624156,0.11378435790538788
50.004329204559326,0,2.4225893020629883,-0.01474175974726677,0.11372653394937515
50.03769826889038,0,2.4253554344177246,-0.014632984064519405,0.11394943296909332
50.071067571640015,0,2.4257633686065674,-0.014514194801449776,0.11417124420404434
50.10443711280823,0,2.424600601196289,-0.014420604333281517,0.1143360286951065
50.13780665397644,0,2.4256443977355957,-0.014347628690302372,0.11442315578460693
50.17117643356323,0,2.4263250827789307,-0.014243146404623985,0.11465016007423401
50.204545974731445,0,2.424039840698242,-0.014276834204792976,0.11461937427520752
50.23791575431824,0,2.42663311958313,-0.014217754825949669,0.11492203176021576
50.27128577232361,0,2.426933765411377,-0.014357781037688255,0.1149226576089859
50.30465579032898,0,2.4262402057647705,-0.014814344234764576,0.11469559371471405
50.33802604675293,0,2.425168514251709,-0.014588084071874619,0.1146344244480133
50.3713960647583,0,2.427091121673584,-0.014491721987724304,0.11503689736127853
50.40476632118225,0,2.426994800567627,-0.01473119854927063,0.11484017968177795
50.43813705444336,0,2.4255809783935547,-0.014794844202697277,0.11485651135444641
50.47150754928589,0,2.424867630004883,-0.014856529422104359,0.11475047469139099
50.504878282547,0,2.426459312438965,-0.014855625107884407,0.11479462683200836
50.53824853897095,0,2.4269943237304688,-0.014913467690348625,0.11504246294498444
50.57161021232605,0,2.424300193786621,-0.014989330433309078,0.11491060256958008
50.60498309135437,0,2.4255428314208984,-0.0149537930265069,0.11502797901630402
50.63835620880127,0,2.4261386394500732,-0.01499482523649931,0.11510676145553589
50.67172956466675,0,2.4274301528930664,-0.014925220981240273,0.11517192423343658
50.70510292053223,0,2.429086685180664,-0.014966744929552078,0.1153455525636673
50.738476276397705,0,2.427554130554199,-0.014835035428404808,0.11526542901992798
50.77184987068176,0,2.426182746887207,-0.014759326353669167,0.11521095037460327
50.80522346496582,0,2.427371025085449,-0.01480681262910366,0.11521704494953156
50.83859729766846,0,2.4290785789489746,-0.014885542914271355,0.11545992642641068
50.871970891952515,0,2.4282431602478027,-0.014918767847120762,0.11542606353759766
50.90534496307373,0,2.4329934120178223,-0.014969763346016407,0.11573199927806854
50.938719034194946,0,2.431628704071045,-0.015163719654083252,0.11558352410793304
50.97209310531616,0,2.4308791160583496,-0.014937130734324455,0.11549113690853119
51.00546717643738,0,2.4307093620300293,-0.014894912019371986,0.11546309292316437
51.038841247558594,0,2.4277682304382324,-0.015022631734609604,0.11510373651981354
51.07221579551697,0,2.4265503883361816,-0.015021117404103279,0.11515837162733078
51.10559010505676,0,2.4275269508361816,-0.01502511277794838,0.11532722413539886
51.13896465301514,0,2.4285645484924316,-0.014815257862210274,0.1153322160243988
51.17233943939209,0,2.430027723312378,-0.014834783971309662,0.11544373631477356
51.20571422576904,0,2.427522659301758,-0.014977877028286457,0.11541509628295898
51.239089012145996,0,2.4312429428100586,-0.01480804942548275,0.11559635400772095
51.27246356010437,0,2.429530143737793,-0.015169370919466019,0.11546921730041504
51.3058385848999,0,2.4305567741394043,-0.014839458279311657,0.11548402905464172
51.339213609695435,0,2.4272232055664062,-0.01471855491399765,0.11533836275339127
51.372588872909546,0,2.4292256832122803,-0.014783317223191261,0.11533636599779129
51.40596413612366,0,2.431361198425293,-0.015013357624411583,0.11540806293487549
51.43933939933777,0,2.433553695678711,-0.014851490035653114,0.11565286666154861
51.47271490097046,0,2.432950496673584,-0.015068375505506992,0.11552998423576355
51.50609040260315,0,2.4309396743774414,-0.015045704320073128,0.11543653905391693
51.53946590423584,0,2.428649425506592,-0.015137523412704468,0.11531756818294525
51.57284140586853,0,2.428253650665283,-0.015054265968501568,0.11533129215240479
51.606204986572266,0,2.433310031890869,-0.015041029080748558,0.11577016860246658
51.639568567276,0,2.4340484142303467,-0.01520446129143238,0.11575464904308319
51.672932386398315,0,2.433046340942383,-0.015206386335194111,0.11565002799034119
51.70629620552063,0,2.4306607246398926,-0.015482040122151375,0.11553218215703964
51.73966026306152,0,2.42397403717041,-0.015391305088996887,0.11509156972169876
51.77302408218384,0,2.427306890487671,-0.01518538873642683,0.1153784915804863
51.80638790130615,0,2.429769515991211,-0.015205222181975842,0.11534777283668518
51.839751958847046,0,2.430091142654419,-0.015276944264769554,0.11545538902282715
51.87311625480652,0,2.4279139041900635,-0.015364455990493298,0.11528478562831879
51.90648031234741,0,2.427173614501953,-0.0153446514159441,0.11506194621324539
51.939844608306885,0,2.4311466217041016,-0.01562938466668129,0.11545964330434799
51.97320890426636,0,2.427464485168457,-0.0157083198428154,0.11513163149356842
52.00657296180725,0,2.426255702972412,-0.01623297482728958,0.11498013138771057
52.0399374961853,0,2.427762508392334,-0.016527120023965836,0.11505626887083054
52.073302030563354,0,2.429262161254883,-0.016441110521554947,0.1150025799870491
52.106666564941406,0,2.427159547805786,-0.016582241281867027,0.11484119296073914
52.14003109931946,0,2.4259908199310303,-0.016423776745796204,0.11480154097080231
52.17339587211609,0,2.4288642406463623,-0.016245804727077484,0.11490783095359802
52.20676040649414,0,2.4288973808288574,-0.01633678562939167,0.11491254717111588
52.24012517929077,0,2.42592716217041,-0.01640157401561737,0.11454498767852783
52.2734899520874,0,2.4279868602752686,-0.016186784952878952,0.1148582249879837
52.30685472488403,0,2.4271645545959473,-0.016319576650857925,0.11476057767868042
52.34021973609924,0,2.428150177001953,-0.016169147565960884,0.1147935539484024
52.37358474731445,0,2.428025484085083,-0.015854675322771072,0.11484622955322266
52.40694975852966,0,2.4275569915771484,-0.016103211790323257,0.11477608978748322
52.44031500816345,0,2.4269466400146484,-0.016275595873594284,0.11468777060508728
52.47368001937866,0,2.423147201538086,-0.016207581385970116,0.11441129446029663
52.50704526901245,0,2.424118757247925,-0.016053617000579834,0.11452387273311615
52.54041051864624,0,2.4247779846191406,-0.01598406583070755,0.11442437767982483
52.57377600669861,0,2.425227642059326,-0.01587122306227684,0.11455322057008743
52.607139348983765,0,2.4219412803649902,-0.015503281727433205,0.11442739516496658
67.32452416419983,0,3.0099315643310547,-0.02521604672074318,0.13351909816265106
67.3578450679779,0,3.0114004611968994,-0.024733150377869606,0.13381168246269226
67.3911657333374,0,3.0113916397094727,-0.025863077491521835,0.13358020782470703
67.42448616027832,0,3.015338897705078,-0.025631558150053024,0.13391229510307312
67.45780611038208,0,3.0162997245788574,-0.024876708164811134,0.13362029194831848
67.49112606048584,0,3.0182342529296875,-0.024646881967782974,0.1341640055179596
67.52444553375244,0,3.01383113861084,-0.02436424046754837,0.13399723172187805
67.55776476860046,0,3.012056589126587,-0.02427539974451065,0.13355165719985962
67.59108376502991,0,3.0105085372924805,-0.02411678247153759,0.13340389728546143
67.62440228462219,0,3.0152769088745117,-0.02432076632976532,0.1337117850780487
67.65772080421448,0,3.009061813354492,-0.02475038357079029,0.13298168778419495
67.6910388469696,0,3.014291286468506,-0.024851154536008835,0.1332280933856964
67.72435641288757,0,3.019867420196533,-0.024716846644878387,0.1338200867176056
67.75767421722412,0,3.005565643310547,-0.024538498371839523,0.13320928812026978
67.79099130630493,0,3.002455711364746,-0.023961633443832397,0.13246357440948486
67.82430839538574,0,3.0122787952423096,-0.024485081434249878,0.13302236795425415
70.68978500366211,0,12.800224304199219,3.1881778240203857,0.6857101321220398
77.01918721199036,0,3.635838031768799,-0.02908196486532688,0.1546255201101303
77.05273866653442,0,3.6451785564422607,-0.028811028227210045,0.1546841859817505
77.15340828895569,0,3.6251931190490723,-0.029774894937872887,0.1524372398853302
77.18696999549866,0,3.615817070007324,-0.02881951630115509,0.153072327375412
77.220534324646,0,3.616719961166382,-0.028144169598817825,0.15412098169326782
77.32124209403992,0,3.6053409576416016,-0.02979770116508007,0.15020400285720825
77.35481643676758,0,3.6236939430236816,-0.028813287615776062,0.1531563401222229
77.38839340209961,0,3.6326498985290527,-0.028296686708927155,0.15508770942687988
77.42197299003601,0,3.6290736198425293,-0.027379177510738373,0.15511280298233032
77.4555549621582,0,3.6312265396118164,-0.027393298223614693,0.15554094314575195
77.48913955688477,0,3.6381914615631104,-0.027191592380404472,0.1558372974395752
77.52272653579712,0,3.6335620880126953,-0.02726859599351883,0.15557421743869781
77.55631613731384,0,3.630417823791504,-0.027552753686904907,0.15606391429901123
77.58990859985352,0,3.632112979888916,-0.027319204062223434,0.15589331090450287
77.62350344657898,0,3.6291003227233887,-0.027619726955890656,0.1560370773077011
77.65710067749023,0,3.6386423110961914,-0.02732497826218605,0.15636584162712097
77.69070053100586,0,3.640836238861084,-0.027018029242753983,0.15633705258369446
77.72430300712585,0,3.6350302696228027,-0.026941854506731033,0.15583664178848267
77.75790810585022,0,3.6341586112976074,-0.0268167145550251,0.1559188812971115
77.7915153503418,0,3.6306979656219482,-0.027037616819143295,0.15551099181175232
77.82512545585632,0,3.631491184234619,-0.027524709701538086,0.1556539535522461
77.8587384223938,0,3.6358070373535156,-0.0270087867975235,0.15592481195926666
77.89235353469849,0,3.6330666542053223,-0.027091793715953827,0.15647321939468384
77.92597126960754,0,3.64270281791687,-0.02720145508646965,0.1569543182849884
77.95959138870239,0,3.638181686401367,-0.027368687093257904,0.15685909986495972
77.99321436882019,0,3.639540433883667,-0.02745586633682251,0.15651950240135193
78.02683329582214,0,3.6376092433929443,-0.02753082662820816,0.15614795684814453
78.06011271476746,0,3.643982410430908,-0.027409814298152924,0.15650245547294617
78.09339141845703,0,3.643728494644165,-0.02763049677014351,0.1566382795572281
78.12666988372803,0,3.6401381492614746,-0.02744802087545395,0.15631094574928284
78.15994787216187,0,3.6360960006713867,-0.027830518782138824,0.15663650631904602
78.19322490692139,0,3.638678550720215,-0.02771277353167534,0.15673202276229858
78.22650170326233,0,3.642003059387207,-0.02805992215871811,0.15689079463481903
78.25977802276611,0,3.646503210067749,-0.028047390282154083,0.15674081444740295
78.29305386543274,0,3.6481733322143555,-0.028008664026856422,0.15680630505084991
78.3263292312622,0,3.6417665481567383,-0.028020940721035004,0.15650267899036407
78.35960388183594,0,3.6469078063964844,-0.02808559685945511,0.15642011165618896
78.39287805557251,0,3.6461033821105957,-0.02815072238445282,0.1565103828907013
78.42615175247192,0,3.644596576690674,-0.028047233819961548,0.15675222873687744
78.45942497253418,0,3.6467080116271973,-0.0278976708650589,0.15673136711120605
78.55924129486084,0,3.6037561893463135,-0.029911784455180168,0.1501518040895462
78.89192867279053,0,3.668546438217163,-0.031438443809747696,0.14927974343299866
84.13035726547241,0,12.603034019470215,3.1373932361602783,0.6805747151374817
85.43166851997375,0,4.103015422821045,-0.04314565286040306,0.16349764168262482
85.46502995491028,0,4.170596122741699,-0.03931886702775955,0.17007634043693542
85.4983913898468,0,4.196300506591797,-0.03703610599040985,0.17276312410831451
85.53175282478333,0,4.203757286071777,-0.035721227526664734,0.17391513288021088
85.56511425971985,0,4.229220390319824,-0.03521904721856117,0.17540282011032104
85.59847593307495,0,4.228120803833008,-0.03487218916416168,0.17590883374214172
85.63183760643005,0,4.22711181640625,-0.034684918820858,0.1758635938167572
85.66519927978516,0,4.229464530944824,-0.03474611043930054,0.1762872338294983
85.69856119155884,0,4.23716926574707,-0.03441278636455536,0.17672944068908691
85.73192262649536,0,4.234335899353027,-0.034247659146785736,0.1765649914741516
85.8320083618164,0,4.181832313537598,-0.03959145024418831,0.16824349761009216
85.86537027359009,0,4.206610202789307,-0.03721201419830322,0.17231930792331696
86.23272681236267,0,4.205989360809326,-0.03580746054649353,0.1736658662557602
86.26647138595581,0,4.224344253540039,-0.035402193665504456,0.17497295141220093
92.40909171104431,0,4.740403652191162,-0.039933398365974426,0.19144009053707123
92.50905299186707,0,4.755573749542236,-0.03962815925478935,0.19172227382659912
92.60901188850403,0,4.748246192932129,-0.039756469428539276,0.19150663912296295
92.70896768569946,0,4.767597675323486,-0.03947923332452774,0.19169045984745026
92.80892038345337,0,4.7431793212890625,-0.04018650949001312,0.18867506086826324
92.90887069702148,0,4.738580703735352,-0.04100827872753143,0.18749204277992249
93.00881814956665,0,4.748763084411621,-0.039982229471206665,0.1885010004043579
93.10876274108887,0,4.731264114379883,-0.040308598428964615,0.18709638714790344
93.20870471000671,0,4.745062828063965,-0.03946492075920105,0.18887844681739807
93.30864477157593,0,4.765006065368652,-0.0385906845331192,0.19068947434425354
93.40867948532104,0,4.781432151794434,-0.03937871381640434,0.190366730093956
93.50871348381042,0,4.76931095123291,-0.039492711424827576,0.18519967794418335
105.14476799964905,0,4.774053573608398,-0.040858399122953415,0.18963487446308136
105.34479999542236,0,4.817471027374268,-0.03930380195379257,0.19496381282806396
105.71178722381592,0,4.734089374542236,-0.042465902864933014,0.1887112855911255
106.07891893386841,0,4.722170352935791,-0.04344264417886734,0.18793484568595886
106.44606876373291,0,4.7114410400390625,-0.04335980489850044,0.18690437078475952
107.74526524543762,0,5.2689738273620605,-0.03301641345024109,0.3161318600177765
107.8453938961029,0,5.2982940673828125,-0.03633084520697594,0.30733001232147217
107.87877035140991,0,5.303971767425537,-0.03468567132949829,0.2986687421798706
107.97890043258667,0,5.367777347564697,-0.04010806232690811,0.29023057222366333
108.01227760314941,0,5.405093193054199,-0.04036935418844223,0.2817206382751465
108.04565477371216,0,5.3348541259765625,-0.03804443031549454,0.2719128727912903
108.1457872390747,0,5.303400039672852,-0.04143168032169342,0.2585933208465576
108.17916488647461,0,5.262820243835449,-0.03985702991485596,0.24969163537025452
108.21254277229309,0,5.304567337036133,-0.038865119218826294,0.24702027440071106
109.58090734481812,0,4.496004104614258,-0.01292725745588541,0.16146160662174225
109.68106579780579,0,4.5421648025512695,-0.012365998700261116,0.16489627957344055
109.71445226669312,0,4.538389205932617,-0.013175315223634243,0.16550132632255554
109.74783897399902,0,4.6611175537109375,-0.011560969054698944,0.1730685532093048
109.84800052642822,0,4.624265670776367,-0.013944129459559917,0.1694377362728119
109.88138818740845,0,4.688422679901123,-0.0133705735206604,0.1728259027004242
109.98155283927917,0,4.695002555847168,-0.01477852277457714,0.17456987500190735
110.01494121551514,0,4.918497085571289,-0.015543360263109207,0.18935024738311768
110.04833006858826,0,5.144739151000977,-0.01397632248699665,0.19940386712551117
110.08171916007996,0,5.329037666320801,-0.017229611054062843,0.20768997073173523
110.11510825157166,0,5.445603847503662,-0.01830383762717247,0.21382588148117065
110.14849781990051,0,5.4685468673706055,-0.021013325080275536,0.2141369879245758
110.18188738822937,0,5.454259872436523,-0.02352769859135151,0.2120247185230255
111.99666905403137,0,5.403008460998535,-0.02537885494530201,0.2204064577817917
112.36333179473877,0,5.423973083496094,-0.025633763521909714,0.220302551984787
112.72999882698059,0,5.427853584289551,-0.02616085484623909,0.22066305577754974
113.09644603729248,0,5.425718307495117,-0.02598743885755539,0.21980363130569458
113.4628312587738,0,5.421823501586914,-0.027036700397729874,0.21808099746704102
113.82934093475342,0,5.385400295257568,-0.027674376964569092,0.215593621134758
113.86267161369324,0,5.3983964920043945,-0.02664877101778984,0.21803449094295502
113.89600205421448,0,5.4051008224487305,-0.02675188146531582,0.21909379959106445
114.09598016738892,0,5.414992809295654,-0.02662617154419422,0.22075176239013672
114.12930917739868,0,5.413476943969727,-0.026750054210424423,0.22128388285636902
114.16263771057129,0,5.448761463165283,-0.027118738740682602,0.22247540950775146
114.19596600532532,0,5.452700614929199,-0.02659597247838974,0.22260931134223938
114.22929430007935,0,5.451188087463379,-0.026314951479434967,0.22277989983558655
114.26262211799622,0,5.463556289672852,-0.025830913335084915,0.22382226586341858
114.29594993591309,0,5.442134380340576,-0.02572963759303093,0.2233588695526123
114.3292772769928,0,5.456463813781738,-0.02610551193356514,0.22333478927612305
114.36260461807251,0,5.449451923370361,-0.0262126587331295,0.22309117019176483
114.39593172073364,0,5.451915740966797,-0.026548249647021294,0.22325697541236877
114.42925834655762,0,5.454653263092041,-0.026610836386680603,0.22376005351543427
114.46258497238159,0,5.4623870849609375,-0.02596374601125717,0.224029541015625
114.49591112136841,0,5.4401960372924805,-0.02617765963077545,0.22320781648159027
114.52923727035522,0,5.430217742919922,-0.02615702524781227,0.22322975099086761
114.56256318092346,0,5.4365234375,-0.026031669229269028,0.22352087497711182
114.59588861465454,0,5.420658588409424,-0.026314247399568558,0.22256320714950562
114.62921571731567,0,5.436545372009277,-0.026568885892629623,0.22292360663414001
114.66259956359863,0,5.437141418457031,-0.02643134631216526,0.22273756563663483
114.69594669342041,0,5.424914360046387,-0.0265328511595726,0.22197364270687103
114.72929382324219,0,5.409669876098633,-0.026639485731720924,0.22134438157081604
114.7626404762268,0,5.418050765991211,-0.026656365022063255,0.22152981162071228
114.79598712921143,0,5.429630756378174,-0.026814578101038933,0.2221265286207199
114.82933354377747,0,5.430144309997559,-0.027124853804707527,0.22185882925987244
114.8626799583435,0,5.433939456939697,-0.02732609584927559,0.22209782898426056
114.89602637290955,0,5.442018508911133,-0.02720942720770836,0.22242191433906555
114.92937231063843,0,5.424619674682617,-0.027290185913443565,0.2217458188533783
114.96271824836731,0,5.432173728942871,-0.02740609273314476,0.2221040278673172
115.32951545715332,0,5.440157890319824,-0.026166334748268127,0.2220972776412964
117.39620876312256,0,5.875837326049805,-0.03709942474961281,0.24820883572101593
117.42953729629517,0,5.825260639190674,-0.037462733685970306,0.2438814342021942
117.46286606788635,0,5.665732383728027,-0.03886055201292038,0.23225188255310059
117.4961941242218,0,5.480120658874512,-0.03846362978219986,0.21950045228004456
117.52952218055725,0,5.3773884773254395,-0.03634769469499588,0.21106968820095062
117.5628502368927,0,5.238597869873047,-0.03457846865057945,0.20143872499465942
117.59617757797241,0,5.290019512176514,-0.03261426091194153,0.20328432321548462
117.62950491905212,0,5.241899490356445,-0.029087522998452187,0.2003297060728073
117.66283202171326,0,5.361444473266602,-0.028481468558311462,0.20460781455039978
117.69616031646729,0,5.468227386474609,-0.02862321212887764,0.20916572213172913
117.72949767112732,0,5.345517158508301,-0.027347171679139137,0.20025570690631866
117.76283502578735,0,5.3508124351501465,-0.026261787861585617,0.1994761824607849
117.79617214202881,0,5.263276100158691,-0.026682885363698006,0.19437727332115173
117.82950901985168,0,5.326691627502441,-0.027877941727638245,0.19670158624649048
117.86284589767456,0,5.202761650085449,-0.0240776389837265,0.1910705417394638
117.89618277549744,0,5.166739463806152,-0.024152420461177826,0.1897241473197937
117.92951941490173,0,5.145648002624512,-0.024349570274353027,0.18959477543830872
117.96285557746887,0,5.2038893699646,-0.02374276891350746,0.19364190101623535
118.7295892238617,0,5.275200843811035,-0.011592088267207146,0.19472596049308777
118.76289105415344,0,5.2282819747924805,-0.013731610961258411,0.1929623782634735
118.79619240760803,0,5.199341297149658,-0.014099706895649433,0.19003647565841675
118.82949328422546,0,5.166996955871582,-0.014192687347531319,0.18901698291301727
118.86279296875,0,5.230923652648926,-0.016490880399942398,0.1924155354499817
118.89609241485596,0,5.239731788635254,-0.015128792263567448,0.1937810480594635
118.9293909072876,0,5.2971978187561035,-0.01564832776784897,0.19574522972106934
118.9626886844635,0,5.284353733062744,-0.016893640160560608,0.19476640224456787
118.99598622322083,0,5.209863662719727,-0.014940476976335049,0.19025692343711853
119.02928256988525,0,5.417291641235352,-0.017924165353178978,0.20261871814727783
119.06257843971252,0,5.328268527984619,-0.01659371703863144,0.19768761098384857
119.09587359428406,0,5.280691146850586,-0.01581806316971779,0.19483640789985657
119.12916779518127,0,5.212668418884277,-0.016385629773139954,0.19134333729743958
119.16246175765991,0,5.156521797180176,-0.016602203249931335,0.1885862946510315
119.19575476646423,0,5.3103485107421875,-0.01765892282128334,0.19763219356536865
119.22904682159424,0,5.408367156982422,-0.017764203250408173,0.20155063271522522
119.26233863830566,0,5.284562587738037,-0.016766533255577087,0.19523558020591736
119.29562973976135,0,5.215705871582031,-0.01631976291537285,0.19047331809997559
119.32891964912415,0,5.227653503417969,-0.015797486528754234,0.1906348168849945
119.36220932006836,0,5.325111389160156,-0.016804438084363937,0.1957823634147644
119.39549827575684,0,5.319397926330566,-0.015849117189645767,0.19679702818393707
119.42878651618958,0,5.252408027648926,-0.016966726630926132,0.19310858845710754
119.46207404136658,0,5.214168071746826,-0.01663699932396412,0.19111905992031097
119.49536061286926,0,5.2319512367248535,-0.01733771711587906,0.19269497692584991
119.52864670753479,0,5.227992534637451,-0.017403746023774147,0.19317692518234253
119.56193208694458,0,5.166682720184326,-0.01475728489458561,0.18970176577568054
119.59521675109863,0,5.151042461395264,-0.016031939536333084,0.18845784664154053
119.62850093841553,0,5.249699592590332,-0.017962966114282608,0.1923391968011856
119.6617841720581,0,5.311783790588379,-0.018719298765063286,0.19782331585884094
119.69506692886353,0,5.533017158508301,-0.018841488286852837,0.20977699756622314
119.72835063934326,0,5.732542514801025,-0.0214531309902668,0.2220081388950348
119.76168012619019,0,5.86981201171875,-0.020510852336883545,0.22539818286895752
119.79500937461853,0,5.586085319519043,-0.01986071467399597,0.2104579210281372
119.8283383846283,0,5.388236999511719,-0.0196533165872097,0.199375182390213
119.86166715621948,0,5.2618913650512695,-0.01989830657839775,0.1941554695367813
119.89499545097351,0,5.16594123840332,-0.019785508513450623,0.18962036073207855
119.92832350730896,0,5.143868446350098,-0.018392950296401978,0.1899637132883072
119.96165132522583,0,5.122056007385254,-0.018472924828529358,0.18853546679019928
119.99497890472412,0,5.13005256652832,-0.020266611129045486,0.18871767818927765
120.02830624580383,0,5.525219917297363,-0.02507750317454338,0.20996716618537903
120.06163334846497,0,5.467288970947266,-0.027342554181814194,0.20713168382644653
120.09495997428894,0,5.377605438232422,-0.0257912315428257,0.20325133204460144
120.12828660011292,0,5.271937370300293,-0.024515369907021523,0.19646048545837402
120.16161274909973,0,5.212040901184082,-0.0248872097581625,0.19218958914279938
120.52818369865417,0,5.645620346069336,-0.02748147025704384,0.21613794565200806
120.56150674819946,0,5.8490376472473145,-0.028424721211194992,0.2282664179801941
120.76147699356079,0,5.963183403015137,-0.02906862273812294,0.2345549464225769
120.79480600357056,0,5.997964859008789,-0.028876082971692085,0.23673149943351746
120.82813453674316,0,6.021323204040527,-0.029376082122325897,0.23822121322155
121.02810144424438,0,6.036930084228516,-0.029495760798454285,0.23928919434547424
121.22805881500244,0,6.041559219360352,-0.02910805307328701,0.24032437801361084
121.26138401031494,0,6.036842346191406,-0.029103383421897888,0.23992031812667847
121.29470920562744,0,6.048948287963867,-0.029548395425081253,0.24019388854503632
121.32803392410278,0,6.061206817626953,-0.029624924063682556,0.2409336119890213
121.36135840415955,0,6.036771774291992,-0.029402853921055794,0.24040710926055908
121.39468288421631,0,6.010486125946045,-0.02915295585989952,0.23903226852416992
121.42800688743591,0,6.022641181945801,-0.029323991388082504,0.2396036982536316
121.46133065223694,0,6.025137901306152,-0.0290636345744133,0.24016502499580383
121.49465417861938,0,6.057642459869385,-0.029060276225209236,0.24115058779716492
121.52797770500183,0,6.054677486419678,-0.02884479984641075,0.24077492952346802
121.56130051612854,0,6.0504984855651855,-0.02894413098692894,0.24025166034698486
121.59462332725525,0,6.038950443267822,-0.029020650312304497,0.23984558880329132
121.62794589996338,0,6.050429344177246,-0.029000259935855865,0.2409469038248062
121.66126775741577,0,6.0335493087768555,-0.028570909053087234,0.24043217301368713
121.69458985328674,0,6.037277698516846,-0.02860032021999359,0.24078838527202606
121.72791171073914,0,6.056888103485107,-0.02881339006125927,0.24156776070594788
121.76123404502869,0,6.050902366638184,-0.02864258550107479,0.24068811535835266
121.79455709457397,0,6.054866790771484,-0.0286264568567276,0.2410602569580078
121.82788014411926,0,6.072512626647949,-0.029265152290463448,0.241336852312088
121.86120295524597,0,6.051593780517578,-0.029234252870082855,0.24121792614459991
121.8945255279541,0,6.049631118774414,-0.029147934168577194,0.24112281203269958
121.9278473854065,0,6.059509754180908,-0.029117479920387268,0.24139463901519775
121.96116924285889,0,6.0429863929748535,-0.029104508459568024,0.24048344790935516
121.9944908618927,0,6.039899826049805,-0.02859572321176529,0.24032121896743774
122.02781200408936,0,6.039597511291504,-0.02845095470547676,0.24042803049087524
122.06113290786743,0,6.056161403656006,-0.028298940509557724,0.24194970726966858
122.09445333480835,0,6.044991493225098,-0.02867458388209343,0.24064023792743683
122.12777376174927,0,6.024632453918457,-0.02816777303814888,0.2397514432668686
122.16109347343445,0,6.021087646484375,-0.028563719242811203,0.23968257009983063
122.19441342353821,0,6.041665077209473,-0.028949875384569168,0.2402997463941574
122.22773265838623,0,6.049211502075195,-0.029168782755732536,0.24036338925361633
122.42764210700989,0,6.036899566650391,-0.029191726818680763,0.24026811122894287
122.4609591960907,0,6.046855449676514,-0.02946345880627632,0.24026814103126526
122.49427628517151,0,6.054481506347656,-0.02890658937394619,0.2410251498222351
122.52759289741516,0,6.038054466247559,-0.029005805030465126,0.24015654623508453
122.56090903282166,0,6.029875755310059,-0.029142586514353752,0.24017414450645447
122.59422492980957,0,6.038243293762207,-0.02922191098332405,0.23986835777759552
122.6275405883789,0,6.038691997528076,-0.029114337638020515,0.24014204740524292
122.66085600852966,0,6.037052154541016,-0.028958017006516457,0.2402426302433014
122.69417095184326,0,6.054133415222168,-0.028576131910085678,0.24093791842460632
122.72748565673828,0,6.040728569030762,-0.02879910171031952,0.24030938744544983
122.76080083847046,0,6.041261196136475,-0.02906152606010437,0.24023282527923584
122.79408884048462,0,6.026232719421387,-0.02923113852739334,0.23930750787258148
122.82737612724304,0,6.052037239074707,-0.029331332072615623,0.23999328911304474
122.86066246032715,0,6.060001850128174,-0.029457800090312958,0.24099946022033691
122.89394783973694,0,6.047999382019043,-0.029533881694078445,0.24151009321212769
122.92723274230957,0,6.053875923156738,-0.029671955853700638,0.24131980538368225
122.96051669120789,0,6.04508113861084,-0.02973988838493824,0.240861177444458
122.99379968643188,0,6.042716026306152,-0.029158934950828552,0.24058331549167633
123.02708196640015,0,6.035968780517578,-0.029018793255090714,0.24006502330303192
123.06036353111267,0,6.045581340789795,-0.028725191950798035,0.24044856429100037
123.09364438056946,0,6.0248517990112305,-0.029219992458820343,0.23950012028217316
123.12692403793335,0,6.040149688720703,-0.02934175170958042,0.2401125282049179
123.16020345687866,0,6.0340375900268555,-0.02944057807326317,0.24025824666023254
123.1934814453125,0,6.057238578796387,-0.029447488486766815,0.24132207036018372
123.22675919532776,0,6.037184715270996,-0.029676616191864014,0.2399696260690689
123.26003575325012,0,6.032544136047363,-0.029551515355706215,0.2398030012845993
123.29331159591675,0,6.03411865234375,-0.029738685116171837,0.24019622802734375
123.32658672332764,0,6.049099922180176,-0.02977748215198517,0.2406005561351776
123.35986113548279,0,6.046396255493164,-0.029760189354419708,0.24020645022392273
123.39313459396362,0,6.026357650756836,-0.02915390580892563,0.24016746878623962
123.42640709877014,0,6.033210277557373,-0.029265258461236954,0.24018104374408722
123.45967888832092,0,6.029836654663086,-0.029235197231173515,0.2396032214164734
123.49294996261597,0,6.051910877227783,-0.02913646399974823,0.24033041298389435
123.52622032165527,0,6.065699577331543,-0.029481463134288788,0.2411162555217743
123.55948972702026,0,6.067022323608398,-0.02902352623641491,0.24184149503707886
123.59275841712952,0,6.053613185882568,-0.02896716445684433,0.24060702323913574
123.62602615356445,0,6.061343193054199,-0.029083898290991783,0.24143241345882416
123.65929317474365,0,6.05764627456665,-0.029137760400772095,0.24135452508926392
123.69255948066711,0,6.055687427520752,-0.028777893632650375,0.24147379398345947
123.72582483291626,0,6.045099258422852,-0.028512336313724518,0.24120867252349854
123.75909113883972,0,6.040212631225586,-0.028763625770807266,0.24079066514968872
123.79242897033691,0,5.660889625549316,-0.02655923366546631,0.2203674614429474
123.82574391365051,0,5.852945327758789,-0.02776660956442356,0.23064517974853516
123.85905861854553,0,5.958211898803711,-0.027798105031251907,0.23666349053382874
123.89237308502197,0,6.007391929626465,-0.02835899591445923,0.23958677053451538
123.92568683624268,0,6.028536319732666,-0.028344709426164627,0.2402479350566864
123.95900058746338,0,6.017388343811035,-0.02847658470273018,0.23976388573646545
123.99231362342834,0,6.032108306884766,-0.0286468006670475,0.24052955210208893
124.02562618255615,0,6.0558061599731445,-0.028655530884861946,0.24111466109752655
124.05893874168396,0,6.044680595397949,-0.029127713292837143,0.2408834993839264
124.09225058555603,0,6.038823127746582,-0.028878193348646164,0.24071872234344482
124.12556219100952,0,6.03609561920166,-0.02933966927230358,0.2403707504272461
124.15887331962585,0,6.029677391052246,-0.028863146901130676,0.24065208435058594
124.19218420982361,0,6.023934364318848,-0.02843794971704483,0.24051523208618164
124.2254946231842,0,6.036585807800293,-0.028432082384824753,0.2408943921327591
124.25880455970764,0,6.033257484436035,-0.02846936136484146,0.24051278829574585
124.2921142578125,0,6.035930156707764,-0.028516393154859543,0.24055081605911255
124.3254234790802,0,6.0271100997924805,-0.028964810073375702,0.23959949612617493
124.35873222351074,0,6.028871059417725,-0.02904552035033703,0.2400728464126587
124.55857729911804,0,6.0406084060668945,-0.029255595058202744,0.24047362804412842
124.59188342094421,0,6.039703369140625,-0.029908467084169388,0.2405906319618225
124.62518906593323,0,6.052482604980469,-0.030306778848171234,0.24068990349769592
124.65849447250366,0,6.06695032119751,-0.030474163591861725,0.24091081321239471
124.69179940223694,0,6.03664493560791,-0.030159369111061096,0.2394445687532425
124.72510385513306,0,6.039578437805176,-0.03017507493495941,0.23986336588859558
124.7584080696106,0,6.0449042320251465,-0.030166693031787872,0.2400454729795456
124.79171252250671,0,6.029411315917969,-0.029960136860609055,0.2397204041481018
124.82503271102905,0,6.031388282775879,-0.0296478271484375,0.2397955060005188
124.85835242271423,0,6.045275688171387,-0.029516417533159256,0.24027717113494873
124.89167189598083,0,6.059462547302246,-0.029684212058782578,0.24112418293952942
124.92499089241028,0,6.060905933380127,-0.030084975063800812,0.24106857180595398
124.95830965042114,0,6.049332618713379,-0.03012578934431076,0.24085471034049988
124.99162769317627,0,6.033881664276123,-0.030255772173404694,0.2403898388147354
125.0249457359314,0,6.018598556518555,-0.029997460544109344,0.2393743395805359
125.05826354026794,0,6.03472900390625,-0.029888957738876343,0.23966194689273834
125.09158062934875,0,6.058003902435303,-0.0304546095430851,0.24098189175128937
125.12489748001099,0,6.0621747970581055,-0.03087051957845688,0.24095368385314941
125.15821385383606,0,6.041890621185303,-0.030553096905350685,0.24002882838249207
125.3581051826477,0,6.068524360656738,-0.031418878585100174,0.2416234314441681
125.39141917228699,0,6.075963020324707,-0.031768087297677994,0.2419458031654358
125.59129548072815,0,6.085078239440918,-0.03170332312583923,0.24252399802207947
125.62460708618164,0,6.069489002227783,-0.0318358838558197,0.24215172231197357
125.6579179763794,0,6.078586578369141,-0.031246578320860863,0.24281074106693268
125.69122886657715,0,6.089544296264648,-0.03129934147000313,0.24321386218070984
125.72453904151917,0,6.092137336730957,-0.031246311962604523,0.24364572763442993
125.75784921646118,0,5.6252241134643555,-0.027124468237161636,0.21775665879249573
125.79115915298462,0,5.834997177124023,-0.028726693242788315,0.22999677062034607
125.82448554039001,0,5.508017539978027,-0.02760426327586174,0.21214818954467773
125.85781049728394,0,5.785031318664551,-0.028486132621765137,0.22705605626106262
125.89113521575928,0,5.477833271026611,-0.026543350890278816,0.2102329432964325
125.92445945739746,0,5.7955708503723145,-0.02829832211136818,0.22667792439460754
125.95778346061707,0,5.925719261169434,-0.028801918029785156,0.23446673154830933
125.99110722541809,0,5.9935479164123535,-0.029491301625967026,0.23845046758651733
126.02443075180054,0,6.044715881347656,-0.02990516647696495,0.2416500449180603
126.0577540397644,0,6.083840847015381,-0.030197154730558395,0.24390965700149536
126.09107661247253,0,6.1006879806518555,-0.029730282723903656,0.24418386816978455
126.12439918518066,0,6.095661163330078,-0.029956690967082977,0.24369409680366516
126.15772151947021,0,6.105432510375977,-0.030600233003497124,0.24456842243671417
126.19104337692261,0,6.077844619750977,-0.030240802094340324,0.24306511878967285
126.22436499595642,0,5.937849998474121,-0.030109766870737076,0.23527106642723083
126.25768637657166,0,6.019074440002441,-0.029532963410019875,0.23980560898780823
126.29100728034973,0,6.053910255432129,-0.028960181400179863,0.24157097935676575
126.32432794570923,0,6.057199954986572,-0.029299471527338028,0.24164724349975586
126.35764837265015,0,6.070900917053223,-0.029824309051036835,0.24280580878257751
126.39096856117249,0,6.076948165893555,-0.029292777180671692,0.24309141933918
126.42428827285767,0,6.068260192871094,-0.029109332710504532,0.24307659268379211
126.45760798454285,0,6.078455924987793,-0.02901364304125309,0.24336779117584229
126.49092698097229,0,6.063910961151123,-0.02879057452082634,0.2428807020187378
126.52424621582031,0,6.065121173858643,-0.02893039584159851,0.24299025535583496
126.5575647354126,0,6.091453552246094,-0.0295807346701622,0.2439849078655243
126.5908830165863,0,6.087846755981445,-0.029888669028878212,0.24379369616508484
126.62420105934143,0,6.092588424682617,-0.029819825664162636,0.24368445575237274
126.65751886367798,0,6.079264163970947,-0.029898017644882202,0.2433384358882904
126.69083619117737,0,6.079705715179443,-0.02911454439163208,0.24345329403877258
126.72415328025818,0,6.054172515869141,-0.029562074691057205,0.24193823337554932
126.75747013092041,0,6.067733287811279,-0.02939501777291298,0.24213451147079468
126.79078674316406,0,6.028759479522705,-0.028789572417736053,0.2399268001317978
126.82410311698914,0,6.080153465270996,-0.028609108179807663,0.2429017424583435
126.85764360427856,0,6.087043285369873,-0.02918142080307007,0.24324309825897217
126.89118671417236,0,6.077916145324707,-0.028979342430830002,0.24226805567741394
126.92473268508911,0,6.059877872467041,-0.029656164348125458,0.2419671267271042
126.95828080177307,0,6.045369625091553,-0.029545770958065987,0.24162504076957703
126.9918315410614,0,6.056186676025391,-0.029044322669506073,0.24224853515625
127.02538466453552,0,6.055995941162109,-0.029033150523900986,0.24313154816627502
127.05894017219543,0,6.065890312194824,-0.02925201877951622,0.2431889772415161
127.09249830245972,0,6.061026573181152,-0.029567956924438477,0.24186700582504272
127.12605881690979,0,6.046003341674805,-0.028927937150001526,0.2410746067762375
127.15962219238281,0,6.056358337402344,-0.029629100114107132,0.24171122908592224
127.19318747520447,0,6.071956634521484,-0.030103635042905807,0.24270546436309814
127.22675561904907,0,6.050187110900879,-0.030305922031402588,0.24197280406951904
127.26032614707947,0,6.0716094970703125,-0.0300351083278656,0.24261915683746338
127.29389929771423,0,6.06212043762207,-0.03049469366669655,0.24203190207481384
127.32747483253479,0,6.097899913787842,-0.031005175784230232,0.24356356263160706
127.36105275154114,0,6.107309341430664,-0.03089645504951477,0.24390926957130432
127.39463329315186,0,6.109129905700684,-0.031092261895537376,0.24434614181518555
127.42821645736694,0,6.113936424255371,-0.03162878006696701,0.24490481615066528
127.46180176734924,0,6.118536949157715,-0.031675100326538086,0.244890496134758
127.49538969993591,0,6.12539005279541,-0.03188680484890938,0.24476607143878937
127.52898001670837,0,6.098965644836426,-0.03167201578617096,0.24367812275886536
127.5625729560852,0,6.123438835144043,-0.03250233829021454,0.245041623711586
127.5961685180664,0,6.129003047943115,-0.032385773956775665,0.24510027468204498
127.6297664642334,0,6.107307434082031,-0.031998410820961,0.24499960243701935
127.66336679458618,0,6.108239650726318,-0.03245601803064346,0.24528586864471436
127.69696950912476,0,6.119945526123047,-0.032677583396434784,0.2453816831111908
127.73057508468628,0,6.132645606994629,-0.033068202435970306,0.2454746961593628
127.76418256759644,0,6.123726844787598,-0.03268749266862869,0.24513962864875793
127.79779291152954,0,6.126016139984131,-0.032778337597846985,0.24506011605262756
127.83139967918396,0,6.154759407043457,-0.0332731157541275,0.24589014053344727
127.86474776268005,0,6.14686393737793,-0.033697884529829025,0.24599748849868774
127.89809584617615,0,6.12767219543457,-0.03311346471309662,0.24508224427700043
127.93144369125366,0,6.1176862716674805,-0.033143721520900726,0.24445369839668274
127.96479153633118,0,6.131836891174316,-0.03375663608312607,0.24515202641487122
127.99813938140869,0,6.123462677001953,-0.03453303873538971,0.24451157450675964
128.03148674964905,0,6.096625328063965,-0.034487247467041016,0.24328795075416565
128.06483459472656,0,6.083883762359619,-0.03487594053149223,0.24227994680404663
129.09874510765076,0,4.6759033203125,-0.016032734885811806,0.16075806319713593
130.5000557899475,0,6.04440975189209,-0.021043458953499794,0.2849881947040558
130.5334129333496,0,6.010327339172363,-0.01975104585289955,0.28819578886032104
130.5667700767517,0,6.052578926086426,-0.01965358853340149,0.29943349957466125
130.60012698173523,0,6.046215057373047,-0.017440801486372948,0.3090713918209076
130.63348412513733,0,5.993490219116211,-0.015543727204203606,0.3133845925331116
130.66684103012085,0,6.0378007888793945,-0.01707182638347149,0.32318007946014404
130.70019793510437,0,6.050930976867676,-0.020025476813316345,0.33077484369277954
130.73355507850647,0,6.078273773193359,-0.025022007524967194,0.33802080154418945
130.76691198349,0,6.129366874694824,-0.0296383835375309,0.3455687165260315
130.8002688884735,0,6.118133068084717,-0.03206039220094681,0.3493129312992096
130.83362579345703,0,6.165509223937988,-0.03265722468495369,0.35671091079711914
130.86698269844055,0,6.174057960510254,-0.03213951736688614,0.3635803163051605
130.90034127235413,0,6.15366792678833,-0.0295572429895401,0.3688980042934418
130.93370604515076,0,6.175342559814453,-0.025026336312294006,0.3768145442008972
130.96707105636597,0,6.247506141662598,-0.02404634654521942,0.3860265612602234
131.00043606758118,0,6.281335830688477,-0.02230510488152504,0.3933029770851135
131.0338010787964,0,6.306196212768555,-0.018701568245887756,0.39875876903533936
131.06716632843018,0,6.358345031738281,-0.018253207206726074,0.40321844816207886
131.10053157806396,0,6.399837970733643,-0.020457012578845024,0.40628063678741455
131.13389682769775,0,6.409171104431152,-0.02187855914235115,0.4047371447086334
131.16726207733154,0,6.398190975189209,-0.02316552773118019,0.40033775568008423
131.2006275653839,0,6.42935037612915,-0.025258062407374382,0.3978694677352905
131.23399305343628,0,6.483402252197266,-0.025369994342327118,0.3950703740119934
131.26735877990723,0,6.517007827758789,-0.025944260880351067,0.3893345296382904
131.30072450637817,0,6.526820182800293,-0.02748991549015045,0.3839101195335388
131.33409023284912,0,6.57361364364624,-0.027736008167266846,0.37863463163375854
131.36745595932007,0,6.578713417053223,-0.02796974964439869,0.37218815088272095
131.40082168579102,0,6.607604026794434,-0.0283137708902359,0.36514145135879517
131.43418765068054,0,6.607110977172852,-0.029611948877573013,0.35502421855926514
131.46755385398865,0,6.630895614624023,-0.032310955226421356,0.3468285799026489
131.50091981887817,0,6.629481315612793,-0.035929348319768906,0.3365633189678192
131.53428602218628,0,6.608401298522949,-0.03938013315200806,0.325289785861969
131.56765222549438,0,6.6360626220703125,-0.042694173753261566,0.3145643472671509
131.6010184288025,0,6.639520645141602,-0.04619307070970535,0.30597183108329773
131.63438487052917,0,6.627890586853027,-0.050768643617630005,0.29606688022613525
131.66775131225586,0,6.023282051086426,-0.05009613186120987,0.2529163658618927
131.70111775398254,0,6.2674102783203125,-0.05475776642560959,0.25862550735473633
131.7344844341278,0,6.498208045959473,-0.059270139783620834,0.2653917670249939
131.76785111427307,0,5.926874160766602,-0.05502024292945862,0.23254171013832092
131.80121779441833,0,6.249275207519531,-0.058585092425346375,0.24837090075016022
131.83458471298218,0,6.459157466888428,-0.05974886938929558,0.25939643383026123
131.86795139312744,0,6.557010173797607,-0.05846112221479416,0.2628123164176941
131.90131831169128,0,6.603018760681152,-0.05469316989183426,0.264997661113739
131.9346799850464,0,6.175566673278809,-0.04715971648693085,0.2416090965270996
131.9680416584015,0,6.403328895568848,-0.04460712522268295,0.2519611418247223
132.0014033317566,0,6.125354766845703,-0.03988707810640335,0.2356792390346527
132.0347650051117,0,6.374629020690918,-0.036857254803180695,0.24803480505943298
132.0681266784668,0,6.11414909362793,-0.030979543924331665,0.23305454850196838
132.1014883518219,0,5.959395408630371,-0.028513222932815552,0.2225448191165924
132.13485026359558,0,5.878278732299805,-0.02844448760151863,0.21816104650497437
132.16821193695068,0,5.91103458404541,-0.02580973319709301,0.22105136513710022
132.2015736103058,0,5.8716254234313965,-0.025958888232707977,0.2190481722354889
132.2349352836609,0,5.86802339553833,-0.024234794080257416,0.218423530459404
132.26829719543457,0,5.7876081466674805,-0.024376310408115387,0.21452632546424866
132.30165886878967,0,5.835127830505371,-0.023147817701101303,0.21600161492824554
132.33502078056335,0,6.146176815032959,-0.02517826482653618,0.2317689061164856
132.36838293075562,0,6.066985130310059,-0.025407321751117706,0.2280692607164383
132.40174460411072,0,5.90827751159668,-0.025515664368867874,0.21949800848960876
132.4351065158844,0,6.0049519538879395,-0.025816278532147408,0.22514602541923523
132.46846866607666,0,6.31694221496582,-0.02793780341744423,0.24191173911094666
132.50183033943176,0,6.449592590332031,-0.029626896604895592,0.2490561157464981
132.53519248962402,0,6.491080284118652,-0.028796983882784843,0.2510730028152466
132.56855416297913,0,6.195613861083984,-0.028591599315404892,0.2358679473400116
132.6019163131714,0,6.074429512023926,-0.027800332754850388,0.2298475205898285
132.63527846336365,0,5.940471649169922,-0.02550434321165085,0.22257813811302185
132.66864037513733,0,5.951998710632324,-0.02533126249909401,0.22293899953365326
132.7020025253296,0,5.8996686935424805,-0.02573266066610813,0.21904653310775757
132.73536443710327,0,5.893475532531738,-0.025053270161151886,0.21818983554840088
132.76872658729553,0,5.864770412445068,-0.02698560059070587,0.2173682451248169
132.8020887374878,0,5.814651966094971,-0.025526877492666245,0.21516701579093933
132.83545064926147,0,6.203939437866211,-0.027215320616960526,0.23620030283927917
132.86881303787231,0,6.015334129333496,-0.025912288576364517,0.22574952244758606
132.90217518806458,0,5.9433698654174805,-0.02455420047044754,0.2216813564300537
132.93553519248962,0,5.861090660095215,-0.023384440690279007,0.216921865940094
132.96888613700867,0,5.813857078552246,-0.021122826263308525,0.21365711092948914
133.00223684310913,0,5.888850212097168,-0.020965490490198135,0.21779775619506836
133.03558778762817,0,5.785351276397705,-0.020901668816804886,0.21210943162441254
133.06893849372864,0,5.8061370849609375,-0.021461624652147293,0.21384750306606293
133.10228943824768,0,5.801240921020508,-0.019863292574882507,0.2133990377187729
133.13563990592957,0,5.754831314086914,-0.019182708114385605,0.2131350338459015
133.16899061203003,0,5.701132297515869,-0.01885426975786686,0.20987528562545776
133.2023410797119,0,5.745546340942383,-0.020415544509887695,0.2108883112668991
133.2356915473938,0,5.728998184204102,-0.021530747413635254,0.21011318266391754
133.2690417766571,0,5.9218339920043945,-0.02142781764268875,0.22076937556266785
133.302392244339,0,5.851099014282227,-0.021597765386104584,0.21641220152378082
133.3357424736023,0,5.791712760925293,-0.020591534674167633,0.21440409123897552
133.36909294128418,0,5.832489013671875,-0.020468175411224365,0.21520084142684937
133.4024429321289,0,5.908267498016357,-0.02208198979496956,0.2190724015235901
133.43579292297363,0,5.820995330810547,-0.022669969126582146,0.2145758867263794
133.46914315223694,0,5.796995162963867,-0.02124776318669319,0.21420332789421082
133.5024929046631,0,5.743259429931641,-0.02137826569378376,0.210030198097229
133.5358431339264,0,5.730077266693115,-0.021453391760587692,0.2098773866891861
133.56919288635254,0,5.8084869384765625,-0.020347971469163895,0.2155810296535492
133.60254287719727,0,5.817193984985352,-0.02113853581249714,0.21518397331237793
133.63589239120483,0,5.803082466125488,-0.019711263477802277,0.21414294838905334
133.66924214363098,0,5.923415184020996,-0.021642591804265976,0.21991291642189026
133.70259189605713,0,5.923027992248535,-0.022842518985271454,0.21964547038078308
133.7359414100647,0,5.848850250244141,-0.02234894223511219,0.2150687575340271
133.76929092407227,0,5.928462982177734,-0.022659964859485626,0.2204740345478058
133.80264043807983,0,6.224579811096191,-0.024550210684537888,0.2367304414510727
133.83598971366882,0,6.333903789520264,-0.02433091774582863,0.24219952523708344
133.8693392276764,0,6.184927940368652,-0.023824511095881462,0.23430706560611725
133.9026882648468,0,6.143882751464844,-0.02388702519237995,0.23151516914367676
133.93603777885437,0,5.9135026931762695,-0.022326365113258362,0.22066661715507507
133.96939086914062,0,5.897367000579834,-0.02224225550889969,0.2180163860321045
134.00274395942688,0,5.887251377105713,-0.02284778654575348,0.2172648012638092
134.03609704971313,0,5.8368377685546875,-0.02089378982782364,0.21380659937858582
134.06944966316223,0,5.874808311462402,-0.023047443479299545,0.21613481640815735
134.1028027534485,0,5.799427032470703,-0.02164452150464058,0.2129862904548645
134.13615560531616,0,5.727308750152588,-0.020308813080191612,0.20997774600982666
134.16950845718384,0,5.783374786376953,-0.02162095718085766,0.21282488107681274
134.20286107063293,0,5.836845874786377,-0.022665975615382195,0.21617433428764343
134.23621368408203,0,5.815255641937256,-0.02320188283920288,0.21474704146385193
134.2695665359497,0,5.725367069244385,-0.021570369601249695,0.21091723442077637
134.30291891098022,0,5.84438419342041,-0.02111714333295822,0.21703575551509857
134.33627152442932,0,5.787208557128906,-0.021498512476682663,0.21337184309959412
134.36962389945984,0,5.77557897567749,-0.022643856704235077,0.21287506818771362
134.40297627449036,0,6.151280403137207,-0.024234790354967117,0.2332531362771988
134.43632864952087,0,5.975325584411621,-0.02165749855339527,0.22335436940193176
134.4696810245514,0,5.853490829467773,-0.02214868925511837,0.2165287286043167
134.50303316116333,0,5.926967620849609,-0.022354645654559135,0.21963760256767273
134.53638553619385,0,5.886089324951172,-0.023045118898153305,0.21738091111183167
134.56973791122437,0,5.839532852172852,-0.02300795540213585,0.21469378471374512
134.60308980941772,0,5.8100433349609375,-0.023624861612915993,0.21387135982513428
134.63644194602966,0,5.768947601318359,-0.02139591984450817,0.2122415453195572
134.6697940826416,0,5.788208961486816,-0.020179934799671173,0.21378377079963684
134.70314574241638,0,5.7839155197143555,-0.020047910511493683,0.21293844282627106
134.73649787902832,0,5.778000354766846,-0.020178090780973434,0.21333031356334686
134.76984977722168,0,6.197135925292969,-0.02313430979847908,0.2347341775894165
134.80320143699646,0,6.025372505187988,-0.02281089499592781,0.225487619638443
134.83655333518982,0,5.860095977783203,-0.022512922063469887,0.21716929972171783
134.8699049949646,0,5.8602142333984375,-0.021814029663801193,0.21699324250221252
134.90325665473938,0,6.199767112731934,-0.024170512333512306,0.23427987098693848
134.93660855293274,0,6.3663506507873535,-0.024520080536603928,0.24321168661117554
134.96996688842773,0,6.101471900939941,-0.024868909269571304,0.2302461862564087
135.00332379341125,0,5.907478332519531,-0.02417629584670067,0.21854035556316376
135.0366804599762,0,5.841280937194824,-0.023620445281267166,0.2161453366279602
135.07003736495972,0,5.791285514831543,-0.022544868290424347,0.2132122963666916
135.10339403152466,0,5.744627952575684,-0.022619668394327164,0.21015891432762146
135.13675093650818,0,5.75408935546875,-0.022937389090657234,0.211119145154953
135.17010760307312,0,5.790782451629639,-0.023434095084667206,0.21482044458389282
135.20346474647522,0,5.943049907684326,-0.02459731698036194,0.22317339479923248
135.23682165145874,0,5.936698913574219,-0.025548839941620827,0.22233621776103973
135.27017855644226,0,6.244612216949463,-0.025934524834156036,0.23917138576507568
135.3035352230072,0,6.227095603942871,-0.025404129177331924,0.23828357458114624
135.33689212799072,0,6.421050071716309,-0.027210909873247147,0.24830199778079987
135.37024903297424,0,6.503473281860352,-0.027123302221298218,0.2532866597175598
135.40360593795776,0,6.538888454437256,-0.02738579548895359,0.2546946406364441
135.43696284294128,0,6.543910980224609,-0.02814856544137001,0.2545296847820282
135.47031998634338,0,6.5236310958862305,-0.0286170095205307,0.25388506054878235
135.5036768913269,0,6.561374664306641,-0.029002942144870758,0.25518596172332764
135.53703379631042,0,6.597875118255615,-0.02948828414082527,0.2567884922027588
135.57039070129395,0,6.608777046203613,-0.029093939810991287,0.2575087547302246
135.60374760627747,0,6.599082946777344,-0.029578225687146187,0.25717419385910034
135.637104511261,0,6.584878921508789,-0.029532911255955696,0.2571551501750946
135.6704614162445,0,6.602930068969727,-0.030963372439146042,0.2577992081642151
135.70381832122803,0,6.613467693328857,-0.030584666877985,0.25785505771636963
135.7371757030487,0,6.65675163269043,-0.031538352370262146,0.25917869806289673
135.77053260803223,0,6.6353607177734375,-0.03142126649618149,0.25856077671051025
135.80388951301575,0,6.597438812255859,-0.030886970460414886,0.2571571171283722
135.83724665641785,0,6.607460021972656,-0.03135349601507187,0.2570146918296814
135.87060356140137,0,6.595301151275635,-0.032439954578876495,0.25588011741638184
135.9039604663849,0,6.610860824584961,-0.03333859518170357,0.2564622163772583
135.937317609787,0,6.605133056640625,-0.032816316932439804,0.25594258308410645
135.9706747531891,0,6.603396415710449,-0.03329356014728546,0.2552017569541931
136.00403547286987,0,6.252219200134277,-0.033857494592666626,0.2352789044380188
136.204199552536,0,6.419610977172852,-0.03427334129810333,0.243064284324646
136.2375602722168,0,6.510238170623779,-0.034537047147750854,0.2486470341682434
136.43772506713867,0,6.4624342918396,-0.03615739941596985,0.24458149075508118
136.47108602523804,0,6.5088725090026855,-0.03508938476443291,0.24740490317344666
136.67125153541565,0,6.509235382080078,-0.03667536377906799,0.24560216069221497
136.70461249351501,0,6.569176197052002,-0.03679186850786209,0.24891133606433868
136.73797369003296,0,6.56254243850708,-0.03547743335366249,0.2499064803123474
136.9381399154663,0,6.4905266761779785,-0.0370028018951416,0.2445942759513855
136.97150111198425,0,6.518373489379883,-0.03553038090467453,0.24754925072193146
137.17164015769958,0,6.410741806030273,-0.03904243931174278,0.23913371562957764
137.20499682426453,0,6.491450309753418,-0.036702655255794525,0.24521613121032715
137.2383532524109,0,6.528834342956543,-0.03560423105955124,0.24773389101028442
137.27170944213867,0,6.5254364013671875,-0.03549003601074219,0.24782338738441467
137.47184801101685,0,6.406106472015381,-0.039187610149383545,0.23892566561698914
137.50520420074463,0,6.465469837188721,-0.03702166676521301,0.24377480149269104
137.538560628891,0,6.507413387298584,-0.035746634006500244,0.24664506316184998
137.7386977672577,0,6.4773054122924805,-0.03658071160316467,0.24467206001281738
137.9388346672058,0,6.561159133911133,-0.03590170294046402,0.24897798895835876
137.9721908569336,0,6.5885419845581055,-0.035040758550167084,0.2509058117866516
138.33908414840698,0,6.172369956970215,-0.028977761045098305,0.23092669248580933
138.37243723869324,0,6.015357971191406,-0.027278780937194824,0.22253508865833282
138.4057903289795,0,5.9244890213012695,-0.02645457163453102,0.21861615777015686
138.43914341926575,0,5.8348493576049805,-0.025010235607624054,0.2136865109205246
138.47249627113342,0,5.725011825561523,-0.02444441244006157,0.20869877934455872
138.50584936141968,0,5.659745216369629,-0.023270849138498306,0.20549139380455017
138.53920245170593,0,5.765322685241699,-0.02155192568898201,0.2122228741645813
138.5725553035736,0,5.771560192108154,-0.02036718837916851,0.21208854019641876
138.6059079170227,0,5.872652530670166,-0.021596767008304596,0.21709740161895752
138.63926076889038,0,5.851943016052246,-0.022007346153259277,0.21554017066955566
138.67261362075806,0,5.794999122619629,-0.020648043602705002,0.2142583578824997
138.70596647262573,0,5.8134613037109375,-0.02157246693968773,0.213954359292984
138.73931884765625,0,5.7498273849487305,-0.020107828080654144,0.21228662133216858
138.77267169952393,0,6.09161901473999,-0.02143961191177368,0.23389142751693726
138.80602431297302,0,6.361449718475342,-0.021786751225590706,0.2524556517601013
138.83937644958496,0,6.467109680175781,-0.021638140082359314,0.26638081669807434
138.87272906303406,0,6.5931501388549805,-0.019187081605196,0.281046986579895
138.90608143806458,0,6.669730186462402,-0.017014535143971443,0.29543399810791016
138.9394338130951,0,6.721240520477295,-0.015220606699585915,0.3093022108078003
138.9727861881256,0,6.771878242492676,-0.013469196856021881,0.3242747187614441
139.00613856315613,0,6.779382705688477,-0.011017078533768654,0.3355579972267151
139.03949642181396,0,6.738288879394531,-0.008559426292777061,0.3431365489959717
139.07285404205322,0,6.747137069702148,-0.0054599870927631855,0.35218721628189087
139.1065971851349,0,6.804736137390137,-0.0020289707463234663,0.36407405138015747
139.14034271240234,0,6.844419479370117,0.00018176354933530092,0.3738332986831665
139.1740906238556,0,6.847021579742432,0.002357702236622572,0.3804193139076233
139.2078411579132,0,6.913262367248535,0.0024594920687377453,0.38952624797821045
139.24159383773804,0,6.906769275665283,0.0009564318461343646,0.39278966188430786
139.27534914016724,0,6.869047164916992,-0.00102332909591496,0.3947101831436157
139.30910682678223,0,6.931056499481201,-0.004488196689635515,0.4010811448097229
139.342866897583,0,6.97148323059082,-0.008416139520704746,0.4023389220237732
139.37662935256958,0,7.025331020355225,-0.013766342774033546,0.40346264839172363
139.41039443016052,0,7.025094032287598,-0.01922791823744774,0.3995670676231384
139.44416189193726,0,7.005659580230713,-0.024550417438149452,0.394012987613678
139.47793173789978,0,7.002124786376953,-0.029710039496421814,0.38806450366973877
139.5117039680481,0,7.017271995544434,-0.035901814699172974,0.38189560174942017
139.5454785823822,0,7.061553478240967,-0.04149220138788223,0.37593454122543335
139.5792555809021,0,7.08176326751709,-0.04722030460834503,0.3691176772117615
139.61303520202637,0,7.1248979568481445,-0.05262574180960655,0.36451011896133423
139.64681720733643,0,7.189300537109375,-0.058124393224716187,0.360506534576416
139.68060159683228,0,7.201043605804443,-0.06388184428215027,0.3533104658126831
139.71438837051392,0,7.18143367767334,-0.06806953996419907,0.34703463315963745
139.74817776679993,0,7.186427116394043,-0.07198607176542282,0.342613160610199
139.78196930885315,0,7.190616607666016,-0.07348661124706268,0.3398004174232483
139.81576347351074,0,7.207765579223633,-0.07407070696353912,0.33876878023147583
139.84956002235413,0,7.167939186096191,-0.07238903641700745,0.33384615182876587
139.8833589553833,0,7.205515384674072,-0.07192574441432953,0.3329137861728668
139.91716051101685,0,7.190408706665039,-0.07002556324005127,0.32902950048446655
139.95096445083618,0,7.237706661224365,-0.06822444498538971,0.3267475366592407
139.98477053642273,0,7.259011745452881,-0.06681662052869797,0.3241405785083771
140.01857924461365,0,7.275912761688232,-0.0656629353761673,0.32089316844940186
140.05239033699036,0,7.2816057205200195,-0.0649557113647461,0.318027138710022
140.08619379997253,0,7.241422653198242,-0.06356053054332733,0.3124082088470459
140.11951398849487,0,7.253103256225586,-0.0625653937458992,0.30988144874572754
140.15283370018005,0,7.309049129486084,-0.06162814050912857,0.3089933395385742
140.18615341186523,0,7.253265380859375,-0.06120753288269043,0.3032205104827881
140.21947240829468,0,7.22807502746582,-0.06114580109715462,0.29942768812179565
140.25279140472412,0,7.233890533447266,-0.062107354402542114,0.2977302670478821
140.28610968589783,0,7.271039962768555,-0.06271308660507202,0.2975640892982483
140.31942772865295,0,7.302667140960693,-0.06320600211620331,0.29708123207092285
140.35274529457092,0,7.288155555725098,-0.06224355846643448,0.2942497730255127
140.3860628604889,0,7.287637710571289,-0.06154730170965195,0.29326972365379333
140.4193799495697,0,7.287861347198486,-0.06047370284795761,0.29179269075393677
140.45269656181335,0,7.250875473022461,-0.05986449867486954,0.2885558009147644
140.48601269721985,0,7.276971817016602,-0.059248149394989014,0.28900474309921265
140.51932883262634,0,7.292609214782715,-0.058740124106407166,0.2887243330478668
140.55264449119568,0,7.303013801574707,-0.05830387771129608,0.2878454327583313
140.58595967292786,0,7.270044803619385,-0.05771798640489578,0.2854970097541809
140.61927461624146,0,7.26933479309082,-0.05776192247867584,0.2842106521129608
140.65258932113647,0,7.242876052856445,-0.05738639831542969,0.2814731299877167
140.68590354919434,0,7.24659538269043,-0.0571414977312088,0.2802543044090271
140.71921753883362,0,7.243183135986328,-0.056808196008205414,0.27924060821533203
140.75253105163574,0,7.218929290771484,-0.05611937493085861,0.27698397636413574
140.7858443260193,0,7.2479352951049805,-0.054851122200489044,0.27786964178085327
140.81915712356567,0,7.271067142486572,-0.055311739444732666,0.2781527638435364
140.8524694442749,0,7.273029327392578,-0.05565411597490311,0.27863118052482605
140.88578176498413,0,7.274187088012695,-0.05676588416099548,0.27916741371154785
140.9190936088562,0,7.293824195861816,-0.05611719936132431,0.28015977144241333
140.9524049758911,0,7.2926716804504395,-0.05628342926502228,0.2795013189315796
140.98571634292603,0,7.281563758850098,-0.055542733520269394,0.279219388961792
141.01902723312378,0,7.252655029296875,-0.05601302534341812,0.2782662808895111
141.0523374080658,0,7.261438369750977,-0.055821433663368225,0.2784297466278076
141.08564949035645,0,7.216426849365234,-0.055113956332206726,0.2763473391532898
141.11903858184814,0,7.260148048400879,-0.056851789355278015,0.27834489941596985
141.15235114097595,0,7.268190860748291,-0.056384772062301636,0.27870216965675354
141.18566346168518,0,7.2498650550842285,-0.05609927698969841,0.2781912088394165
141.21897530555725,0,7.251940727233887,-0.055692631751298904,0.27823561429977417
141.25228691101074,0,7.261985778808594,-0.05659480392932892,0.2780511975288391
141.28559803962708,0,7.265592575073242,-0.05619921535253525,0.2787879705429077
141.31890869140625,0,7.230040550231934,-0.05650889128446579,0.27747878432273865
141.35221910476685,0,7.188403129577637,-0.056600749492645264,0.27676981687545776
141.38552904129028,0,7.22138786315918,-0.05696725472807884,0.2772216200828552
141.41883873939514,0,7.234251976013184,-0.05667020007967949,0.2777617573738098
141.45214796066284,0,7.260836601257324,-0.057374466210603714,0.278470903635025
141.48545694351196,0,7.237295150756836,-0.05648625269532204,0.2777339816093445
141.51876544952393,0,7.251120567321777,-0.0557870976626873,0.27834898233413696
141.55207347869873,0,7.262599945068359,-0.05601819232106209,0.2790128290653229
141.58538126945496,0,7.240849494934082,-0.05640173703432083,0.27819186449050903
141.61868858337402,0,7.230202674865723,-0.05623320862650871,0.27704179286956787
141.6519956588745,0,7.242066383361816,-0.05641049146652222,0.2776830792427063
141.68530225753784,0,7.240567207336426,-0.056860633194446564,0.27840656042099
141.718608379364,0,7.2620015144348145,-0.05588463693857193,0.27782171964645386
141.7519142627716,0,7.238340854644775,-0.055803846567869186,0.27745962142944336
141.78521966934204,0,7.247373104095459,-0.055950552225112915,0.27837857604026794
141.8185248374939,0,7.250231742858887,-0.05669195577502251,0.2777631878852844
141.85182976722717,0,7.281272888183594,-0.05781020224094391,0.27795538306236267
141.8851339817047,0,7.280354022979736,-0.05863809585571289,0.2787947654724121
141.91843795776367,0,7.24741792678833,-0.05749845132231712,0.27830660343170166
141.95174169540405,0,7.199295997619629,-0.056887030601501465,0.27629709243774414
141.98504495620728,0,7.239533424377441,-0.057025209069252014,0.27722862362861633
142.01834797859192,0,7.196009635925293,-0.05693776160478592,0.27569007873535156
142.0516505241394,0,7.202776908874512,-0.056637778878211975,0.2758612334728241
142.08495235443115,0,7.2155351638793945,-0.05652139335870743,0.27647608518600464
142.11825609207153,0,7.265266418457031,-0.05637035518884659,0.2783363461494446
142.15157794952393,0,7.271529197692871,-0.05676637589931488,0.27888521552085876
142.18489933013916,0,7.274036407470703,-0.055874284356832504,0.2788873314857483
142.21822023391724,0,7.30728816986084,-0.05735155940055847,0.2804863750934601
142.2515411376953,0,7.259197235107422,-0.05563710629940033,0.2778540849685669
142.28486132621765,0,7.234240531921387,-0.05591955780982971,0.27659153938293457
142.31818151474,0,7.245173454284668,-0.056581854820251465,0.2773023843765259
142.35150122642517,0,7.254855632781982,-0.05591540038585663,0.2786724269390106
142.38482069969177,0,7.268217086791992,-0.05620863288640976,0.27895742654800415
142.4181399345398,0,7.263385772705078,-0.05562781170010567,0.27920544147491455
142.45145869255066,0,7.220641136169434,-0.05597382038831711,0.2772679924964905
142.48477721214294,0,7.244772911071777,-0.05550825968384743,0.27763068675994873
142.51809549331665,0,7.254606246948242,-0.05597863346338272,0.27832692861557007
142.5514132976532,0,7.273367881774902,-0.055766306817531586,0.2788909077644348
142.58473110198975,0,7.269383907318115,-0.055641405284404755,0.27943867444992065
142.61804819107056,0,7.291766166687012,-0.05558035522699356,0.2794138789176941
142.6513650417328,0,7.249990463256836,-0.055198997259140015,0.27768129110336304
142.68468165397644,0,7.2122392654418945,-0.05571843683719635,0.2757136821746826
142.7179980278015,0,7.2121782302856445,-0.055434148758649826,0.2758197486400604
142.75131392478943,0,7.260363578796387,-0.05626116693019867,0.27782905101776123
142.78462958335876,0,7.2802534103393555,-0.056485969573259354,0.27893969416618347
142.81794500350952,0,7.263967514038086,-0.056489165872335434,0.2777827978134155
142.85126042366028,0,7.302350997924805,-0.05645407736301422,0.27995967864990234
142.88457489013672,0,7.324260711669922,-0.05685250461101532,0.2807201147079468
142.91788935661316,0,7.2982072830200195,-0.05604110658168793,0.2795567512512207
142.95120358467102,0,7.287355899810791,-0.05566459149122238,0.2791934013366699
142.98451733589172,0,7.321558952331543,-0.05564422532916069,0.2812463045120239
143.01783084869385,0,7.285976409912109,-0.0568464919924736,0.2792038321495056
143.0511441230774,0,7.281203746795654,-0.05706369876861572,0.2788689136505127
143.08445692062378,0,7.283322334289551,-0.057165034115314484,0.27856266498565674
143.11777114868164,0,7.24531364440918,-0.057111579924821854,0.2776799201965332
143.15109610557556,0,7.274319648742676,-0.0571918748319149,0.2782660722732544
143.18442034721375,0,7.29783821105957,-0.05769220367074013,0.2790994644165039
143.21774458885193,0,7.297928333282471,-0.05761648342013359,0.2790210247039795
143.2510688304901,0,7.294719219207764,-0.05786508321762085,0.2790569067001343
143.28439259529114,0,7.280677795410156,-0.05833834037184715,0.27842187881469727
143.31771612167358,0,7.25351619720459,-0.05838766321539879,0.2781220078468323
143.35103940963745,0,7.2408366203308105,-0.05901574343442917,0.2767714262008667
143.38436245918274,0,7.230290412902832,-0.05906597524881363,0.2756490707397461
143.41768503189087,0,7.183944225311279,-0.05868399515748024,0.27292710542678833
143.45100736618042,0,7.175152778625488,-0.05904311686754227,0.2722611427307129
143.48432970046997,0,7.181987762451172,-0.05917736142873764,0.2716514468193054
143.51765131950378,0,7.2013163566589355,-0.05911210924386978,0.27242982387542725
143.55097317695618,0,7.173174858093262,-0.05868604779243469,0.27017080783843994
143.5842945575714,0,7.159580230712891,-0.05880504474043846,0.2695613503456116
143.6176154613495,0,7.154876708984375,-0.05922652781009674,0.2699737846851349
143.65093636512756,0,7.169994354248047,-0.05935163050889969,0.2694546580314636
143.68425679206848,0,7.156412124633789,-0.058835648000240326,0.26912468671798706
143.7175772190094,0,7.13955545425415,-0.05891261249780655,0.26832228899002075
143.75089716911316,0,7.147735595703125,-0.05910608172416687,0.268659770488739
143.78421688079834,0,7.161118507385254,-0.058986734598875046,0.2691335082054138
143.81753635406494,0,7.150856971740723,-0.05935170501470566,0.2689594626426697
143.85085558891296,0,7.163104057312012,-0.05970378965139389,0.26927489042282104
143.88417434692383,0,7.180926322937012,-0.059724435210227966,0.27034687995910645
143.9174931049347,0,7.1876726150512695,-0.059791453182697296,0.2711241543292999
143.95081162452698,0,7.193087577819824,-0.058767300099134445,0.27225232124328613
143.9841296672821,0,7.251445293426514,-0.05877716466784477,0.275484561920166
144.01744747161865,0,7.244586944580078,-0.059131793677806854,0.2744324803352356
144.05076503753662,0,7.219146728515625,-0.05919032543897629,0.2739858627319336
144.084082365036,0,7.192619800567627,-0.058793991804122925,0.27287667989730835
144.11740064620972,0,7.237198829650879,-0.0593804307281971,0.2744467854499817
144.15077543258667,0,7.226548194885254,-0.05908897891640663,0.274798184633255
144.18409776687622,0,7.2244343757629395,-0.05938342958688736,0.27428197860717773
144.21741938591003,0,7.2308502197265625,-0.059538647532463074,0.27541103959083557
144.25074124336243,0,7.214249134063721,-0.05949036777019501,0.27544862031936646
144.28406238555908,0,7.258694171905518,-0.05984245240688324,0.2762797474861145
144.31738328933716,0,7.244914531707764,-0.05930259823799133,0.2764030694961548
144.35070395469666,0,7.228747367858887,-0.05976170301437378,0.27422189712524414
144.38402390480042,0,7.19594669342041,-0.0597086101770401,0.27269917726516724
144.41734385490417,0,7.2003021240234375,-0.05868514999747276,0.27306443452835083
144.45066332817078,0,7.170853614807129,-0.059459418058395386,0.27104538679122925
144.4839825630188,0,7.15720272064209,-0.05978328734636307,0.2704152464866638
144.51730132102966,0,7.176517486572266,-0.060371313244104385,0.2712063491344452
144.55061984062195,0,7.174670219421387,-0.06001712381839752,0.2704419791698456
144.58393812179565,0,7.176965713500977,-0.05989871174097061,0.269755482673645
144.6172559261322,0,7.1676716804504395,-0.05960236117243767,0.26927411556243896
144.65057349205017,0,7.148015022277832,-0.058824099600315094,0.26946204900741577
144.68389058113098,0,7.106405258178711,-0.05804052948951721,0.26747220754623413
144.7172074317932,0,7.101644039154053,-0.0583103708922863,0.2669792175292969
144.75052404403687,0,7.114233493804932,-0.05834389850497246,0.26770782470703125
144.78384017944336,0,7.1162190437316895,-0.05852430686354637,0.26722848415374756
144.8171558380127,0,7.098047256469727,-0.05868492275476456,0.26729410886764526
144.85047125816345,0,7.075761795043945,-0.0580083429813385,0.26655033230781555
144.88378643989563,0,7.088250160217285,-0.05867873504757881,0.2666499614715576
144.91710114479065,0,7.081391334533691,-0.05918771028518677,0.26637890934944153
144.9504156112671,0,7.0758562088012695,-0.05908709019422531,0.2662650942802429
146.51674795150757,0,6.6223063468933105,-0.05130772665143013,0.24721242487430573
146.5500750541687,0,6.9595947265625,-0.05336657166481018,0.2626986503601074
146.58340215682983,0,7.087210655212402,-0.054567303508520126,0.2691513001918793
146.6167287826538,0,7.193713188171387,-0.05480271577835083,0.2747994661331177
146.6500551700592,0,7.19931173324585,-0.054560527205467224,0.27530303597450256
146.68338108062744,0,7.271575450897217,-0.05455649644136429,0.2785990238189697
146.71670699119568,0,7.260878562927246,-0.05409618467092514,0.27786171436309814
146.75003266334534,0,7.232770919799805,-0.05481136590242386,0.2762230634689331
146.78335809707642,0,7.249456882476807,-0.05435977503657341,0.27760374546051025
146.81668305397034,0,7.258227348327637,-0.05345042422413826,0.2776545286178589
146.85000801086426,0,7.25166654586792,-0.05309963971376419,0.2772939205169678
146.88333249092102,0,7.262493133544922,-0.05328931286931038,0.27791866660118103
146.91665697097778,0,7.228684425354004,-0.05255268141627312,0.28056925535202026
146.9499809741974,0,7.292431831359863,-0.05418529361486435,0.2878180146217346
146.9833047389984,0,7.316927909851074,-0.0524493008852005,0.2977291941642761
147.01662850379944,0,7.320191383361816,-0.05033131316304207,0.3086455464363098
147.0499517917633,0,7.3000617027282715,-0.0472496896982193,0.3197188675403595
147.08327460289001,0,7.3115129470825195,-0.043982259929180145,0.33386313915252686
147.11659741401672,0,7.333165168762207,-0.04205760732293129,0.3486860394477844
147.14991998672485,0,7.349173069000244,-0.041892994195222855,0.3636237382888794
147.18324327468872,0,7.358889102935791,-0.04081001877784729,0.3777216672897339
147.21655821800232,0,7.368140697479248,-0.04060946777462959,0.3887164294719696
147.24987292289734,0,7.396047592163086,-0.04279070720076561,0.39789271354675293
147.2831871509552,0,7.392060279846191,-0.04246199503540993,0.4043996036052704
147.31650114059448,0,7.354783058166504,-0.04414729028940201,0.4079287648200989
147.34981441497803,0,7.412448883056641,-0.04633190482854843,0.4154342710971832
147.38312768936157,0,7.452023506164551,-0.04743673652410507,0.42015016078948975
147.41644048690796,0,7.478420734405518,-0.04918588697910309,0.42289766669273376
147.44975304603577,0,7.464572906494141,-0.04854352027177811,0.4228953421115875
147.48306488990784,0,7.487879753112793,-0.04672935605049133,0.4245086908340454
147.5163767337799,0,7.489546775817871,-0.044314105063676834,0.42430394887924194
147.5496883392334,0,7.540160179138184,-0.04211754351854324,0.4282454550266266
147.58299922943115,0,7.572925567626953,-0.03770994767546654,0.42943018674850464
147.61630988121033,0,7.571113586425781,-0.03371471166610718,0.42854374647140503
147.64962029457092,0,7.589468955993652,-0.029672982171177864,0.4264652729034424
147.68293023109436,0,7.599920272827148,-0.02567344158887863,0.42336809635162354
147.71623969078064,0,7.628074645996094,-0.023482300341129303,0.4200369417667389
147.74954915046692,0,7.6230788230896,-0.023388035595417023,0.4145042300224304
147.78285813331604,0,7.688074588775635,-0.023464612662792206,0.41167885065078735
147.816166639328,0,7.697170734405518,-0.023856855928897858,0.405915230512619
147.8494749069214,0,7.681615829467773,-0.024711351841688156,0.39935213327407837
147.8827826976776,0,7.661490440368652,-0.027414485812187195,0.3920767307281494
147.91609025001526,0,7.738533973693848,-0.03106009215116501,0.3908049464225769
147.94939732551575,0,7.731755256652832,-0.034169841557741165,0.38616883754730225
147.98270416259766,0,7.728302955627441,-0.03767606243491173,0.38196447491645813
148.0160105228424,0,7.7760443687438965,-0.04047863185405731,0.3781433701515198
148.04931640625,0,7.791618347167969,-0.04293769598007202,0.37504851818084717
148.082622051239,0,7.796982765197754,-0.045913249254226685,0.3725191354751587
148.11592745780945,0,7.796087265014648,-0.047903403639793396,0.37085360288619995
148.14923238754272,0,7.801080703735352,-0.051287636160850525,0.3694915175437927
148.18253827095032,0,7.817078113555908,-0.05506892874836922,0.3674156665802002
148.21589517593384,0,7.841536521911621,-0.05780506506562233,0.36404648423194885
148.2492151260376,0,7.874733924865723,-0.06139329820871353,0.3611602783203125
148.28253483772278,0,7.858553886413574,-0.06302273273468018,0.3554708957672119
148.31585383415222,0,7.828558921813965,-0.06583672761917114,0.34787052869796753
148.34917283058167,0,7.847141265869141,-0.06831192970275879,0.34164851903915405
148.38249158859253,0,7.900905609130859,-0.07218503206968307,0.33781951665878296
148.41580986976624,0,7.895561218261719,-0.07256780564785004,0.3302238881587982
148.44912767410278,0,7.943906784057617,-0.07504294812679291,0.32701224088668823
148.48244547843933,0,7.947555065155029,-0.0742814689874649,0.3205139935016632
148.48244547843933,1,16.330759048461914,8.617371559143066,-3.6763036251068115
148.51576280593872,0,7.92595911026001,-0.07284000515937805,0.3153802156448364
148.54907989501953,0,7.903692245483398,-0.07052585482597351,0.3107054829597473
148.58239650726318,0,7.923751354217529,-0.06762342154979706,0.3068537414073944
148.61571288108826,0,7.9116106033325195,-0.06589822471141815,0.30267196893692017
148.64902877807617,0,7.918329238891602,-0.06556306034326553,0.3016614615917206
148.6823446750641,0,7.9068498611450195,-0.06419645994901657,0.30022886395454407
148.71566009521484,0,7.888436317443848,-0.06374335289001465,0.2998914122581482
148.74897503852844,0,7.90595006942749,-0.06457464396953583,0.3002200126647949
148.78228998184204,0,7.926115036010742,-0.06417630612850189,0.30132102966308594
148.81560444831848,0,7.921699523925781,-0.06385472416877747,0.30135393142700195
148.84891867637634,0,7.854380130767822,-0.06373196840286255,0.2983366847038269
148.88223242759705,0,7.85661506652832,-0.0634748786687851,0.29870450496673584
148.91554617881775,0,7.915424346923828,-0.06350406259298325,0.30009549856185913
148.94885921478271,0,7.930106163024902,-0.06323367357254028,0.30021461844444275
148.98217225074768,0,7.954625129699707,-0.06384192407131195,0.3006182312965393
149.0154845714569,0,7.939017295837402,-0.06403975188732147,0.3010704517364502
149.04879689216614,0,7.951235771179199,-0.0642680823802948,0.30105817317962646
149.0821089744568,0,7.941749572753906,-0.06400872766971588,0.3012900948524475
149.11542057991028,0,7.925203323364258,-0.06340059638023376,0.30090248584747314
149.1487317085266,0,7.905073165893555,-0.06293172389268875,0.2998969852924347
149.18204283714294,0,7.894620418548584,-0.0629885196685791,0.299664169549942
149.21535444259644,0,7.897947788238525,-0.06300687044858932,0.2989357113838196
149.2486698627472,0,7.894642353057861,-0.06266024708747864,0.2988376021385193
149.28198552131653,0,7.884365081787109,-0.062287118285894394,0.29792314767837524
149.31529998779297,0,7.878514289855957,-0.06270842999219894,0.29818886518478394
149.3486144542694,0,7.877679824829102,-0.06210462376475334,0.2973695993423462
149.38192868232727,0,7.871610641479492,-0.06211410462856293,0.2974551320075989
149.41524243354797,0,7.854986190795898,-0.0618775337934494,0.29691821336746216
149.44855570793152,0,7.889482498168945,-0.0627828910946846,0.29868537187576294
149.48186874389648,0,7.888084411621094,-0.06230900436639786,0.29897016286849976
149.5151813030243,0,7.864607810974121,-0.06130889058113098,0.29740291833877563
149.54849338531494,0,7.88334321975708,-0.061320386826992035,0.2978588938713074
149.581805229187,0,7.854550361633301,-0.06129679083824158,0.2970283031463623
149.6151168346405,0,7.869013786315918,-0.06186597794294357,0.29741570353507996
149.64842772483826,0,7.900073051452637,-0.062378160655498505,0.2993152141571045
149.681738615036,0,7.884734153747559,-0.06215278059244156,0.2982955574989319
149.71504878997803,0,7.858260154724121,-0.06199655681848526,0.2973644435405731
149.74835872650146,0,7.891024112701416,-0.06274828314781189,0.2988545000553131
149.78166818618774,0,7.855588912963867,-0.061588771641254425,0.29725879430770874
149.81497740745544,0,7.87295389175415,-0.062145575881004333,0.29799437522888184
149.848286151886,0,7.901045799255371,-0.06221776455640793,0.2995051145553589
149.88159489631653,0,7.924618721008301,-0.06230027973651886,0.3004630208015442
149.91490268707275,0,7.920801162719727,-0.06329934298992157,0.29963529109954834
149.9482102394104,0,7.911345958709717,-0.06297145783901215,0.29970818758010864
149.98151755332947,0,7.908053874969482,-0.062378790229558945,0.299286425113678
150.01482462882996,0,7.869746208190918,-0.061452388763427734,0.2979638874530792
150.0481312274933,0,7.836243152618408,-0.06093136966228485,0.29660555720329285
150.08143734931946,0,7.853191375732422,-0.06169836223125458,0.29739731550216675
150.11474299430847,0,7.884275913238525,-0.062494389712810516,0.2985798716545105
150.1480484008789,0,7.851598739624023,-0.06195554882287979,0.29712414741516113
150.18135333061218,0,7.854445457458496,-0.06199267506599426,0.297821044921875
150.2146589756012,0,7.901047706604004,-0.06241770088672638,0.2998805642127991
150.24800539016724,0,7.8870038986206055,-0.06267733126878738,0.2983872890472412
150.281325340271,0,7.877514839172363,-0.062232375144958496,0.29823365807533264
150.3146448135376,0,7.8820953369140625,-0.06247526779770851,0.298373281955719
150.34796380996704,0,7.914511203765869,-0.06273922324180603,0.29978489875793457
150.38128280639648,0,7.904603958129883,-0.06194698438048363,0.29985252022743225
150.41460132598877,0,7.919931888580322,-0.06235792487859726,0.29971253871917725
150.4479193687439,0,7.925342082977295,-0.06281132996082306,0.29976561665534973
150.48123741149902,0,7.889098167419434,-0.062051013112068176,0.29852354526519775
150.514554977417,0,7.916925430297852,-0.062245070934295654,0.30010658502578735
150.5478720664978,0,7.915164470672607,-0.062295135110616684,0.29958027601242065
150.58118867874146,0,7.908238887786865,-0.06202555075287819,0.2992710471153259
150.6145055294037,0,7.887162208557129,-0.06147921085357666,0.2980864644050598
150.64782166481018,0,7.898409843444824,-0.06154151260852814,0.2988349497318268
150.68113732337952,0,7.88201379776001,-0.06146473437547684,0.29798153042793274
150.71445274353027,0,7.893989562988281,-0.061208344995975494,0.2983502745628357
150.74776792526245,0,7.931604862213135,-0.06267602741718292,0.2999337613582611
150.78108263015747,0,7.921462535858154,-0.06233090162277222,0.2994658946990967
150.8143970966339,0,7.912435531616211,-0.06265243887901306,0.29910245537757874
150.8477110862732,0,7.92075252532959,-0.06262515485286713,0.29966968297958374
150.8810248374939,0,7.913152694702148,-0.062452323734760284,0.29955190420150757
150.91433811187744,0,7.905138969421387,-0.06284696608781815,0.29894137382507324
150.9476511478424,0,7.914196491241455,-0.06370759010314941,0.29973524808883667
150.9809639453888,0,7.932927131652832,-0.06419669091701508,0.3000370264053345
151.0142765045166,0,7.920984268188477,-0.06455151736736298,0.30008557438850403
151.04758834838867,0,7.886399269104004,-0.0637466311454773,0.2991778552532196
151.08090019226074,0,7.907418251037598,-0.06405454128980637,0.29967641830444336
151.11421155929565,0,7.9048967361450195,-0.06423430144786835,0.2996825575828552
151.1475224494934,0,7.9058942794799805,-0.06452946364879608,0.2999354302883148
151.18083310127258,0,7.8726325035095215,-0.06361393630504608,0.29901260137557983
151.2141432762146,0,7.890200614929199,-0.06392114609479904,0.29953867197036743
151.24745416641235,0,7.877279281616211,-0.06361819803714752,0.29876264929771423
151.28077125549316,0,7.869822025299072,-0.06376463174819946,0.2987171411514282
151.3140881061554,0,7.87094783782959,-0.06390644609928131,0.29891663789749146
151.34740447998047,0,7.883359909057617,-0.06434419006109238,0.29950934648513794
151.38072085380554,0,7.911624908447266,-0.06420166790485382,0.30057573318481445
151.41403651237488,0,7.903911590576172,-0.06353438645601273,0.29944759607315063
151.44735169410706,0,7.893248558044434,-0.06311388313770294,0.29917287826538086
151.48066687583923,0,7.855648994445801,-0.0631028488278389,0.29747676849365234
151.51398134231567,0,7.875247955322266,-0.06325480341911316,0.29881003499031067
151.54729557037354,0,7.868945121765137,-0.06405456364154816,0.2990545630455017
151.58060932159424,0,7.884592056274414,-0.06434721499681473,0.2989952564239502
151.61392283439636,0,7.906601905822754,-0.06352017819881439,0.2998756170272827
151.6472361087799,0,7.917268753051758,-0.06344282627105713,0.29999619722366333
151.6805489063263,0,7.924581527709961,-0.06338083744049072,0.3002753257751465
151.7138614654541,0,7.91728401184082,-0.06324005126953125,0.3005322813987732
151.74717330932617,0,7.897917747497559,-0.0625256672501564,0.2999417781829834
151.78048515319824,0,7.955960273742676,-0.06380951404571533,0.3018341064453125
151.81379652023315,0,7.952715873718262,-0.0637887492775917,0.3013095259666443
151.84710717201233,0,7.949437141418457,-0.06437712907791138,0.3015642464160919
151.88041806221008,0,7.926763534545898,-0.0638221949338913,0.30006885528564453
151.91372799873352,0,7.901497840881348,-0.06323239952325821,0.2988433241844177
151.94703817367554,0,7.896569728851318,-0.063106007874012,0.2984119951725006
151.98034739494324,0,7.872705459594727,-0.06257818639278412,0.29818275570869446
152.01365661621094,0,7.872462272644043,-0.062270551919937134,0.29810038208961487
152.04696536064148,0,7.901610851287842,-0.06278929114341736,0.2994017004966736
152.08027362823486,0,7.942480087280273,-0.06368599832057953,0.30124545097351074
152.11358189582825,0,7.899179458618164,-0.06252060830593109,0.299675852060318
152.1468894481659,0,7.865216255187988,-0.0623912513256073,0.29843974113464355
152.18019676208496,0,7.862454891204834,-0.06222328916192055,0.297800749540329
152.21350359916687,0,7.877338409423828,-0.06289730966091156,0.29817360639572144
152.24681115150452,0,7.8904829025268555,-0.06272424757480621,0.2984312176704407
152.28014397621155,0,7.89152717590332,-0.06281214952468872,0.29901471734046936
152.31347680091858,0,7.92034387588501,-0.06309173256158829,0.30032506585121155
152.34680938720703,0,7.891734600067139,-0.06262925267219543,0.29925408959388733
152.3801417350769,0,7.881856918334961,-0.062127839773893356,0.29862114787101746
152.41347360610962,0,7.88999080657959,-0.06270936131477356,0.2989019453525543
152.44680547714233,0,7.933414936065674,-0.06361515820026398,0.3012787699699402
152.48013710975647,0,7.901763916015625,-0.06295056641101837,0.29977941513061523
152.51346826553345,0,7.894443511962891,-0.06251370161771774,0.2991687059402466
152.54679942131042,0,7.902405738830566,-0.062493715435266495,0.2991311550140381
152.58013010025024,0,7.891449928283691,-0.06311941146850586,0.29939770698547363
152.61346077919006,0,7.899451732635498,-0.06368891894817352,0.2987979054450989
152.64679098129272,0,7.911229133605957,-0.06367430835962296,0.2993464469909668
152.68012118339539,0,7.904869079589844,-0.06347844004631042,0.29942187666893005
152.7134509086609,0,7.897965431213379,-0.0634925365447998,0.2984289526939392
152.7467806339264,0,7.877102851867676,-0.06287083774805069,0.2983939051628113
152.78010988235474,0,7.897317886352539,-0.06284687668085098,0.29885196685791016
152.81343913078308,0,7.902427673339844,-0.06329598277807236,0.29941558837890625
152.84676790237427,0,7.893437385559082,-0.06312283873558044,0.299622118473053
152.88009643554688,0,7.844780921936035,-0.06282711029052734,0.2975817322731018
152.91342496871948,0,7.908008575439453,-0.0641574040055275,0.2995186448097229
152.94675302505493,0,7.9384260177612305,-0.0644213929772377,0.29999786615371704
152.9800808429718,0,7.897107124328613,-0.06425940990447998,0.29862064123153687
153.0134084224701,0,7.905084133148193,-0.0640425756573677,0.29894620180130005
153.04673600196838,0,7.902178764343262,-0.06380283832550049,0.2995363473892212
153.08006310462952,0,7.925021171569824,-0.06361503899097443,0.30059725046157837
153.11338996887207,0,7.934186935424805,-0.06334711611270905,0.3000553250312805
153.14671659469604,0,7.934077739715576,-0.06330376118421555,0.2999158501625061
153.18004274368286,0,7.923949718475342,-0.0642271414399147,0.2999415397644043
153.21336889266968,0,7.890751361846924,-0.06321399658918381,0.2988280653953552
153.2466950416565,0,7.918887138366699,-0.06428426504135132,0.2993584871292114
153.2800271511078,0,7.880774974822998,-0.06299068033695221,0.29849594831466675
153.31335926055908,0,7.836099624633789,-0.06233195960521698,0.2975040674209595
153.34705924987793,0,7.87605094909668,-0.06262720376253128,0.299264132976532
153.380761384964,0,7.896317481994629,-0.06394334137439728,0.2996216416358948
153.41446566581726,0,7.928164482116699,-0.06435109674930573,0.30060631036758423
153.44817185401917,0,7.939294338226318,-0.06448271125555038,0.3007957935333252
153.48188018798828,0,7.945794582366943,-0.06494566053152084,0.3002116084098816
153.5155906677246,0,7.962294578552246,-0.06533364951610565,0.3003045916557312
153.54930305480957,0,7.956848621368408,-0.06504320353269577,0.3003815710544586
153.58301758766174,0,7.961195945739746,-0.06515870988368988,0.3003365993499756
153.61673426628113,0,7.962676048278809,-0.06541549414396286,0.2999810576438904
153.65045261383057,0,7.971443176269531,-0.06577687710523605,0.30035263299942017
153.6841733455658,0,7.938268661499023,-0.06574147939682007,0.298607736825943
153.71789622306824,0,7.966239929199219,-0.06626930832862854,0.2989594340324402
153.7516212463379,0,7.948710918426514,-0.06643315404653549,0.2978806495666504
153.7853479385376,0,7.907197952270508,-0.0658007562160492,0.29661935567855835
153.8190770149231,0,7.93731689453125,-0.06608869135379791,0.298219233751297
153.8528082370758,0,7.945462226867676,-0.06579741090536118,0.29884102940559387
153.88654136657715,0,7.951411247253418,-0.06593254208564758,0.29885855317115784
153.92027640342712,0,7.915177822113037,-0.06565304100513458,0.2975044846534729
153.9540138244629,0,7.959159851074219,-0.06681977957487106,0.299053430557251
153.9877529144287,0,7.989194393157959,-0.06720630824565887,0.2996256947517395
154.02149438858032,0,7.959403038024902,-0.0668475478887558,0.2979498505592346
154.05523777008057,0,7.9688944816589355,-0.06674543023109436,0.2984817624092102
154.08898329734802,0,7.955728054046631,-0.06652220338582993,0.2985178232192993
154.1227309703827,0,7.954235076904297,-0.06644335389137268,0.29850882291793823
154.156480550766,0,7.9413628578186035,-0.06610281765460968,0.29860079288482666
154.1902322769165,0,7.944522857666016,-0.06638672947883606,0.2979106903076172
154.22398614883423,0,7.960023880004883,-0.06661467254161835,0.29852330684661865
154.257741689682,0,7.986562252044678,-0.06725918501615524,0.29920467734336853
154.29149985313416,0,7.996434211730957,-0.0675729513168335,0.2995041310787201
154.32525038719177,0,7.985980033874512,-0.06720778346061707,0.2993200421333313
154.3586130142212,0,7.976252555847168,-0.06700390577316284,0.2985690236091614
154.39189553260803,0,7.935111045837402,-0.06671544164419174,0.29662689566612244
154.42517709732056,0,7.983159065246582,-0.06695567816495895,0.29888206720352173
154.45845794677734,0,7.961769104003906,-0.06626538932323456,0.2983834445476532
154.49173831939697,0,7.963613510131836,-0.0666637271642685,0.2984483242034912
154.52501797676086,0,7.968175411224365,-0.06652094423770905,0.29907962679862976
154.55829691886902,0,7.956939220428467,-0.06624063849449158,0.2981680631637573
154.59157514572144,0,7.932580947875977,-0.0654325783252716,0.29797130823135376
154.6248528957367,0,7.9101691246032715,-0.06500351428985596,0.2975490689277649
154.65812993049622,0,7.917789459228516,-0.06517387926578522,0.2977496385574341
154.69140601158142,0,7.940792560577393,-0.06508505344390869,0.29916244745254517
154.72468161582947,0,7.94210958480835,-0.06441719830036163,0.2991935610771179
154.75795650482178,0,7.910482883453369,-0.06293060630559921,0.29831743240356445
154.79123091697693,0,7.919870376586914,-0.06279122829437256,0.29984092712402344
154.82450461387634,0,7.9379119873046875,-0.06307193636894226,0.3005000054836273
154.85777759552002,0,7.930779457092285,-0.06240933761000633,0.3002944886684418
154.89104986190796,0,7.926743984222412,-0.06217373162508011,0.300220251083374
154.92432165145874,0,7.917438507080078,-0.06223375350236893,0.29950347542762756
154.9575924873352,0,7.927596569061279,-0.06178268790245056,0.2996470332145691
154.9908628463745,0,7.873733043670654,-0.06263965368270874,0.2982316017150879
155.02413249015808,0,7.874643802642822,-0.06341695040464401,0.2986059784889221
155.0574014186859,0,7.85209846496582,-0.0632077306509018,0.2976478338241577
155.090669631958,0,7.9041547775268555,-0.06328629702329636,0.29924851655960083
155.12393736839294,0,7.907260894775391,-0.0628800094127655,0.2991710901260376
155.15720438957214,0,7.880066871643066,-0.062377527356147766,0.29802095890045166
155.1904706954956,0,7.876972675323486,-0.06271770596504211,0.29768046736717224
155.22373628616333,0,7.8236188888549805,-0.06178811937570572,0.295561820268631
155.25700116157532,0,7.852969169616699,-0.06258843094110489,0.29689764976501465
155.29026556015015,0,7.797568321228027,-0.0618874728679657,0.2945491373538971
155.32352924346924,0,7.790689945220947,-0.061239443719387054,0.29456841945648193
155.35679459571838,0,7.807363510131836,-0.06216239929199219,0.2950466275215149
155.39029002189636,0,7.825340270996094,-0.06257735192775726,0.2944920063018799
155.42378783226013,0,7.806743621826172,-0.062208257615566254,0.2940698266029358
155.4572877883911,0,7.8623857498168945,-0.06224531680345535,0.29543375968933105
155.4907898902893,0,7.879810810089111,-0.06301245093345642,0.2960625886917114
155.52429389953613,0,7.8748884201049805,-0.06329930573701859,0.29662156105041504
155.55780029296875,0,7.831813812255859,-0.06214635819196701,0.2946774363517761
155.59130859375,0,7.856662750244141,-0.06215432658791542,0.29680079221725464
155.62481904029846,0,7.85336446762085,-0.06248791515827179,0.296852707862854
155.65833163261414,0,7.810798645019531,-0.062024131417274475,0.295245885848999
155.69184637069702,0,7.840869426727295,-0.062437087297439575,0.29635098576545715
155.72536325454712,0,7.889195919036865,-0.06214086711406708,0.2979547679424286
155.75888204574585,0,7.890748977661133,-0.0626896470785141,0.29809772968292236
155.79240322113037,0,7.8827924728393555,-0.06216822564601898,0.2976521849632263
155.82592630386353,0,7.904610633850098,-0.06214011088013649,0.29909002780914307
155.85945177078247,0,7.910675525665283,-0.0627087876200676,0.29933738708496094
155.89297914505005,0,7.878893852233887,-0.06199587509036064,0.29832786321640015
155.92650866508484,0,7.8769659996032715,-0.061462707817554474,0.2982281446456909
155.96004033088684,0,7.88198184967041,-0.06183832883834839,0.2983449399471283
155.99357414245605,0,7.896699905395508,-0.06214457005262375,0.2986987829208374
156.0271098613739,0,7.904301643371582,-0.06265465170145035,0.29904690384864807
156.06064796447754,0,7.919227600097656,-0.06266725063323975,0.2990947365760803
156.0941879749298,0,7.899972915649414,-0.06257100403308868,0.2983899712562561
156.12773036956787,0,7.900847911834717,-0.06266668438911438,0.29833513498306274
156.16127467155457,0,7.925040245056152,-0.06302845478057861,0.29945409297943115
156.19482111930847,0,7.895203590393066,-0.06261606514453888,0.2983342409133911
156.2283697128296,0,7.876769065856934,-0.06217798963189125,0.2973400950431824
156.26192021369934,0,7.8821258544921875,-0.06196802482008934,0.2979469895362854
156.29547309875488,0,7.868469715118408,-0.061948262155056,0.2976837456226349
156.32902812957764,0,7.85792350769043,-0.06188815087080002,0.29700595140457153
156.3625807762146,0,7.869836807250977,-0.06297411769628525,0.29789090156555176
156.39596557617188,0,7.890913963317871,-0.06270399689674377,0.29860228300094604
156.42927980422974,0,7.8979291915893555,-0.06305979192256927,0.29887425899505615
156.46259355545044,0,7.892769813537598,-0.06264687329530716,0.2976462244987488
156.49590706825256,0,7.843936443328857,-0.06278735399246216,0.29636359214782715
156.5292203426361,0,7.879385948181152,-0.06308849155902863,0.29821354150772095
156.56253290176392,0,7.882490158081055,-0.06258612871170044,0.29830992221832275
156.59584522247314,0,7.897439002990723,-0.06304560601711273,0.29805946350097656
156.6291573047638,0,7.865260601043701,-0.0623222216963768,0.2971467077732086
156.66246914863586,0,7.891781330108643,-0.06328802555799484,0.2979603707790375
156.6957802772522,0,7.9102067947387695,-0.0634746104478836,0.2990100681781769
156.72909140586853,0,7.898970603942871,-0.06283614039421082,0.2991510033607483
156.76240181922913,0,7.870683670043945,-0.062231287360191345,0.29798007011413574
156.79571223258972,0,7.892129421234131,-0.06224445253610611,0.29859936237335205
156.82902193069458,0,7.905152320861816,-0.0630279928445816,0.2986292243003845
156.86233162879944,0,7.92072868347168,-0.06259912997484207,0.2991888225078583
156.89564085006714,0,7.914725303649902,-0.06259110569953918,0.2988367974758148
156.92894983291626,0,7.902620792388916,-0.06238904222846031,0.29855877161026
156.96225810050964,0,7.877075672149658,-0.06266459077596664,0.2980698347091675
156.99556636810303,0,7.865990161895752,-0.06222067028284073,0.29789644479751587
157.02887415885925,0,7.881198406219482,-0.06244870275259018,0.29820001125335693
157.0621817111969,0,7.879420280456543,-0.0623774453997612,0.29770034551620483
157.0954885482788,0,7.889217376708984,-0.062096476554870605,0.29813164472579956
157.12879538536072,0,7.877236366271973,-0.06253056973218918,0.29787808656692505
157.16210174560547,0,7.895411491394043,-0.06246550753712654,0.2979830503463745
157.19540786743164,0,7.930590629577637,-0.062153711915016174,0.29897862672805786
157.22871351242065,0,7.893680572509766,-0.06197125464677811,0.29740890860557556
157.2620189189911,0,7.930137634277344,-0.06256420910358429,0.2992190420627594
157.29532384872437,0,7.910099506378174,-0.0627736896276474,0.2987251877784729
157.32862830162048,0,7.898525238037109,-0.06218723952770233,0.29737135767936707
157.36193251609802,0,7.913333892822266,-0.0625549703836441,0.29856500029563904
157.39523839950562,0,7.915038108825684,-0.06238982081413269,0.29902616143226624
157.42855191230774,0,7.878381729125977,-0.06179694086313248,0.2977985739707947
157.46186470985413,0,7.890771389007568,-0.0625600665807724,0.2981278896331787
157.4951775074005,0,7.890430450439453,-0.0620785728096962,0.2975956201553345
157.52849006652832,0,7.874999046325684,-0.06221897527575493,0.29720962047576904
157.56180214881897,0,7.874614715576172,-0.061817776411771774,0.29779964685440063
157.59511351585388,0,7.91057014465332,-0.06278993934392929,0.29914286732673645
157.62842464447021,0,7.9061384201049805,-0.06301835179328918,0.2993144690990448
157.6617352962494,0,7.910348892211914,-0.06258877366781235,0.299576997756958
157.69504594802856,0,7.898833751678467,-0.061848875135183334,0.2981235980987549
157.72835564613342,0,7.899653434753418,-0.06244856119155884,0.2981613576412201
157.76166558265686,0,7.923340797424316,-0.06314049661159515,0.2993107736110687
157.79497456550598,0,7.901350021362305,-0.06242884695529938,0.2984699010848999
157.8282835483551,0,7.88348388671875,-0.06190840154886246,0.2977989912033081
157.8615918159485,0,7.856531620025635,-0.061380404978990555,0.29695045948028564
157.8948998451233,0,7.85255241394043,-0.06151890754699707,0.2959946393966675
157.92820763587952,0,7.840694427490234,-0.06179314851760864,0.29574406147003174
157.96151471138,0,7.8697052001953125,-0.06272457540035248,0.2973342537879944
157.9948215484619,0,7.8903279304504395,-0.06276019662618637,0.2979368567466736
158.02812814712524,0,7.886153221130371,-0.06246053799986839,0.29797613620758057
158.06143403053284,0,7.853923797607422,-0.061565373092889786,0.29640334844589233
158.09473991394043,0,7.881092071533203,-0.06210259348154068,0.2981283664703369
158.12804532051086,0,7.886016845703125,-0.06231030821800232,0.29781216382980347
158.16135001182556,0,7.885920524597168,-0.06261679530143738,0.29781579971313477
158.19465470314026,0,7.882171630859375,-0.06302878260612488,0.2981142997741699
158.22795844078064,0,7.894006252288818,-0.06267551332712173,0.2980031967163086
158.26126217842102,0,7.889155387878418,-0.06230317801237106,0.29774218797683716
158.29456543922424,0,7.865316867828369,-0.06171693652868271,0.2975980341434479
158.3278684616089,0,7.8999409675598145,-0.06176518648862839,0.2986387610435486
158.36117100715637,0,7.8728346824646,-0.06148774176836014,0.2976040840148926
158.39447498321533,0,7.897633075714111,-0.062003325670957565,0.2993951439857483
158.4278483390808,0,7.889174461364746,-0.061862699687480927,0.2984713912010193
158.46117496490479,0,7.840676307678223,-0.061436619609594345,0.29600560665130615
158.49450087547302,0,7.835258960723877,-0.061802107840776443,0.29581910371780396
158.52782678604126,0,7.876331806182861,-0.0633159875869751,0.2975180149078369
158.56115221977234,0,7.852104187011719,-0.06266562640666962,0.2969992160797119
158.59447765350342,0,7.871283054351807,-0.062034543603658676,0.29815879464149475
158.62780261039734,0,7.879453659057617,-0.062346309423446655,0.2987081706523895
158.66112732887268,0,7.894173622131348,-0.06202065944671631,0.29971998929977417
158.69445157051086,0,7.911874771118164,-0.062135614454746246,0.29919466376304626
158.72777557373047,0,7.913102626800537,-0.06228546425700188,0.2995055317878723
158.7610993385315,0,7.88191032409668,-0.06195666640996933,0.298218309879303
158.79442286491394,0,7.879589080810547,-0.062191665172576904,0.2971344590187073
158.8277461528778,0,7.863100051879883,-0.06241469085216522,0.2963380813598633
158.8610692024231,0,7.879374980926514,-0.06205768138170242,0.2978554368019104
158.8943920135498,0,7.885133266448975,-0.06169924512505531,0.2986491620540619
158.92771410942078,0,7.911953926086426,-0.062384746968746185,0.29972153902053833
158.96103644371033,0,7.887369155883789,-0.06177432835102081,0.29835936427116394
158.99435830116272,0,7.899712562561035,-0.06235278770327568,0.29816555976867676
159.02767968177795,0,7.8951616287231445,-0.062035657465457916,0.29832684993743896
159.0610010623932,0,7.860043525695801,-0.061867743730545044,0.29709476232528687
159.09432196617126,0,7.911101818084717,-0.06247879937291145,0.29944705963134766
159.12764263153076,0,7.903750419616699,-0.06259135156869888,0.2994877099990845
159.16096329689026,0,7.863915920257568,-0.062106091529130936,0.2976638674736023
159.19428324699402,0,7.923151969909668,-0.06297864019870758,0.30025845766067505
159.22760319709778,0,7.865644454956055,-0.06213367357850075,0.2970840036869049
159.26092267036438,0,7.867551803588867,-0.06203661859035492,0.297218382358551
159.29424166679382,0,7.885274887084961,-0.062023743987083435,0.2984076142311096
159.32756090164185,0,7.896157264709473,-0.06190859526395798,0.2985101342201233
159.36087942123413,0,7.90317440032959,-0.06173358112573624,0.29878556728363037
159.39419794082642,0,7.908126354217529,-0.06232814863324165,0.29960039258003235
159.42751741409302,0,7.925909042358398,-0.06275444477796555,0.3003169000148773
159.4608497619629,0,7.910131454467773,-0.06272615492343903,0.2994650602340698
159.49418187141418,0,7.885383129119873,-0.0622810497879982,0.29828011989593506
159.5275137424469,0,7.883204936981201,-0.06261841952800751,0.29809433221817017
159.56084561347961,0,7.905097007751465,-0.06247658655047417,0.29855722188949585
159.59417700767517,0,7.931393146514893,-0.0632101520895958,0.30028587579727173
159.62750816345215,0,7.911266326904297,-0.06239714473485947,0.2991335391998291
159.66083908081055,0,7.894076347351074,-0.062071096152067184,0.2982219457626343
159.69416975975037,0,7.901339530944824,-0.06201081722974777,0.2989565134048462
159.72749996185303,0,7.89295768737793,-0.06186385452747345,0.2984955906867981
159.76083040237427,0,7.872643947601318,-0.06165613234043121,0.29680514335632324
159.79416012763977,0,7.861075401306152,-0.06101743131875992,0.29635387659072876
159.82749009132385,0,7.902015209197998,-0.06133706122636795,0.298246830701828
159.8608193397522,0,7.905035495758057,-0.061865925788879395,0.2985911965370178
159.89414858818054,0,7.919297218322754,-0.06275240331888199,0.2996906340122223
159.92747735977173,0,7.891508102416992,-0.06251680850982666,0.29856181144714355
159.96080613136292,0,7.920570373535156,-0.06285953521728516,0.29979294538497925
159.99413466453552,0,7.902044296264648,-0.06253675371408463,0.2987203896045685
160.02746272087097,0,7.897651672363281,-0.06317144632339478,0.2984946668148041
160.06079053878784,0,7.911749362945557,-0.06304100155830383,0.2987569570541382
160.09411811828613,0,7.8951005935668945,-0.062874436378479,0.29803699254989624
160.12744569778442,0,7.905932426452637,-0.06261090934276581,0.298880934715271
160.16077280044556,0,7.905492305755615,-0.06188231706619263,0.2989407777786255
160.1940996646881,0,7.8904290199279785,-0.061941083520650864,0.298145592212677
160.22742629051208,0,7.8820672035217285,-0.06162098050117493,0.29752475023269653
160.26075267791748,0,7.867138862609863,-0.0617779865860939,0.29674196243286133
160.2940788269043,0,7.853059768676758,-0.06161757931113243,0.2959393560886383
160.32740473747253,0,7.866595268249512,-0.06193499267101288,0.2965713143348694
160.3607304096222,0,7.889212131500244,-0.06280238926410675,0.29795199632644653
160.39405584335327,0,7.895262718200684,-0.06227917969226837,0.29845690727233887
160.4273819923401,0,7.894752502441406,-0.06232810765504837,0.2985919117927551
160.4607071876526,0,7.909296035766602,-0.062065236270427704,0.2991607189178467
160.49403190612793,0,7.917536735534668,-0.06216840818524361,0.2991769313812256
160.5273561477661,0,7.89262580871582,-0.06221214681863785,0.2977369427680969
160.5606803894043,0,7.880331993103027,-0.06171664595603943,0.2977997958660126
160.5940043926239,0,7.897066116333008,-0.06216216832399368,0.29913002252578735
160.62732815742493,0,7.891573429107666,-0.0621531680226326,0.2984437942504883
160.6606514453888,0,7.869848251342773,-0.06156552582979202,0.2974027991294861
160.69397449493408,0,7.846236228942871,-0.061131007969379425,0.2960681617259979
160.7272970676422,0,7.857149600982666,-0.0620754137635231,0.29739975929260254
160.76061964035034,0,7.879150867462158,-0.061752110719680786,0.2981650233268738
160.7939419746399,0,7.917054176330566,-0.06250633299350739,0.2989126443862915
160.82726407051086,0,7.913520336151123,-0.06280279904603958,0.2998509407043457
160.8605854511261,0,7.900095462799072,-0.06220944970846176,0.298613041639328
160.89390683174133,0,7.909707069396973,-0.06212577596306801,0.29971563816070557
160.9272277355194,0,7.922009468078613,-0.0625811293721199,0.29919567704200745
160.96054863929749,0,7.8534393310546875,-0.06108367443084717,0.2975461781024933
160.99386930465698,0,7.849297523498535,-0.06166151911020279,0.2978842556476593
161.02718949317932,0,7.829499244689941,-0.06107202172279358,0.2971925437450409
161.06050944328308,0,7.871856689453125,-0.06120011582970619,0.2980956733226776
161.09382891654968,0,7.8986968994140625,-0.06183423846960068,0.29958271980285645
161.1271481513977,0,7.889921188354492,-0.062383051961660385,0.2984759211540222
161.16046738624573,0,7.896551609039307,-0.062000617384910583,0.2987842857837677
161.1937861442566,0,7.907784938812256,-0.0625879168510437,0.29893437027931213
161.22710490226746,0,7.910234451293945,-0.06285618990659714,0.29889270663261414
161.26042294502258,0,7.895524024963379,-0.06296135485172272,0.2989388406276703
161.29374074935913,0,7.877240180969238,-0.06252920627593994,0.2980693578720093
161.3270583152771,0,7.894761085510254,-0.06219279021024704,0.2981749176979065
161.36037588119507,0,7.87376594543457,-0.06289166212081909,0.29755252599716187
161.39369297027588,0,7.84022331237793,-0.06219471991062164,0.29743605852127075
161.42701077461243,0,7.862279891967773,-0.06189236789941788,0.2976011037826538
161.46037220954895,0,7.869187355041504,-0.06168270856142044,0.29764097929000854
161.49369883537292,0,7.893133163452148,-0.0616818368434906,0.2985416650772095
161.52702498435974,0,7.858226776123047,-0.06159050017595291,0.29682207107543945
161.56035113334656,0,7.872214317321777,-0.06215619668364525,0.2972704768180847
161.59367680549622,0,7.8807854652404785,-0.062543585896492,0.2983268201351166
161.62700247764587,0,7.891524791717529,-0.06226041540503502,0.29829874634742737
161.66032767295837,0,7.916677951812744,-0.06285025179386139,0.29994362592697144
161.6936526298523,0,7.93272590637207,-0.06255297362804413,0.30026984214782715
161.72697734832764,0,7.8992204666137695,-0.062394507229328156,0.2988095283508301
161.7603018283844,0,7.887537956237793,-0.06258846819400787,0.29840266704559326
161.79362607002258,0,7.894129753112793,-0.06248897314071655,0.29849138855934143
161.8269500732422,0,7.886140823364258,-0.06215006485581398,0.29810506105422974
161.86027359962463,0,7.85213565826416,-0.0616120919585228,0.2970687747001648
161.8935968875885,0,7.857440948486328,-0.0619083046913147,0.297466903924942
161.9269199371338,0,7.856598377227783,-0.06190447881817818,0.2973608374595642
161.9602427482605,0,7.891027927398682,-0.0619681179523468,0.29836195707321167
161.99356532096863,0,7.910790920257568,-0.06276091933250427,0.29926466941833496
162.0268874168396,0,7.915098190307617,-0.06299462914466858,0.29938021302223206
162.06020951271057,0,7.89609432220459,-0.06249455362558365,0.2985197603702545
162.09353137016296,0,7.906731605529785,-0.062408000230789185,0.29888826608657837
162.1268527507782,0,7.891409397125244,-0.06199324503540993,0.29812687635421753
162.16017389297485,0,7.891072750091553,-0.061967890709638596,0.2981603145599365
162.1934950351715,0,7.904280185699463,-0.06280156970024109,0.2989675998687744
162.22681546211243,0,7.909882545471191,-0.0628945529460907,0.2985050082206726
162.26013588905334,0,7.881485939025879,-0.06263867020606995,0.2978054881095886
162.2934558391571,0,7.917848110198975,-0.06311686336994171,0.29898470640182495
162.32677578926086,0,7.862146377563477,-0.062154363840818405,0.2974057197570801
162.36009526252747,0,7.845285415649414,-0.06228284165263176,0.2968338131904602
162.3934144973755,0,7.855588912963867,-0.0618414580821991,0.2967280149459839
162.4267337322235,0,7.897248268127441,-0.06282272189855576,0.2983871102333069
162.4600532054901,0,7.879940509796143,-0.06353645026683807,0.2983168661594391
162.49338626861572,0,7.901678085327148,-0.06422571837902069,0.29828184843063354
162.52671933174133,0,7.880690574645996,-0.0623631589114666,0.29724201560020447
162.56005191802979,0,7.874940872192383,-0.062275297939777374,0.29703330993652344
162.59338426589966,0,7.893908500671387,-0.062399379909038544,0.2984203100204468
162.62671637535095,0,7.847055435180664,-0.062337182462215424,0.2968581020832062
162.66004848480225,0,7.877104759216309,-0.06307834386825562,0.2977944016456604
162.69338011741638,0,7.889533042907715,-0.06267489492893219,0.29873913526535034
162.72671175003052,0,7.847370624542236,-0.061532922089099884,0.29651159048080444
162.7600429058075,0,7.860320568084717,-0.0616350919008255,0.29738476872444153
162.79337406158447,0,7.870312213897705,-0.06193927675485611,0.29696980118751526
162.82670497894287,0,7.886366367340088,-0.06218676269054413,0.2973865568637848
162.8600354194641,0,7.856061935424805,-0.061729978770017624,0.2967921495437622
162.89336609840393,0,7.87056303024292,-0.062092363834381104,0.29683995246887207
162.926696062088,0,7.8855695724487305,-0.06194410100579262,0.29792308807373047
162.96002626419067,0,7.885249137878418,-0.06223130226135254,0.29758432507514954
162.9933557510376,0,7.8782243728637695,-0.0618630051612854,0.2973601222038269
163.02668523788452,0,7.850089073181152,-0.06136704981327057,0.29622238874435425
163.06001472473145,0,7.87376594543457,-0.061345987021923065,0.29767993092536926
163.0933437347412,0,7.851110935211182,-0.06205051764845848,0.297512024641037
163.12667274475098,0,7.872979164123535,-0.06198199838399887,0.2979465126991272
163.16000127792358,0,7.866128921508789,-0.06196330487728119,0.2977267801761627
163.1933295726776,0,7.862709045410156,-0.06165725365281105,0.2974088191986084
163.22665786743164,0,7.894721031188965,-0.06204105168581009,0.298683226108551
163.2599859237671,0,7.879251003265381,-0.06172856688499451,0.29772335290908813
163.29331350326538,0,7.884000778198242,-0.061967939138412476,0.29855942726135254
163.32664108276367,0,7.901613712310791,-0.06215612217783928,0.2984063923358917
163.35996866226196,0,7.858484745025635,-0.061586298048496246,0.2969435751438141
163.39329552650452,0,7.899134635925293,-0.06252061575651169,0.2987562417984009
163.42662239074707,0,7.900870323181152,-0.0627681165933609,0.2988153100013733
163.45994973182678,0,7.888307571411133,-0.06223514676094055,0.29837238788604736
163.49330353736877,0,7.885867595672607,-0.06240597367286682,0.2986024022102356
163.52662897109985,0,7.877381801605225,-0.06263981759548187,0.2977029085159302
163.55995392799377,0,7.897336959838867,-0.0623917430639267,0.2982991933822632
163.59327864646912,0,7.936139106750488,-0.06292213499546051,0.2997775673866272
163.6266028881073,0,7.919315338134766,-0.0623193085193634,0.29975807666778564
163.65992712974548,0,7.945822715759277,-0.06271277368068695,0.3007473945617676
163.6932508945465,0,7.901587963104248,-0.06261570751667023,0.2994394302368164
163.7265739440918,0,7.85720157623291,-0.06244848668575287,0.2980736196041107
163.75989699363708,0,7.887027263641357,-0.06269241124391556,0.2985190749168396
163.7932198047638,0,7.8446221351623535,-0.06255880743265152,0.2965855598449707
163.82654237747192,0,7.851394176483154,-0.062088098376989365,0.2969190776348114
163.85986423492432,0,7.88168478012085,-0.061932437121868134,0.29814183712005615
163.8931860923767,0,7.874268054962158,-0.06233837828040123,0.2984465956687927
163.92650771141052,0,7.823180675506592,-0.06205500662326813,0.2963581681251526
163.9598286151886,0,7.858729362487793,-0.06180746480822563,0.29769450426101685
163.99314951896667,0,7.876459121704102,-0.06251158565282822,0.2982954978942871
164.0264699459076,0,7.830063343048096,-0.0622401237487793,0.29624539613723755
164.05979013442993,0,7.839996814727783,-0.061599720269441605,0.2963393032550812
164.0931098461151,0,7.8745808601379395,-0.06188082695007324,0.2971035838127136
164.1264295578003,0,7.851494789123535,-0.06181707978248596,0.29643380641937256
164.15974855422974,0,7.858905792236328,-0.06222337484359741,0.29745209217071533
164.19306755065918,0,7.864129066467285,-0.06207386776804924,0.29773205518722534
164.22638607025146,0,7.881258964538574,-0.062347620725631714,0.2981051206588745
164.2597041130066,0,7.880309104919434,-0.06203240901231766,0.297867089509964
164.29302191734314,0,7.875340461730957,-0.062014319002628326,0.2973518371582031
164.3263397216797,0,7.859982490539551,-0.06300713121891022,0.29738402366638184
164.3596568107605,0,7.887147903442383,-0.06262962520122528,0.29952746629714966
164.39297366142273,0,7.8716936111450195,-0.06243938207626343,0.2989431619644165
164.4262900352478,0,7.899628162384033,-0.06263916939496994,0.29937249422073364
164.45960640907288,0,7.894656658172607,-0.06208387017250061,0.2984301447868347
164.4929232597351,0,7.875714302062988,-0.06235361099243164,0.2980148196220398
164.52624654769897,0,7.8608078956604,-0.06185947358608246,0.2976190447807312
164.55956983566284,0,7.871415138244629,-0.06205815076828003,0.29782938957214355
164.59289264678955,0,7.884349346160889,-0.061954066157341,0.2982500195503235
164.62621521949768,0,7.877587795257568,-0.062014199793338776,0.2974069118499756
164.65953707695007,0,7.8948540687561035,-0.0626906007528305,0.29849478602409363
164.69285917282104,0,7.88905143737793,-0.06294237077236176,0.298126220703125
164.72618079185486,0,7.880539417266846,-0.062490954995155334,0.29785025119781494
164.75950169563293,0,7.886507987976074,-0.06252806633710861,0.2985566258430481
164.792822599411,0,7.912375450134277,-0.06285668909549713,0.29966074228286743
164.82614302635193,0,7.879570960998535,-0.0618293397128582,0.29778289794921875
164.85946345329285,0,7.884669780731201,-0.06207365170121193,0.2972182333469391
164.89278316497803,0,7.8640522956848145,-0.06189467012882233,0.29716211557388306
164.9261028766632,0,7.915491104125977,-0.06285972893238068,0.2996364235877991
164.95942187309265,0,7.903383255004883,-0.062465131282806396,0.2991020381450653
164.9927408695221,0,7.86180305480957,-0.06168701872229576,0.2971841096878052
165.02605938911438,0,7.866277694702148,-0.06193901225924492,0.29699668288230896
165.0593774318695,0,7.890065670013428,-0.06235581636428833,0.29813212156295776
165.09269547462463,0,7.894502639770508,-0.06206444278359413,0.29831916093826294
165.1260130405426,0,7.886055946350098,-0.06190355122089386,0.2977915406227112
165.1593301296234,0,7.892609596252441,-0.06224168464541435,0.2983264923095703
165.19264698028564,0,7.903944969177246,-0.06270774453878403,0.29810822010040283
165.2259635925293,0,7.909379959106445,-0.06297014653682709,0.29831361770629883
165.2592797279358,0,7.897377967834473,-0.062159836292266846,0.2980172038078308
165.29259586334229,0,7.886746406555176,-0.06270883232355118,0.2980351448059082
165.32591152191162,0,7.874996185302734,-0.06201804429292679,0.2978198528289795
165.3592267036438,0,7.852750778198242,-0.06192558631300926,0.2965030372142792
165.3925416469574,0,7.866159915924072,-0.06218060478568077,0.29765909910202026
165.42585611343384,0,7.8782243728637695,-0.06221295893192291,0.29776787757873535
165.45917057991028,0,7.876192092895508,-0.0625101774930954,0.2969028353691101
165.49248480796814,0,7.893856525421143,-0.062325600534677505,0.29833102226257324
165.52582907676697,0,7.89186954498291,-0.06274809688329697,0.2991284728050232
165.55914521217346,0,7.9077324867248535,-0.06244954466819763,0.29965513944625854
165.59246158599854,0,7.864289283752441,-0.06167387217283249,0.29737019538879395
165.6257770061493,0,7.8355631828308105,-0.06145068258047104,0.29690027236938477
165.65909242630005,0,7.8342695236206055,-0.061427462846040726,0.29673027992248535
165.69240713119507,0,7.8665595054626465,-0.06273120641708374,0.2978115677833557
165.7257215976715,0,7.86761999130249,-0.0630856305360794,0.2975147068500519
165.7590355873108,0,7.850223541259766,-0.06212420389056206,0.29677823185920715
165.7923493385315,0,7.8881940841674805,-0.06266605108976364,0.2983074188232422
165.82566261291504,0,7.8850860595703125,-0.06241346523165703,0.29816141724586487
165.85897564888,0,7.872124195098877,-0.06196782737970352,0.2977926433086395
165.8922884464264,0,7.8571062088012695,-0.06236780062317848,0.2984413504600525
165.92560052871704,0,7.875432968139648,-0.0626131147146225,0.29890185594558716
165.9589123725891,0,7.890598297119141,-0.0624239519238472,0.29911357164382935
165.9922239780426,0,7.891898155212402,-0.06246563792228699,0.2990310490131378
166.02553486824036,0,7.946377277374268,-0.06300541758537292,0.30142951011657715
166.05884552001953,0,7.929113864898682,-0.06235063076019287,0.3004090189933777
166.09215569496155,0,7.919469833374023,-0.06253503262996674,0.2999187409877777
166.12546586990356,0,7.911041259765625,-0.06205270439386368,0.2994127571582794
166.15877532958984,0,7.900219917297363,-0.06225162744522095,0.2988084554672241
166.19208455085754,0,7.890829086303711,-0.06137605756521225,0.2981249690055847
166.2253932952881,0,7.867020606994629,-0.0613180473446846,0.2983357310295105
166.25870203971863,0,7.866477966308594,-0.062138862907886505,0.2984386682510376
166.29200983047485,0,7.874385833740234,-0.06244142726063728,0.29798516631126404
166.32531762123108,0,7.883831977844238,-0.061977505683898926,0.29766130447387695
166.35862469673157,0,7.873985767364502,-0.06186811625957489,0.29722219705581665
166.39193177223206,0,7.873526573181152,-0.062110692262649536,0.29692912101745605
166.42523837089539,0,7.887419700622559,-0.061933331191539764,0.29794546961784363
166.45854449272156,0,7.859287738800049,-0.06191396340727806,0.2967814803123474
166.49185037612915,0,7.870677947998047,-0.06197371333837509,0.29752957820892334
166.52515649795532,0,7.862464904785156,-0.06163671985268593,0.29706287384033203
166.55848002433777,0,7.867905616760254,-0.06198306381702423,0.2970084547996521
166.59180331230164,0,7.855353355407715,-0.062178172171115875,0.2970813512802124
166.62512636184692,0,7.855424404144287,-0.062167875468730927,0.29681697487831116
166.65844869613647,0,7.854712963104248,-0.06184253841638565,0.2969534993171692
166.69177103042603,0,7.843966484069824,-0.06162663921713829,0.29690343141555786
166.725093126297,0,7.8432512283325195,-0.06154854968190193,0.29628604650497437
166.7584147453308,0,7.885519027709961,-0.06179124861955643,0.29769203066825867
166.79173612594604,0,7.885392189025879,-0.06243569403886795,0.29819947481155396
166.8250572681427,0,7.884448051452637,-0.06215313822031021,0.29792797565460205
166.85837769508362,0,7.917576789855957,-0.06301000714302063,0.29887422919273376
166.89169812202454,0,7.87345027923584,-0.06292569637298584,0.29705291986465454
166.9250180721283,0,7.88406229019165,-0.06254024803638458,0.29745155572891235
166.95833778381348,0,7.8508501052856445,-0.061413995921611786,0.29627493023872375
166.99165725708008,0,7.847845077514648,-0.0614999458193779,0.296589732170105
167.02497601509094,0,7.907963752746582,-0.06277681887149811,0.29942986369132996
167.05829501152039,0,7.879935264587402,-0.06203165650367737,0.29826849699020386
167.0916132926941,0,7.866411209106445,-0.06176217272877693,0.29738813638687134
167.12493133544922,0,7.886836528778076,-0.062072619795799255,0.2978450357913971
167.15824937820435,0,7.872457504272461,-0.061235345900058746,0.29758453369140625
167.19156670570374,0,7.881694316864014,-0.06141620874404907,0.2977824807167053
167.22488379478455,0,7.85127067565918,-0.06115720421075821,0.29643386602401733
167.2582004070282,0,7.818878173828125,-0.06080009043216705,0.2951827049255371
167.29151678085327,0,7.834637641906738,-0.060754403471946716,0.2956326901912689
167.32483315467834,0,7.841355800628662,-0.061117880046367645,0.2962253987789154
167.35814905166626,0,7.832695007324219,-0.06117859482765198,0.2956234812736511
167.39146447181702,0,7.812729835510254,-0.06184520199894905,0.2956717610359192
167.4247796535492,0,7.872063636779785,-0.06233445554971695,0.2978980243206024
167.4580945968628,0,7.860963344573975,-0.062276244163513184,0.29779142141342163
167.49140906333923,0,7.880856513977051,-0.06173347681760788,0.29795387387275696
167.52472376823425,0,7.887057781219482,-0.06287464499473572,0.29724472761154175
167.55805706977844,0,7.901777267456055,-0.062184467911720276,0.29798194766044617
167.5913906097412,0,7.907096862792969,-0.06262585520744324,0.2981605529785156
167.62509274482727,0,7.949500560760498,-0.0634501576423645,0.299993634223938
167.65879726409912,0,7.876547813415527,-0.06245678663253784,0.29597359895706177
167.69250345230103,0,7.8577880859375,-0.06244206428527832,0.29584068059921265
167.72621178627014,0,7.845639228820801,-0.06234763562679291,0.2953561544418335
167.75992226600647,0,7.852384567260742,-0.06265154480934143,0.2956201434135437
167.79363465309143,0,7.866538047790527,-0.06232178956270218,0.29609179496765137
167.8273491859436,0,7.815496444702148,-0.06186728924512863,0.2937175929546356
167.861065864563,0,7.847718238830566,-0.06249033287167549,0.2945922017097473
167.894784450531,0,7.8840718269348145,-0.06392168253660202,0.2960132360458374
167.92850518226624,0,7.818124771118164,-0.06229235976934433,0.29437848925590515
167.96222805976868,0,7.833738327026367,-0.06293287128210068,0.29499351978302
167.99595284461975,0,7.847968101501465,-0.06179220229387283,0.29531410336494446
168.02967977523804,0,7.8281755447387695,-0.062060657888650894,0.2953009605407715
168.06340885162354,0,7.842445373535156,-0.06254194676876068,0.29654568433761597
168.09713983535767,0,7.882116317749023,-0.06320691853761673,0.29750311374664307
168.1308732032776,0,7.886161804199219,-0.06284430623054504,0.29679521918296814
168.16460824012756,0,7.903439044952393,-0.06390310823917389,0.2978830933570862
168.19834542274475,0,7.91840124130249,-0.06539289653301239,0.2977631986141205
168.23208475112915,0,7.944265365600586,-0.06512358039617538,0.29975342750549316
168.26582598686218,0,7.933871746063232,-0.06416310369968414,0.2999078929424286
168.29956936836243,0,7.889721870422363,-0.06364881992340088,0.29732030630111694
168.33331489562988,0,7.840751647949219,-0.061500903218984604,0.29610639810562134
168.36706256866455,0,7.851797103881836,-0.06198767572641373,0.2961311340332031
168.40081214904785,0,7.817895889282227,-0.062043242156505585,0.2943176031112671
168.43456387519836,0,7.812170028686523,-0.06161755323410034,0.29507216811180115
168.4683175086975,0,7.870143890380859,-0.0628751888871193,0.29764848947525024
168.50207328796387,0,7.88558292388916,-0.06312096118927002,0.29827356338500977
168.53583121299744,0,7.886251926422119,-0.06252208352088928,0.29719796776771545
168.56959104537964,0,7.908822536468506,-0.06359685957431793,0.29848581552505493
168.6033434867859,0,7.910444259643555,-0.06426025927066803,0.29834914207458496
168.63662576675415,0,7.842020511627197,-0.06327621638774872,0.2955835461616516
168.66990756988525,0,7.883790969848633,-0.06312096863985062,0.2977820038795471
168.70318865776062,0,7.875343322753906,-0.062286626547575,0.2978488802909851
168.73646903038025,0,7.881044864654541,-0.06312688440084457,0.29883718490600586
168.7697491645813,0,7.89362907409668,-0.06274052709341049,0.29884564876556396
168.80302810668945,0,7.899737358093262,-0.06287883222103119,0.29906177520751953
168.83630681037903,0,7.9011406898498535,-0.06281691789627075,0.2991998791694641
168.86958479881287,0,7.9218549728393555,-0.06321490556001663,0.2995913624763489
168.90286207199097,0,7.914942741394043,-0.06110174581408501,0.2988860011100769
168.93613862991333,0,7.92086935043335,-0.05959204584360123,0.29932522773742676
168.96941494941711,0,7.922059535980225,-0.0590955913066864,0.29961979389190674
169.00269031524658,0,7.933764457702637,-0.05970274657011032,0.29998502135276794
169.0359649658203,0,7.890022277832031,-0.06231686472892761,0.3034650683403015
169.06923913955688,0,7.9417877197265625,-0.07004350423812866,0.31222447752952576
169.1025128364563,0,7.926394462585449,-0.07857733964920044,0.3248266577720642
169.13578534126282,0,8.020524978637695,-0.08738258481025696,0.34591954946517944
169.16905784606934,0,7.903872489929199,-0.09317594766616821,0.36162906885147095
169.20232939720154,0,7.90985107421875,-0.09874586760997772,0.3834593594074249
169.23560047149658,0,8.007461547851562,-0.10461168736219406,0.4078899919986725
169.2688708305359,0,8.036441802978516,-0.1071019098162651,0.42824357748031616
169.30214071273804,0,8.013570785522461,-0.10589258372783661,0.4409825801849365
169.33540964126587,0,8.015278816223145,-0.10227446258068085,0.453472763299942
169.36867809295654,0,8.141103744506836,-0.10061423480510712,0.46790996193885803
169.40194606781006,0,8.101821899414062,-0.09564416855573654,0.4703524112701416
169.43521308898926,0,8.149185180664062,-0.09095951914787292,0.4737975597381592
169.46847987174988,0,8.124019622802734,-0.08448293805122375,0.4711121618747711
169.50174570083618,0,8.169229507446289,-0.07938317954540253,0.4696385860443115
169.53501105308533,0,8.207571983337402,-0.07494524121284485,0.4674505591392517
169.56827569007874,0,8.228776931762695,-0.07240164279937744,0.4603148400783539
169.6015419960022,0,8.303915977478027,-0.070602647960186,0.45418450236320496
169.6348967552185,0,8.32978630065918,-0.06824493408203125,0.44397634267807007
169.66839742660522,0,8.301206588745117,-0.06698808073997498,0.427625834941864
169.70190024375916,0,8.35367202758789,-0.06670114398002625,0.4158385992050171
169.73540472984314,0,8.394793510437012,-0.06804848462343216,0.4013350009918213
169.7689118385315,0,8.408123970031738,-0.06894551217556,0.38649943470954895
169.80242085456848,0,8.344788551330566,-0.06901969015598297,0.37135547399520874
169.83593225479126,0,8.359964370727539,-0.07059495896100998,0.36207786202430725
169.8694453239441,0,8.315999984741211,-0.07068401575088501,0.35259538888931274
169.90296077728271,0,8.392964363098145,-0.07264678925275803,0.34995245933532715
169.93647837638855,0,8.428924560546875,-0.07156214118003845,0.3464336097240448
169.96999788284302,0,8.490079879760742,-0.0699668899178505,0.3453598916530609
170.00351977348328,0,8.507429122924805,-0.06773947179317474,0.3427175283432007
170.03704380989075,0,8.493671417236328,-0.06527727097272873,0.3391790986061096
170.07056951522827,0,8.483095169067383,-0.06302441656589508,0.33692479133605957
170.1040976047516,0,8.487369537353516,-0.061508744955062866,0.33541181683540344
170.1376280784607,0,8.486019134521484,-0.06031663715839386,0.33314597606658936
170.17116045951843,0,8.454885482788086,-0.05819238722324371,0.3298799693584442
170.20469498634338,0,8.457775115966797,-0.05668138712644577,0.3283132314682007
170.23823142051697,0,8.420554161071777,-0.05572351813316345,0.32549551129341125
170.27177023887634,0,8.449258804321289,-0.055715955793857574,0.3245242238044739
170.30531120300293,0,8.444208145141602,-0.0555262453854084,0.323161244392395
170.33885407447815,0,8.478580474853516,-0.05479854717850685,0.3231962323188782
170.37239933013916,0,8.553326606750488,-0.05459556728601456,0.3249830901622772
170.4059464931488,0,8.560922622680664,-0.05514862388372421,0.32388225197792053
170.43949580192566,0,8.574958801269531,-0.054941512644290924,0.32354748249053955
170.4730474948883,0,8.603965759277344,-0.05440925806760788,0.323877215385437
170.506600856781,0,8.55997371673584,-0.05264116823673248,0.32103776931762695
170.5401566028595,0,8.524076461791992,-0.05235325172543526,0.3179071545600891
170.5737144947052,0,8.52598762512207,-0.05155179277062416,0.3175208568572998
170.60727453231812,0,8.513519287109375,-0.05034995824098587,0.3168568015098572
170.64083242416382,0,8.462488174438477,-0.04905697703361511,0.31398260593414307
170.67415595054626,0,8.450090408325195,-0.048139821738004684,0.3139258027076721
170.7074794769287,0,8.475997924804688,-0.0488225519657135,0.31515341997146606
170.740802526474,0,8.484464645385742,-0.04896985739469528,0.3157370090484619
170.7741255760193,0,8.508255004882812,-0.05027886480093002,0.31626924872398376
170.80744814872742,0,8.513813018798828,-0.05108309164643288,0.31602293252944946
170.8407700061798,0,8.489324569702148,-0.05045907199382782,0.3153114914894104
170.87409210205078,0,8.482288360595703,-0.05001116544008255,0.3152976334095001
170.9074137210846,0,8.458877563476562,-0.051048070192337036,0.31321626901626587
170.94073462486267,0,8.430887222290039,-0.05106446146965027,0.3132866621017456
170.97405576705933,0,8.412056922912598,-0.05193798989057541,0.31158673763275146
171.00737619400024,0,8.463951110839844,-0.05344659090042114,0.3131365180015564
171.04069662094116,0,8.473138809204102,-0.054831527173519135,0.3144168257713318
171.07401657104492,0,8.520772933959961,-0.05609232932329178,0.31628742814064026
171.1073362827301,0,8.51230239868164,-0.05600728094577789,0.3159262537956238
171.14065551757812,0,8.466535568237305,-0.05612676218152046,0.3140333890914917
171.17397475242615,0,8.471323013305664,-0.05637001991271973,0.31421810388565063
171.20729327201843,0,8.478464126586914,-0.05616294592618942,0.31450027227401733
171.24061155319214,0,8.47226619720459,-0.05652403086423874,0.315021812915802
171.27392983436584,0,8.478944778442383,-0.0559312105178833,0.3150828778743744
171.3072476387024,0,8.463043212890625,-0.055410563945770264,0.31458187103271484
171.34056496620178,0,8.46476936340332,-0.05565400794148445,0.31461864709854126
171.3738820552826,0,8.455595970153809,-0.05559927970170975,0.3136284053325653
171.4071991443634,0,8.487588882446289,-0.0556967630982399,0.3158664107322693
171.44051551818848,0,8.465240478515625,-0.056046321988105774,0.3144876956939697
171.47383165359497,0,8.514444351196289,-0.05608358234167099,0.3162952661514282
171.50714755058289,0,8.487737655639648,-0.0565931536257267,0.3146042227745056
171.54046297073364,0,8.454235076904297,-0.056917954236269,0.31329774856567383
171.5737783908844,0,8.47578239440918,-0.05682078003883362,0.3139899671077728
171.607093334198,0,8.461102485656738,-0.05618266388773918,0.3133140802383423
171.6404094696045,0,8.486671447753906,-0.055912017822265625,0.31423696875572205
171.6737916469574,0,8.46911334991455,-0.05607936531305313,0.31346315145492554
171.7071177959442,0,8.4682035446167,-0.056029364466667175,0.31388312578201294
171.74044370651245,0,8.480387687683105,-0.056839555501937866,0.3149849772453308
171.77376914024353,0,8.443370819091797,-0.05610272288322449,0.31382596492767334
171.8070945739746,0,8.437816619873047,-0.055133476853370667,0.31364452838897705
171.84041953086853,0,8.410587310791016,-0.05602286756038666,0.31270739436149597
171.87374424934387,0,8.452796936035156,-0.05577419698238373,0.31427159905433655
171.90706872940063,0,8.445147514343262,-0.055605221539735794,0.31406188011169434
171.94039297103882,0,8.485956192016602,-0.054885927587747574,0.31557297706604004
171.97371649742126,0,8.484258651733398,-0.055819541215896606,0.3153208792209625
172.04036331176758,0,8.468125343322754,-0.05543224513530731,0.31459853053092957
172.0736861228943,0,8.475462913513184,-0.05559491738677025,0.3143307864665985
172.107008934021,0,8.478506088256836,-0.05559802055358887,0.31447723507881165
172.14033102989197,0,8.455889701843262,-0.056574635207653046,0.31390365958213806
172.17365312576294,0,8.445361137390137,-0.05616407096385956,0.313716858625412
172.20697474479675,0,8.43186092376709,-0.055577874183654785,0.3132219910621643
172.240296125412,0,8.42426872253418,-0.05565352737903595,0.31267666816711426
172.27361726760864,0,8.43454360961914,-0.055394627153873444,0.3129686117172241
172.30693793296814,0,8.446184158325195,-0.056109555065631866,0.31341445446014404
172.34025835990906,0,8.472103118896484,-0.055211059749126434,0.314957857131958
172.3735785484314,0,8.453084945678711,-0.05511301010847092,0.3143049478530884
172.40689849853516,0,8.470499038696289,-0.05527372658252716,0.3150293231010437
172.44021797180176,0,8.469538688659668,-0.05570928007364273,0.3143967390060425
172.47353720664978,0,8.483701705932617,-0.05562314763665199,0.31498780846595764
172.50685620307922,0,8.477361679077148,-0.0556371733546257,0.3149649500846863
172.5401749610901,0,8.486056327819824,-0.055712513625621796,0.31548017263412476
172.5734932422638,0,8.490751266479492,-0.05650700628757477,0.31525328755378723
172.60681128501892,0,8.456708908081055,-0.056599684059619904,0.31380751729011536
172.6401288509369,0,8.475421905517578,-0.05710534006357193,0.3145047426223755
172.67344784736633,0,8.467504501342773,-0.05677662789821625,0.314376562833786
172.70676469802856,0,8.475235939025879,-0.056461870670318604,0.3149873912334442
172.74008083343506,0,8.438690185546875,-0.05623368173837662,0.3131519556045532
172.77339673042297,0,8.452329635620117,-0.055956386029720306,0.31379908323287964
172.8067123889923,0,8.450254440307617,-0.05669277906417847,0.31386494636535645
172.8400275707245,0,8.418732643127441,-0.056822121143341064,0.3133159279823303
172.8733422756195,0,8.422471046447754,-0.056229591369628906,0.3130038380622864
172.90665650367737,0,8.422327041625977,-0.0557340569794178,0.312854528427124
172.93997049331665,0,8.44686508178711,-0.05521273612976074,0.3139495253562927
172.97328424453735,0,8.506196022033691,-0.05581836774945259,0.3161241412162781
173.0065975189209,0,8.492219924926758,-0.055652424693107605,0.31534984707832336
173.03991031646729,0,8.480817794799805,-0.055520199239254,0.31503450870513916
173.07322239875793,0,8.45062255859375,-0.05541830509901047,0.3139166533946991
173.10653448104858,0,8.482515335083008,-0.05564273148775101,0.31439632177352905
173.13984608650208,0,8.498150825500488,-0.055913787335157394,0.31576845049858093
173.1731572151184,0,8.510696411132812,-0.05605367571115494,0.3160291910171509
173.20646810531616,0,8.502853393554688,-0.05725555866956711,0.315402090549469
173.23977851867676,0,8.52491569519043,-0.056831248104572296,0.31601154804229736
173.2730884552002,0,8.501579284667969,-0.05615886300802231,0.315293550491333
173.30639815330505,0,8.472517013549805,-0.055148229002952576,0.3145686089992523
173.33970737457275,0,8.517086029052734,-0.05510333180427551,0.31579142808914185
173.3730161190033,0,8.491689682006836,-0.05518830940127373,0.314775288105011
173.40632486343384,0,8.484691619873047,-0.05587613582611084,0.3148100674152374
173.43963265419006,0,8.498112678527832,-0.05551499128341675,0.3146504759788513
173.4729404449463,0,8.488178253173828,-0.055500734597444534,0.31461301445961
173.50624752044678,0,8.430793762207031,-0.054586924612522125,0.31246238946914673
173.53955459594727,0,8.44800853729248,-0.05518823117017746,0.3134978711605072
173.57286095619202,0,8.476984977722168,-0.05529017001390457,0.31437939405441284
173.6061670780182,0,8.43935489654541,-0.05553086847066879,0.3129219114780426
173.6394727230072,0,8.442241668701172,-0.05525573343038559,0.3131113648414612
173.6727795600891,0,8.439245223999023,-0.055734455585479736,0.31248989701271057
173.70615124702454,0,8.478422164916992,-0.05562109500169754,0.31338566541671753
173.73946523666382,0,8.47502613067627,-0.05533665046095848,0.3141414523124695
173.77277851104736,0,8.475910186767578,-0.055405985563993454,0.3144868016242981
173.8060917854309,0,8.481613159179688,-0.05552258342504501,0.31490230560302734
173.8394045829773,0,8.487815856933594,-0.05632346123456955,0.31496256589889526
173.87271690368652,0,8.499408721923828,-0.056087687611579895,0.3158034384250641
173.9060287475586,0,8.512060165405273,-0.05661437660455704,0.31553247570991516
173.93934035301208,0,8.488691329956055,-0.0567237064242363,0.31448042392730713
173.972651720047,0,8.478713989257812,-0.055792152881622314,0.31528401374816895
174.00596237182617,0,8.522841453552246,-0.055984750390052795,0.31647223234176636
174.03927278518677,0,8.508609771728516,-0.05620691180229187,0.31575697660446167
174.07258248329163,0,8.49871826171875,-0.05586951971054077,0.31573230028152466
174.10589218139648,0,8.492142677307129,-0.0556655079126358,0.31524795293807983
174.1392011642456,0,8.510265350341797,-0.05540744960308075,0.3152111768722534
174.17251014709473,0,8.464385986328125,-0.054822053760290146,0.3136757016181946
174.2058184146881,0,8.440780639648438,-0.05478866770863533,0.3134530782699585
174.23912620544434,0,8.489241600036621,-0.05580244958400726,0.31531649827957153
174.27243399620056,0,8.492437362670898,-0.05640830099582672,0.3150752782821655
174.30574107170105,0,8.487659454345703,-0.05590134486556053,0.3154735565185547
174.33904767036438,0,8.488697052001953,-0.056221574544906616,0.3150222897529602
174.37235403060913,0,8.46510124206543,-0.05600479617714882,0.3142673373222351
174.40565991401672,0,8.467021942138672,-0.05587392300367355,0.31461840867996216
174.43896532058716,0,8.48481559753418,-0.056103188544511795,0.31548574566841125
174.472270488739,0,8.472009658813477,-0.055916547775268555,0.314185231924057
174.5055751800537,0,8.487668991088867,-0.05585164576768875,0.31575465202331543
174.53887939453125,0,8.518539428710938,-0.055882424116134644,0.3160225749015808
174.5721833705902,0,8.498388290405273,-0.055859506130218506,0.31562554836273193
174.605486869812,0,8.504576683044434,-0.05633879452943802,0.3154819905757904
174.63879013061523,0,8.54165267944336,-0.05645165219902992,0.3168222904205322
174.6720929145813,0,8.491464614868164,-0.05568984895944595,0.3153863549232483
174.70539665222168,0,8.481353759765625,-0.05642165243625641,0.31417277455329895
174.73872685432434,0,8.466896057128906,-0.056087709963321686,0.3143904209136963
174.77205729484558,0,8.484622955322266,-0.055413827300071716,0.3145102262496948
174.80538702011108,0,8.468757629394531,-0.05554613471031189,0.3139760494232178
174.838716506958,0,8.501502990722656,-0.05577637255191803,0.3151818513870239
174.87204599380493,0,8.465773582458496,-0.05577461048960686,0.31388038396835327
174.93870377540588,0,8.50828742980957,-0.05578266456723213,0.3150603473186493
174.9720323085785,0,8.4991455078125,-0.05546320229768753,0.3149927258491516
175.00536036491394,0,8.486185073852539,-0.05510442703962326,0.31486737728118896
175.0386884212494,0,8.528335571289062,-0.05548131838440895,0.3162754774093628
175.07201623916626,0,8.513643264770508,-0.05528862029314041,0.3157353401184082
175.10534381866455,0,8.480707168579102,-0.05475492775440216,0.3146355450153351
175.17199778556824,0,8.48121452331543,-0.05512078106403351,0.31514492630958557
175.2053244113922,0,8.481959342956543,-0.05554337054491043,0.31531816720962524
175.27197694778442,0,8.491724967956543,-0.05577728897333145,0.31557607650756836
175.30530285835266,0,8.473706245422363,-0.055358871817588806,0.3147057294845581
175.33862853050232,0,8.42860221862793,-0.055075228214263916,0.3136321008205414
175.37195372581482,0,8.44323444366455,-0.05507505312561989,0.3142792284488678
175.40527868270874,0,8.473817825317383,-0.056195419281721115,0.3151237368583679
175.43860363960266,0,8.471256256103516,-0.05653592199087143,0.3142016530036926
175.47192811965942,0,8.464893341064453,-0.05619587004184723,0.3143116235733032
175.5052523612976,0,8.423930168151855,-0.0552813857793808,0.31252774596214294
175.53857612609863,0,8.460760116577148,-0.055458106100559235,0.31394046545028687
175.57189989089966,0,8.44570255279541,-0.05591621249914169,0.3134222626686096
175.60522317886353,0,8.469038009643555,-0.05579524114727974,0.3145052492618561
175.6385464668274,0,8.464112281799316,-0.055876582860946655,0.3139091432094574
175.67186951637268,0,8.49254035949707,-0.0557912141084671,0.31527164578437805
175.70519280433655,0,8.484844207763672,-0.05625184252858162,0.31443965435028076
175.73855447769165,0,8.489134788513184,-0.05592885613441467,0.3146759867668152
175.77187585830688,0,8.529823303222656,-0.05658654123544693,0.3159676194190979
175.80519652366638,0,8.494504928588867,-0.05633396655321121,0.31452059745788574
175.83851718902588,0,8.483108520507812,-0.05603808909654617,0.3143198490142822
175.8718376159668,0,8.504759788513184,-0.05605022609233856,0.31603601574897766
175.90515756607056,0,8.477603912353516,-0.05570149049162865,0.3149445354938507
175.93847727775574,0,8.460338592529297,-0.05598863959312439,0.3131954073905945
175.97179675102234,0,8.518268585205078,-0.05610524117946625,0.31590938568115234
176.00511574745178,0,8.492497444152832,-0.056539762765169144,0.31451451778411865
176.03843450546265,0,8.456509590148926,-0.05617279186844826,0.31389498710632324
176.0717532634735,0,8.529067993164062,-0.055899959057569504,0.3169911205768585
176.10507130622864,0,8.482333183288574,-0.05558924749493599,0.31550031900405884
176.13838911056519,0,8.496667861938477,-0.055720578879117966,0.3160723149776459
176.17170691490173,0,8.50694465637207,-0.055491067469120026,0.3166113495826721
176.20502424240112,0,8.474261283874512,-0.0551925003528595,0.3152664601802826
176.23834109306335,0,8.515151977539062,-0.05562007427215576,0.31697946786880493
176.271657705307,0,8.487177848815918,-0.05567499250173569,0.31493210792541504
176.30497407913208,0,8.485370635986328,-0.05573306977748871,0.31433016061782837
176.33829045295715,0,8.47970962524414,-0.055902715772390366,0.31409788131713867
176.3716061115265,0,8.465843200683594,-0.055918850004673004,0.31387102603912354
176.40492153167725,0,8.471319198608398,-0.055697083473205566,0.31435155868530273
176.43823671340942,0,8.47285270690918,-0.05646645277738571,0.3141283094882965
176.47155165672302,0,8.445606231689453,-0.05572906509041786,0.31342774629592896
176.50486612319946,0,8.463482856750488,-0.05529768764972687,0.3142949342727661
176.5381805896759,0,8.473344802856445,-0.055887170135974884,0.3147003650665283
176.57149410247803,0,8.457022666931152,-0.05544982850551605,0.3139440715312958
176.60480785369873,0,8.454841613769531,-0.054785631597042084,0.3140193819999695
176.63812136650085,0,8.471857070922852,-0.05494045466184616,0.3140968680381775
176.67143440246582,0,8.470636367797852,-0.055164214223623276,0.31440800428390503
176.7047472000122,0,8.486684799194336,-0.05494491010904312,0.3145672678947449
176.73806071281433,0,8.472275733947754,-0.05500989407300949,0.31474679708480835
176.77139544487,0,8.462133407592773,-0.05502742528915405,0.31431150436401367
176.80473017692566,0,8.46961784362793,-0.05466081202030182,0.3148694634437561
176.83806467056274,0,8.43603515625,-0.05548964440822601,0.3129810392856598
176.87139892578125,0,8.476734161376953,-0.0555558055639267,0.3143002390861511
176.9047327041626,0,8.491382598876953,-0.05572810769081116,0.3147376477718353
176.93806648254395,0,8.490886688232422,-0.05554141104221344,0.31472042202949524
176.9714000225067,0,8.518758773803711,-0.0557783804833889,0.31588321924209595
177.0047333240509,0,8.510137557983398,-0.055838026106357574,0.3159162402153015
177.03806614875793,0,8.50454330444336,-0.055466972291469574,0.3155556917190552
177.0713987350464,0,8.508153915405273,-0.05700385570526123,0.31602632999420166
177.10473132133484,0,8.515909194946289,-0.056315138936042786,0.3159324824810028
177.13806343078613,0,8.505144119262695,-0.056372106075286865,0.3154870867729187
177.17139554023743,0,8.519506454467773,-0.05616112798452377,0.31565266847610474
177.20472717285156,0,8.502528190612793,-0.055299822241067886,0.31533142924308777
177.23805856704712,0,8.460418701171875,-0.05519454553723335,0.3135969936847687
177.27138996124268,0,8.476639747619629,-0.055774375796318054,0.31426048278808594
177.3047206401825,0,8.454051971435547,-0.05560767650604248,0.313500314950943
177.3380515575409,0,8.474815368652344,-0.055704567581415176,0.31361687183380127
177.37138199806213,0,8.485647201538086,-0.05591744929552078,0.3145245611667633
177.4047122001648,0,8.504130363464355,-0.0556425079703331,0.3156566917896271
177.43804240226746,0,8.516473770141602,-0.05572087690234184,0.31621289253234863
177.47137188911438,0,8.488273620605469,-0.055912941694259644,0.3155389726161957
177.5047013759613,0,8.45706558227539,-0.05621936917304993,0.31359630823135376
177.53803062438965,0,8.48780632019043,-0.05631960928440094,0.3141031861305237
177.57135939598083,0,8.487859725952148,-0.055877022445201874,0.31492847204208374
177.60468816757202,0,8.541854858398438,-0.05699629336595535,0.31571030616760254
177.63801670074463,0,8.52181339263916,-0.056668005883693695,0.3157654404640198
177.67134499549866,0,8.497801780700684,-0.05637203902006149,0.3141879439353943
177.70467281341553,0,8.499380111694336,-0.055751629173755646,0.31522130966186523
177.73800134658813,0,8.463266372680664,-0.055826157331466675,0.313821405172348
177.7713544368744,0,8.496686935424805,-0.05522457882761955,0.31561022996902466
177.80468153953552,0,8.514452934265137,-0.055911991745233536,0.31597501039505005
177.8380081653595,0,8.481111526489258,-0.05506661534309387,0.314755380153656
177.8713343143463,0,8.46984577178955,-0.05561668425798416,0.3145993947982788
177.90466046333313,0,8.46557903289795,-0.05673196166753769,0.31414535641670227
177.9379861354828,0,8.468056678771973,-0.05749642476439476,0.3146861791610718
177.97131156921387,0,8.431629180908203,-0.0579020194709301,0.31340670585632324
178.00463676452637,0,8.442669868469238,-0.0579296350479126,0.3137897849082947
178.0379614830017,0,8.473950386047363,-0.058809176087379456,0.3161536157131195
178.07128620147705,0,8.457612037658691,-0.05949927121400833,0.31474053859710693
178.10461044311523,0,8.431842803955078,-0.059052690863609314,0.314055860042572
178.13793420791626,0,8.43757152557373,-0.05974024534225464,0.31403130292892456
178.17125797271729,0,8.424254417419434,-0.05938335508108139,0.3128906488418579
178.20458102226257,0,8.468404769897461,-0.05944433808326721,0.3154643177986145
178.23790431022644,0,8.459710121154785,-0.059112340211868286,0.31486985087394714
178.27122688293457,0,8.478151321411133,-0.059616804122924805,0.31611859798431396
178.3045494556427,0,8.455202102661133,-0.059712909162044525,0.3149791359901428
178.3378713130951,0,8.440431594848633,-0.0592709481716156,0.31372934579849243
178.37119340896606,0,8.426048278808594,-0.05916354060173035,0.31330597400665283
178.40451502799988,0,8.421887397766113,-0.0589282289147377,0.31315553188323975
178.43783593177795,0,8.423158645629883,-0.05892493575811386,0.31312331557273865
178.4711570739746,0,8.457454681396484,-0.05941393971443176,0.31414225697517395
178.50447750091553,0,8.437677383422852,-0.059296250343322754,0.3133801817893982
178.53779792785645,0,8.417332649230957,-0.05953659489750862,0.3130638003349304
178.5711178779602,0,8.409927368164062,-0.05893591791391373,0.3124440312385559
178.60443758964539,0,8.409632682800293,-0.05907140672206879,0.3124381899833679
178.637757062912,0,8.41744613647461,-0.05878473073244095,0.3133719861507416
178.67107629776,0,8.46117115020752,-0.05960702896118164,0.3152008056640625
178.70439505577087,0,8.442312240600586,-0.05935714393854141,0.31413933634757996
178.73771333694458,0,8.466344833374023,-0.059760235249996185,0.31510496139526367
178.7710325717926,0,8.431829452514648,-0.05922078341245651,0.31380540132522583
178.8043496608734,0,8.472402572631836,-0.05975182726979256,0.31541138887405396
178.83766651153564,0,8.476289749145508,-0.05979008227586746,0.3155450224876404
178.87098288536072,0,8.481063842773438,-0.059778109192848206,0.3155719041824341
178.9042990207672,0,8.470438003540039,-0.05979730933904648,0.31537818908691406
178.93761467933655,0,8.426870346069336,-0.059340447187423706,0.3133980631828308
178.97093033790588,0,8.453996658325195,-0.05963974446058273,0.31447315216064453
179.00424551963806,0,8.439888000488281,-0.059326522052288055,0.31389254331588745
179.03756022453308,0,8.4964599609375,-0.060086291283369064,0.31577688455581665
179.07087445259094,0,8.516683578491211,-0.059891633689403534,0.31685155630111694
179.10418844223022,0,8.480415344238281,-0.0597144216299057,0.3154919147491455
179.13750219345093,0,8.487591743469238,-0.060114532709121704,0.3155193328857422
179.17081546783447,0,8.445661544799805,-0.05959735065698624,0.3140529990196228
179.20412850379944,0,8.451157569885254,-0.05959945172071457,0.31434130668640137
179.23744130134583,0,8.446319580078125,-0.060088206082582474,0.31409162282943726
179.27075338363647,0,8.461305618286133,-0.060095205903053284,0.3151562809944153
179.30406522750854,0,8.46879768371582,-0.06009870395064354,0.3156886100769043
179.33737707138062,0,8.440850257873535,-0.05934707820415497,0.31444764137268066
179.37068819999695,0,8.448602676391602,-0.059265270829200745,0.31374651193618774
179.4039990901947,0,8.467220306396484,-0.059515707194805145,0.31467264890670776
179.4373095035553,0,8.422918319702148,-0.058963529765605927,0.31322476267814636
179.4706199169159,0,8.412229537963867,-0.05887734144926071,0.3125302493572235
179.50392985343933,0,8.43297004699707,-0.05841729789972305,0.313351571559906
179.53723907470703,0,8.425115585327148,-0.058602213859558105,0.31308454275131226
179.57054829597473,0,8.460127830505371,-0.059088051319122314,0.31542104482650757
179.60385704040527,0,8.444729804992676,-0.05930018424987793,0.31436488032341003
179.63716554641724,0,8.48237133026123,-0.05929678678512573,0.3163347840309143
179.67047357559204,0,8.453042030334473,-0.058926403522491455,0.31454944610595703
179.70378136634827,0,8.459524154663086,-0.05933545157313347,0.31496697664260864
179.73708868026733,0,8.44283676147461,-0.05904091149568558,0.31368952989578247
179.77039670944214,0,8.498434066772461,-0.05956032872200012,0.3159524202346802
179.8037233352661,0,8.43765926361084,-0.058971889317035675,0.3136904835700989
179.83705019950867,0,8.470793724060059,-0.05996143817901611,0.3159107565879822
179.87037634849548,0,8.476791381835938,-0.0600549653172493,0.31543028354644775
179.90370225906372,0,8.449169158935547,-0.059758152812719345,0.3144516944885254
179.9370276927948,0,8.406595230102539,-0.05924807861447334,0.31255584955215454
179.97035312652588,0,8.419635772705078,-0.05921139568090439,0.3128966689109802
180.00367832183838,0,8.46922492980957,-0.05983597785234451,0.31491270661354065
180.03700304031372,0,8.426729202270508,-0.059324540197849274,0.3136003017425537
180.07032752037048,0,8.463547706604004,-0.059825122356414795,0.31514689326286316
180.10365176200867,0,8.451454162597656,-0.05927849933505058,0.31482893228530884
180.1369755268097,0,8.437532424926758,-0.05886782333254814,0.31416958570480347
180.17029905319214,0,8.445621490478516,-0.05841253697872162,0.3141712248325348
180.20362257957458,0,8.476030349731445,-0.05924585461616516,0.31548550724983215
180.23694562911987,0,8.480934143066406,-0.059505999088287354,0.31554216146469116
180.27026844024658,0,8.46700668334961,-0.06004926934838295,0.31476449966430664
180.30359077453613,0,8.47658920288086,-0.059772755950689316,0.3164033889770508
180.3369128704071,0,8.4640531539917,-0.05973279848694801,0.31727832555770874
180.37023496627808,0,8.425569534301758,-0.05831272900104523,0.3196054697036743
180.4035563468933,0,8.481428146362305,-0.057709258049726486,0.3257342576980591
180.43687772750854,0,8.46950912475586,-0.05528631806373596,0.33304840326309204
180.4701988697052,0,8.502141952514648,-0.052912186831235886,0.34381380677223206
180.5035195350647,0,8.491802215576172,-0.05167080834507942,0.35451653599739075
180.5368402004242,0,8.455814361572266,-0.04862833768129349,0.36486005783081055
180.57016015052795,0,8.442963600158691,-0.04541927948594093,0.3780137896537781
180.6034801006317,0,8.420031547546387,-0.04378345236182213,0.3916051387786865
180.6367998123169,0,8.459122657775879,-0.04240340739488602,0.408438116312027
180.67011904716492,0,8.497264862060547,-0.042551930993795395,0.4245327115058899
180.70343804359436,0,8.517707824707031,-0.04387204349040985,0.4390142261981964
180.73675680160522,0,8.444181442260742,-0.044384248554706573,0.44602981209754944
180.77007579803467,0,8.464531898498535,-0.0473688468337059,0.4584479331970215
180.80341482162476,0,8.639015197753906,-0.05079853907227516,0.47480544447898865
180.83673620224,0,8.7466459274292,-0.05417237803339958,0.48423531651496887
180.8700568675995,0,8.688228607177734,-0.056660547852516174,0.4821367859840393
180.9033772945404,0,8.649106979370117,-0.05885189026594162,0.47785431146621704
180.93669748306274,0,8.668256759643555,-0.060554519295692444,0.4746755361557007
180.9700174331665,0,8.682455062866211,-0.06013809144496918,0.4686572253704071
181.00333666801453,0,8.703791618347168,-0.060443487018346786,0.46109461784362793
181.03665590286255,0,8.81527328491211,-0.05997186899185181,0.45591163635253906
181.0699746608734,0,8.883819580078125,-0.059823304414749146,0.44681215286254883
181.1032931804657,0,8.909088134765625,-0.05957842618227005,0.43461692333221436
181.1366114616394,0,8.919236183166504,-0.06073889881372452,0.42108237743377686
181.16992926597595,0,8.897794723510742,-0.06213179603219032,0.40662887692451477
181.20324659347534,0,8.92940902709961,-0.06472422927618027,0.3955497443675995
181.23656368255615,0,8.944046020507812,-0.06593893468379974,0.38489899039268494
181.26988077163696,0,9.004011154174805,-0.06904681771993637,0.3775137960910797
181.30319714546204,0,8.99203872680664,-0.07011312246322632,0.3669884204864502
181.33651328086853,0,9.041193008422852,-0.07109025120735168,0.3622523844242096
181.36982893943787,0,9.04871940612793,-0.07290899753570557,0.35597097873687744
181.4031445980072,0,9.002691268920898,-0.07270263135433197,0.3487856090068817
181.43645977973938,0,9.041620254516602,-0.07202531397342682,0.3453080952167511
181.4697744846344,0,9.0570068359375,-0.07288937270641327,0.34316617250442505
181.50308895111084,0,9.058486938476562,-0.07265336811542511,0.342054545879364
181.5364031791687,0,9.021074295043945,-0.07274565100669861,0.3401874303817749
181.5697169303894,0,9.056047439575195,-0.07330699265003204,0.34073883295059204
181.60303044319153,0,9.043785095214844,-0.07250756770372391,0.3404020667076111
181.6363434791565,0,9.02780818939209,-0.07185876369476318,0.3394791781902313
181.66965627670288,0,9.060654640197754,-0.07172457128763199,0.34027671813964844
181.7029688358307,0,9.053108215332031,-0.07056145370006561,0.33806777000427246
181.73628115653992,0,8.98745059967041,-0.06920459866523743,0.33471137285232544
181.7695927619934,0,9.00243091583252,-0.06810538470745087,0.33249783515930176
181.80290484428406,0,8.966279983520508,-0.06704044342041016,0.32977908849716187
181.8362171649933,0,9.015962600708008,-0.06621070206165314,0.3308449983596802
181.86952900886536,0,9.037282943725586,-0.06588760018348694,0.3318677842617035
181.90284061431885,0,9.069666862487793,-0.06579817831516266,0.33289164304733276
181.93615174293518,0,9.058225631713867,-0.0657830685377121,0.3327783942222595
181.96946215629578,0,9.071163177490234,-0.06568701565265656,0.3338010311126709
182.00277256965637,0,9.062785148620605,-0.0655209869146347,0.3334859609603882
182.03608226776123,0,9.08670425415039,-0.06555420160293579,0.3336808383464813
182.0693919658661,0,9.114583969116211,-0.06561809778213501,0.33432477712631226
182.1027009487152,0,9.096038818359375,-0.06545068323612213,0.3338014483451843
182.13600945472717,0,9.072097778320312,-0.06564539670944214,0.3337021470069885
182.16931772232056,0,9.07241439819336,-0.06526102125644684,0.3340629041194916
182.20262551307678,0,9.08102798461914,-0.065693199634552,0.33442628383636475
182.23593282699585,0,9.064292907714844,-0.06519237160682678,0.3337253928184509
182.26923990249634,0,8.97605037689209,-0.0655243843793869,0.33040904998779297
182.30254650115967,0,9.028204917907715,-0.06548169255256653,0.33248528838157654
182.33585238456726,0,9.0343017578125,-0.06529319286346436,0.3325127363204956
182.36915826797485,0,9.016804695129395,-0.06554736196994781,0.3320603370666504
182.4024634361267,0,9.032180786132812,-0.06511946022510529,0.33254241943359375
182.43576836585999,0,8.972381591796875,-0.06575988233089447,0.3301849961280823
182.4690728187561,0,9.054950714111328,-0.06596790999174118,0.33329564332962036
182.50237703323364,0,8.975444793701172,-0.06570987403392792,0.3304465413093567
182.53568053245544,0,9.058954238891602,-0.06569592654705048,0.33270761370658875
182.56898379325867,0,8.973381042480469,-0.06577615439891815,0.3299001455307007
182.60228657722473,0,8.94837760925293,-0.06582865118980408,0.32898998260498047
182.63558888435364,0,8.950969696044922,-0.06628173589706421,0.3294605612754822
182.66889095306396,0,8.956494331359863,-0.06668974459171295,0.3292759656906128
182.7021927833557,0,8.97787857055664,-0.06690998375415802,0.330414354801178
182.73549365997314,0,9.004881858825684,-0.066722571849823,0.3312762677669525
182.76879453659058,0,9.03956127166748,-0.06685531139373779,0.3322926163673401
182.802095413208,0,8.961368560791016,-0.06723982095718384,0.32941484451293945
182.83542346954346,0,8.952581405639648,-0.06751808524131775,0.32909172773361206
182.86873984336853,0,8.880605697631836,-0.06696245074272156,0.32668840885162354
182.90205550193787,0,8.917083740234375,-0.06684863567352295,0.3283097743988037
182.93537092208862,0,8.985907554626465,-0.06701480597257614,0.33037853240966797
182.9686861038208,0,8.970035552978516,-0.0669117122888565,0.3297014832496643
183.00200080871582,0,8.972627639770508,-0.06678584218025208,0.32904288172721863
183.03531527519226,0,8.973231315612793,-0.06655917316675186,0.32915782928466797
183.06862926483154,0,9.011489868164062,-0.0665474608540535,0.3309524655342102
183.10194277763367,0,8.98538875579834,-0.06667108088731766,0.32986363768577576
183.13525581359863,0,9.016534805297852,-0.06703448295593262,0.3310520052909851
183.1685688495636,0,8.987915992736816,-0.06654919683933258,0.33013010025024414
183.2018814086914,0,8.939605712890625,-0.06655372679233551,0.32809802889823914
183.23519372940063,0,8.950197219848633,-0.06636539101600647,0.3286678194999695
183.26850533485413,0,8.983611106872559,-0.06629332900047302,0.3293988108634949
183.30181670188904,0,8.953937530517578,-0.06596733629703522,0.3281850516796112
183.33512783050537,0,8.924938201904297,-0.06570959091186523,0.3278912305831909
183.36843848228455,0,8.978200912475586,-0.06630543619394302,0.32979267835617065
183.40174889564514,0,8.970819473266602,-0.06670087575912476,0.3301689326763153
183.43505859375,0,8.925125122070312,-0.06679332256317139,0.32874083518981934
183.46836829185486,0,8.93288803100586,-0.0662548840045929,0.32856500148773193
183.50167751312256,0,8.94683837890625,-0.06621596962213516,0.3289012908935547
183.53498649597168,0,8.942246437072754,-0.06593606621026993,0.32872092723846436
183.56829476356506,0,8.950475692749023,-0.06631862372159958,0.32932373881340027
183.60160279273987,0,8.92320728302002,-0.06588523089885712,0.32846057415008545
183.6349105834961,0,8.935354232788086,-0.06616723537445068,0.3286316394805908
183.66821789741516,0,8.9444580078125,-0.06645102798938751,0.32928138971328735
183.70152497291565,0,8.971882820129395,-0.0661262720823288,0.3304446339607239
183.73483157157898,0,8.958456039428711,-0.06638816744089127,0.3290098309516907
183.76813769340515,0,8.942129135131836,-0.06619860231876373,0.32874956727027893
183.80144357681274,0,8.967230796813965,-0.06620335578918457,0.32942068576812744
183.83474946022034,0,8.963203430175781,-0.06620122492313385,0.3291112780570984
183.8683421611786,0,8.95042896270752,-0.06592869758605957,0.3288258910179138
183.9019374847412,0,8.9678316116333,-0.06640509516000748,0.32969072461128235
183.9355354309082,0,8.927820205688477,-0.06613074243068695,0.3283917009830475
183.96913647651672,0,8.920461654663086,-0.0656098872423172,0.3282209038734436
184.0027403831482,0,8.91678237915039,-0.06534945964813232,0.32813552021980286
184.06995606422424,0,8.935171127319336,-0.06604214012622833,0.3290333151817322
184.1035680770874,0,8.925300598144531,-0.06651292741298676,0.3279399871826172
184.1371831893921,0,8.97166633605957,-0.06671471893787384,0.32969796657562256
184.17080116271973,0,8.995534896850586,-0.067055843770504,0.33060264587402344
184.20442152023315,0,8.983321189880371,-0.06649650633335114,0.3304584324359894
184.2380449771881,0,8.981156349182129,-0.06678123772144318,0.32994019985198975
184.27167129516602,0,8.983195304870605,-0.06683136522769928,0.3302478790283203
184.3052999973297,0,8.954498291015625,-0.06642019748687744,0.32936859130859375
184.33893203735352,0,8.969736099243164,-0.06635446846485138,0.32914069294929504
184.3725664615631,0,8.961648941040039,-0.06654463708400726,0.32953590154647827
184.40620398521423,0,8.961709976196289,-0.0663381963968277,0.3293268382549286
184.43984413146973,0,9.005729675292969,-0.06643697619438171,0.3310369849205017
184.47348713874817,0,8.982980728149414,-0.06650811433792114,0.32994145154953003
184.50713276863098,0,8.993228912353516,-0.06658937782049179,0.330322802066803
184.54078149795532,0,9.031771659851074,-0.06665278971195221,0.33187180757522583
184.57443284988403,0,8.976598739624023,-0.06659848988056183,0.32955804467201233
184.60808730125427,0,8.968694686889648,-0.06638777256011963,0.3293978273868561
184.64174437522888,0,8.963699340820312,-0.06654447317123413,0.3296622037887573
184.67540407180786,0,8.974855422973633,-0.06658652424812317,0.32975882291793823
184.70906686782837,0,8.971426963806152,-0.06657318770885468,0.32974129915237427
184.74273228645325,0,9.009553909301758,-0.06698553264141083,0.33099085092544556
184.77640080451965,0,8.961068153381348,-0.06669291853904724,0.3294092118740082
184.81007146835327,0,8.973540306091309,-0.06666074693202972,0.32963234186172485
184.84373807907104,0,8.982847213745117,-0.06674065440893173,0.3296716809272766
184.8771026134491,0,8.976977348327637,-0.066338911652565,0.32999294996261597
184.91044902801514,0,9.021604537963867,-0.06674537807703018,0.3316795229911804
184.94379544258118,0,8.98758316040039,-0.06674009561538696,0.33080530166625977
184.97714161872864,0,8.967567443847656,-0.06702440977096558,0.3302885591983795
185.01048755645752,0,8.962422370910645,-0.06743255257606506,0.3295944929122925
185.0438334941864,0,8.905900955200195,-0.06690678000450134,0.3280579149723053
185.07717943191528,0,8.867714881896973,-0.06713297963142395,0.3261184096336365
185.1105251312256,0,8.880072593688965,-0.06696128845214844,0.3264032006263733
185.1438705921173,0,8.854788780212402,-0.06702099740505219,0.32589662075042725
185.17721605300903,0,8.841314315795898,-0.06698751449584961,0.3250667452812195
185.21056151390076,0,8.955344200134277,-0.06665325909852982,0.32942044734954834
185.2439067363739,0,8.966228485107422,-0.06664951145648956,0.3296350836753845
185.27725172042847,0,8.961843490600586,-0.06674550473690033,0.3287471532821655
185.31059670448303,0,8.91183853149414,-0.06644698977470398,0.3277481198310852
185.34394145011902,0,8.905356407165527,-0.06699978560209274,0.3270018696784973
185.377286195755,0,8.922243118286133,-0.0668613389134407,0.3268333673477173
185.4106307029724,0,8.961112976074219,-0.06647752225399017,0.32783424854278564
185.44397521018982,0,8.994266510009766,-0.06685042381286621,0.32970696687698364
185.47731947898865,0,8.951501846313477,-0.06664598733186722,0.3290296494960785
185.5106635093689,0,8.951478004455566,-0.06662507355213165,0.3288734555244446
185.54400753974915,0,8.915454864501953,-0.06675541400909424,0.32809311151504517
185.5773515701294,0,8.933486938476562,-0.06733393669128418,0.3286094665527344
185.61069536209106,0,8.954360008239746,-0.06751713901758194,0.3289690613746643
185.64403891563416,0,8.952983856201172,-0.06685948371887207,0.3290897309780121
185.67738246917725,0,8.947522163391113,-0.06671079248189926,0.3296213746070862
185.71072578430176,0,8.904678344726562,-0.06642963737249374,0.32818523049354553
185.74406909942627,0,8.892755508422852,-0.0666504055261612,0.32701098918914795
185.7774121761322,0,8.892024993896484,-0.06660433113574982,0.32653847336769104
185.81075525283813,0,8.944320678710938,-0.06686609238386154,0.32928937673568726
185.8440980911255,0,8.929402351379395,-0.06724393367767334,0.32870376110076904
185.87744140625,0,8.92796516418457,-0.06695699691772461,0.3288140296936035
185.91079688072205,0,8.944992065429688,-0.06702737510204315,0.32895269989967346
185.9441521167755,0,8.955432891845703,-0.0669676885008812,0.3292846083641052
185.97750759124756,0,8.970100402832031,-0.06725605577230453,0.32927387952804565
186.01086282730103,0,8.97169303894043,-0.06692786514759064,0.3295893669128418
186.0442180633545,0,8.938375473022461,-0.06749220192432404,0.32823294401168823
186.07757329940796,0,8.942963600158691,-0.06740045547485352,0.32900238037109375
186.11092853546143,0,8.93467903137207,-0.06710797548294067,0.32865339517593384
186.1442837715149,0,8.91200065612793,-0.06686897575855255,0.32806187868118286
186.17763900756836,0,8.89639663696289,-0.06695285439491272,0.3274988830089569
186.21099400520325,0,8.943010330200195,-0.06764376163482666,0.32864439487457275
186.2443492412567,0,8.96097183227539,-0.06819946318864822,0.3289307951927185
186.2777042388916,0,8.943683624267578,-0.06750748306512833,0.3286176025867462
186.31105947494507,0,8.947510719299316,-0.06762455403804779,0.3286842107772827
186.34441447257996,0,8.972234725952148,-0.06704987585544586,0.32935982942581177
186.37776923179626,0,8.983753204345703,-0.06695953756570816,0.33001959323883057
186.41112422943115,0,8.967545509338379,-0.06735058128833771,0.3293852210044861
186.44447922706604,0,8.919069290161133,-0.067281074821949,0.3275553584098816
186.47783398628235,0,8.965152740478516,-0.06724637746810913,0.3294925093650818
186.51118898391724,0,8.961305618286133,-0.06704394519329071,0.32867586612701416
186.54454374313354,0,8.967591285705566,-0.06684906780719757,0.3289373517036438
186.57789874076843,0,8.944719314575195,-0.06676062941551208,0.32854968309402466
186.61125349998474,0,8.917020797729492,-0.06669530272483826,0.32801002264022827
186.64460825920105,0,8.921708106994629,-0.06675539910793304,0.3281572163105011
186.67796301841736,0,8.890680313110352,-0.06660938262939453,0.32675158977508545
186.71131777763367,0,8.873708724975586,-0.06690988689661026,0.32612645626068115
186.7446722984314,0,8.878988265991211,-0.06717140972614288,0.32612913846969604
186.77802681922913,0,8.937790870666504,-0.0671495646238327,0.3289068341255188
186.81138157844543,0,8.944564819335938,-0.06744559109210968,0.3288288414478302
186.84473609924316,0,8.92735481262207,-0.06742990016937256,0.32773923873901367
186.87809085845947,0,8.921411514282227,-0.0671396479010582,0.32729366421699524
186.9114532470703,0,8.951496124267578,-0.06702403724193573,0.32940393686294556
186.94480752944946,0,8.976686477661133,-0.06706996262073517,0.33027464151382446
186.9781618118286,0,8.96202278137207,-0.0670451670885086,0.3289043605327606
187.01151609420776,0,8.970222473144531,-0.06733972579240799,0.329382061958313
187.0448703765869,0,8.959150314331055,-0.06786927580833435,0.3286648988723755
187.07822465896606,0,8.940296173095703,-0.06722144782543182,0.3277706801891327
187.11157870292664,0,8.89639663696289,-0.06674247980117798,0.3265146017074585
187.1449329853058,0,8.87631607055664,-0.06720642745494843,0.3255491256713867
187.17828702926636,0,8.935524940490723,-0.06685148179531097,0.3281242251396179
187.21164083480835,0,8.957229614257812,-0.06780332326889038,0.3286707401275635
187.24499487876892,0,8.90891170501709,-0.06684143841266632,0.3272610604763031
187.2783489227295,0,8.956132888793945,-0.06645910441875458,0.329224169254303
187.31170272827148,0,8.979598999023438,-0.06702513992786407,0.32938385009765625
187.34505677223206,0,8.970211029052734,-0.0668857991695404,0.3289247155189514
187.37841033935547,0,8.955142974853516,-0.06676508486270905,0.3289108872413635
187.41176414489746,0,8.94076919555664,-0.06679029762744904,0.3286076486110687
187.44511795043945,0,8.948636054992676,-0.06664562225341797,0.32875701785087585
187.47847175598145,0,8.962825775146484,-0.06729336082935333,0.32896289229393005
187.51182532310486,0,8.956602096557617,-0.06754407286643982,0.3290230631828308
187.54517889022827,0,8.971307754516602,-0.06708632409572601,0.329439252614975
187.57853245735168,0,8.943078994750977,-0.06760366261005402,0.32857030630111694
187.6118860244751,0,8.966351509094238,-0.06796915829181671,0.32918012142181396
187.6452395915985,0,8.924763679504395,-0.0677967444062233,0.3278586268424988
187.67859315872192,0,8.972111701965332,-0.06759391725063324,0.3291207253932953
187.71194624900818,0,8.961782455444336,-0.06709903478622437,0.328918993473053
187.745299577713,0,8.979358673095703,-0.06678897142410278,0.3300371766090393
187.77865314483643,0,8.9515380859375,-0.06736668944358826,0.3287762403488159
187.81200647354126,0,8.98421859741211,-0.06747281551361084,0.3294646143913269
187.84535956382751,0,9.012092590332031,-0.06768712401390076,0.33048224449157715
187.87871265411377,0,9.015775680541992,-0.06753911077976227,0.3304325342178345
187.91206622123718,0,8.967570304870605,-0.06739513576030731,0.32915395498275757
187.94542956352234,0,8.941912651062012,-0.06733962148427963,0.3286416530609131
187.9787929058075,0,8.980657577514648,-0.06736829876899719,0.3300744891166687
188.01215648651123,0,8.946937561035156,-0.06717237830162048,0.3288331627845764
188.04552006721497,0,8.961050987243652,-0.06652640551328659,0.32897672057151794
188.0788836479187,0,8.95077896118164,-0.06682848930358887,0.3293766379356384
188.11224722862244,0,8.985118865966797,-0.06710979342460632,0.3298797309398651
188.1456105709076,0,8.966598510742188,-0.06775430589914322,0.32891374826431274
188.1789743900299,0,8.924392700195312,-0.06740937381982803,0.32797735929489136
188.21233797073364,0,8.997353553771973,-0.06706279516220093,0.33069908618927
188.24570178985596,0,8.974346160888672,-0.06740221381187439,0.3297249674797058
188.2790653705597,0,8.915542602539062,-0.06730630248785019,0.32761314511299133
188.312429189682,0,8.953804016113281,-0.0670648068189621,0.3292216658592224
188.34579300880432,0,8.951659202575684,-0.06716272234916687,0.3289521038532257
188.37915682792664,0,8.992825508117676,-0.0669906809926033,0.3302854597568512
188.41252064704895,0,8.972082138061523,-0.06736615300178528,0.3295181393623352
188.44588422775269,0,8.876954078674316,-0.06727832555770874,0.3262091279029846
188.47924828529358,0,8.94409465789795,-0.0672450065612793,0.3288193941116333
188.5126121044159,0,8.902050971984863,-0.06692101806402206,0.32765042781829834
188.5459761619568,0,8.948392868041992,-0.0667087733745575,0.32917487621307373
188.5793399810791,0,8.996520042419434,-0.06652151793241501,0.33056679368019104
188.61270380020142,0,8.953332901000977,-0.06696786731481552,0.3286082148551941
188.6460678577423,0,8.986396789550781,-0.06717948615550995,0.32949551939964294
188.6794319152832,0,8.996389389038086,-0.06739236414432526,0.32977211475372314
188.71279621124268,0,9.02556037902832,-0.0672866702079773,0.3311097025871277
188.74616026878357,0,8.989561080932617,-0.06701074540615082,0.3305203914642334
188.77952432632446,0,8.975297927856445,-0.06649003177881241,0.3297516107559204
188.81288838386536,0,8.991878509521484,-0.06645648926496506,0.3304385542869568
188.84625244140625,0,8.958839416503906,-0.06623275578022003,0.329463928937912
188.87961673736572,0,8.947840690612793,-0.06588704884052277,0.32842153310775757
188.9129810333252,0,8.966537475585938,-0.06638427078723907,0.3294885456562042
188.9463427066803,0,8.992969512939453,-0.06689061969518661,0.33049795031547546
188.97968983650208,0,8.98910140991211,-0.0668860524892807,0.33052676916122437
189.01303672790527,0,8.954160690307617,-0.06706616282463074,0.3286423683166504
189.04638361930847,0,8.965473175048828,-0.06849315762519836,0.328844279050827
189.0797302722931,0,9.020929336547852,-0.06905029714107513,0.3337693214416504
189.11307668685913,0,9.038617134094238,-0.0683697760105133,0.34052005410194397
189.14642333984375,0,9.062237739562988,-0.06615689396858215,0.35318896174430847
189.1797695159912,0,9.09695816040039,-0.06515718996524811,0.3671397268772125
189.21311593055725,0,9.111590385437012,-0.06329840421676636,0.3825131356716156
189.2464621067047,0,9.077009201049805,-0.06101374328136444,0.397294819355011
189.27980828285217,0,9.098135948181152,-0.05872940644621849,0.41213956475257874
189.31315445899963,0,9.117508888244629,-0.05777387320995331,0.4277513325214386
189.34650039672852,0,9.016279220581055,-0.057486552745103836,0.43564969301223755
189.37984609603882,0,9.161521911621094,-0.059371739625930786,0.45032691955566406
189.41319179534912,0,9.29169750213623,-0.06169993430376053,0.4617261290550232
189.44653749465942,0,9.31956672668457,-0.06215326860547066,0.4653514623641968
189.47988295555115,0,9.310240745544434,-0.06377691775560379,0.4644692540168762
189.51322841644287,0,9.352737426757812,-0.06392903625965118,0.4657999277114868
189.5465738773346,0,9.360830307006836,-0.0641305074095726,0.46153584122657776
189.57991909980774,0,9.365550994873047,-0.06229535490274429,0.45787423849105835
189.6132640838623,0,9.269505500793457,-0.06057604029774666,0.45013993978500366
189.64660906791687,0,9.283113479614258,-0.059378817677497864,0.4433020353317261
189.67995405197144,0,9.354704856872559,-0.059660159051418304,0.44124770164489746
189.71329879760742,0,9.385587692260742,-0.06167170777916908,0.43625736236572266
189.7466435432434,0,9.468748092651367,-0.06371961534023285,0.43323248624801636
189.7799882888794,0,9.475275039672852,-0.06463460624217987,0.42860686779022217
189.8133327960968,0,9.51781940460205,-0.06616269052028656,0.42332470417022705
189.8466773033142,0,9.567713737487793,-0.06753961741924286,0.41972872614860535
189.88002181053162,0,9.579520225524902,-0.06985017657279968,0.41500455141067505
189.91336607933044,0,9.606497764587402,-0.0719887763261795,0.40842705965042114
189.94671058654785,0,9.653016090393066,-0.07577180862426758,0.40526798367500305
189.98005390167236,0,9.601224899291992,-0.07782153785228729,0.3974447250366211
190.01339721679688,0,9.58177375793457,-0.07964728772640228,0.39176416397094727
190.0467405319214,0,9.628108978271484,-0.0809304267168045,0.38887137174606323
190.08008360862732,0,9.584321975708008,-0.08187027275562286,0.38130173087120056
190.1134262084961,0,9.546791076660156,-0.08220480382442474,0.3756529688835144
190.14676904678345,0,9.509378433227539,-0.08330783993005753,0.37132298946380615
190.1801118850708,0,9.509313583374023,-0.08471040427684784,0.3696553409099579
190.21345448493958,0,9.549772262573242,-0.08565682917833328,0.36795756220817566
190.2467966079712,0,9.618329048156738,-0.08763966709375381,0.3696630597114563
190.2801389694214,0,9.746204376220703,-0.09118148684501648,0.3713131546974182
190.313481092453,0,9.694490432739258,-0.0928090512752533,0.36718738079071045
190.34682297706604,0,9.750246047973633,-0.0947602316737175,0.36552587151527405
190.38016510009766,0,9.706928253173828,-0.0947914868593216,0.36043137311935425
190.41350674629211,0,9.66984748840332,-0.09447753429412842,0.3576960563659668
190.446848154068,0,9.634696960449219,-0.09360536932945251,0.3551459312438965
190.48018980026245,0,9.614527702331543,-0.09240241348743439,0.35387879610061646
190.51353096961975,0,9.590682983398438,-0.09181275963783264,0.35292333364486694
190.54687237739563,0,9.600486755371094,-0.09107848256826401,0.3534623980522156
190.58021354675293,0,9.660238265991211,-0.0895862877368927,0.3553292751312256
190.61355423927307,0,9.67498779296875,-0.08911530673503876,0.35554781556129456
190.6468951702118,0,9.695384979248047,-0.08849818259477615,0.35631057620048523
190.68023562431335,0,9.616647720336914,-0.08638487756252289,0.3525274991989136
190.7135763168335,0,9.598101615905762,-0.08579452335834503,0.35200172662734985
190.74691677093506,0,9.662700653076172,-0.08592207729816437,0.35468631982803345
190.78025698661804,0,9.659679412841797,-0.08502888679504395,0.35506242513656616
190.81359720230103,0,9.63494873046875,-0.08499786257743835,0.35333868861198425
190.84693717956543,0,9.65475082397461,-0.08462778478860855,0.354015588760376
190.88027691841125,0,9.626740455627441,-0.08375157415866852,0.35347849130630493
190.91361665725708,0,9.575838088989258,-0.08338423073291779,0.35146281123161316
190.94695687294006,0,9.582414627075195,-0.08319458365440369,0.35233253240585327
190.98031544685364,0,9.564939498901367,-0.0837365984916687,0.3519200086593628
191.01366996765137,0,9.563671112060547,-0.08338174968957901,0.35166996717453003
191.04702472686768,0,9.7030668258667,-0.08417853713035583,0.3575237989425659
191.0803792476654,0,9.705425262451172,-0.084445059299469,0.3575197458267212
191.11373376846313,0,9.68710708618164,-0.08347803354263306,0.35604482889175415
191.14708852767944,0,9.732633590698242,-0.08251059055328369,0.3584078550338745
191.1804428100586,0,9.705865859985352,-0.08115678280591965,0.3575531840324402
191.21379733085632,0,9.695381164550781,-0.08055289834737778,0.3570631742477417
191.24715185165405,0,9.682254791259766,-0.08014243841171265,0.3564527630805969
191.28050637245178,0,9.694549560546875,-0.08028839528560638,0.3570902347564697
191.3138608932495,0,9.668655395507812,-0.08006638288497925,0.35616981983184814
191.34721541404724,0,9.71119499206543,-0.08086994290351868,0.35748153924942017
191.38056993484497,0,9.706579208374023,-0.08119557797908783,0.3577895164489746
191.4139244556427,0,9.677749633789062,-0.08057735860347748,0.3566818833351135
191.44727897644043,0,9.687150001525879,-0.08045876026153564,0.356623113155365
191.480633020401,0,9.700369834899902,-0.07997189462184906,0.3576986491680145
191.51398754119873,0,9.684173583984375,-0.08018702268600464,0.3570076525211334
191.54734182357788,0,9.69744873046875,-0.0804084986448288,0.3568683862686157
191.5806963443756,0,9.729118347167969,-0.08098985254764557,0.35802966356277466
191.61405062675476,0,9.707647323608398,-0.08028340339660645,0.3580601215362549
191.6474049091339,0,9.679061889648438,-0.0797564685344696,0.35701143741607666
191.68075942993164,0,9.68210506439209,-0.07981175184249878,0.3563852310180664
191.7141134738922,0,9.694475173950195,-0.08041948080062866,0.3569798469543457
191.74746775627136,0,9.714672088623047,-0.08043272793292999,0.35740137100219727
191.7808220386505,0,9.708595275878906,-0.07994312047958374,0.3576446771621704
191.81417632102966,0,9.693283081054688,-0.07975571602582932,0.35748183727264404
191.8475306034088,0,9.7034330368042,-0.07995888590812683,0.3581381142139435
191.88088488578796,0,9.697502136230469,-0.08013157546520233,0.3575606346130371
191.91423916816711,0,9.673372268676758,-0.07972892373800278,0.3561853766441345
191.9475929737091,0,9.678413391113281,-0.07992731779813766,0.3563499450683594
191.98094725608826,0,9.68258285522461,-0.07955119013786316,0.35646265745162964
192.01429986953735,0,9.721445083618164,-0.08032520115375519,0.3581996560096741
192.04765248298645,0,9.738800048828125,-0.08068208396434784,0.35854053497314453
192.0810046195984,0,9.77015495300293,-0.0822557732462883,0.3600211441516876
192.11435675621033,0,9.68729305267334,-0.08207899332046509,0.3562423884868622
192.14770913124084,0,9.65716552734375,-0.08226633071899414,0.3546953797340393
192.1810610294342,0,9.708921432495117,-0.08221030235290527,0.3565833270549774
192.21441316604614,0,9.738447189331055,-0.08241276443004608,0.3578275442123413
192.24776530265808,0,9.731329917907715,-0.08182181417942047,0.3572225272655487
192.28111696243286,0,9.700048446655273,-0.08198068290948868,0.35624393820762634
192.31446886062622,0,9.640623092651367,-0.08218785375356674,0.35361433029174805
192.347820520401,0,9.663280487060547,-0.08231775462627411,0.35471418499946594
192.38117218017578,0,9.717238426208496,-0.08180804550647736,0.3573957085609436
192.41452407836914,0,9.672120094299316,-0.08195710927248001,0.35532671213150024
192.44787526130676,0,9.685522079467773,-0.08186551928520203,0.35545697808265686
192.48122692108154,0,9.677145004272461,-0.08200253546237946,0.3553611636161804
192.51457810401917,0,9.685585021972656,-0.0813027024269104,0.3555871546268463
192.54792952537537,0,9.703645706176758,-0.08177000284194946,0.3561917543411255
192.581280708313,0,9.720721244812012,-0.08291906863451004,0.3573218584060669
192.6146318912506,0,9.700782775878906,-0.08225025981664658,0.3568217158317566
192.64798307418823,0,9.689044952392578,-0.08260168135166168,0.35602515935897827
192.68133401870728,0,9.712142944335938,-0.08210510015487671,0.3572409451007843
192.7146852016449,0,9.697422981262207,-0.081806980073452,0.3575262129306793
192.74803590774536,0,9.712739944458008,-0.08239641785621643,0.35701584815979004
192.7813868522644,0,9.719766616821289,-0.08233405649662018,0.3578464388847351
192.8147373199463,0,9.706097602844238,-0.08204403519630432,0.3568168580532074
192.84808826446533,0,9.665821075439453,-0.08139778673648834,0.355541467666626
192.88143873214722,0,9.660198211669922,-0.08172659575939178,0.35575586557388306
192.9147891998291,0,9.643600463867188,-0.08191638439893723,0.35450679063796997
192.948139667511,0,9.67529296875,-0.08175108581781387,0.35519158840179443
192.98149013519287,0,9.683758735656738,-0.08217655122280121,0.3555164933204651
193.01484751701355,0,9.643548965454102,-0.08175952732563019,0.35438770055770874
193.04820227622986,0,9.617478370666504,-0.0820208489894867,0.35253405570983887
193.08155727386475,0,9.649173736572266,-0.08189234137535095,0.3540993332862854
193.11491227149963,0,9.667545318603516,-0.08205439150333405,0.3552495837211609
193.14826703071594,0,9.705171585083008,-0.08140910416841507,0.35713499784469604
193.18162202835083,0,9.698162078857422,-0.0811796486377716,0.35768190026283264
193.21497678756714,0,9.689950942993164,-0.08174383640289307,0.3562890291213989
193.24833178520203,0,9.723740577697754,-0.08167034387588501,0.35765358805656433
193.2816867828369,0,9.709579467773438,-0.08270789682865143,0.3561698794364929
193.3150417804718,0,9.66731071472168,-0.08171112835407257,0.3549446761608124
193.3483967781067,0,9.692804336547852,-0.08164951205253601,0.3560916781425476
193.38175177574158,0,9.66673469543457,-0.08156375586986542,0.3548809885978699
193.41510677337646,0,9.716279983520508,-0.08154772222042084,0.3567827343940735
193.44846177101135,0,9.734792709350586,-0.08160608261823654,0.3571506142616272
193.48181700706482,0,9.690195083618164,-0.0817173421382904,0.35550302267074585
193.5151720046997,0,9.675750732421875,-0.08179651200771332,0.3557248115539551
193.5485270023346,0,9.699981689453125,-0.08151368796825409,0.3561711609363556
193.58188199996948,0,9.71883487701416,-0.0816011130809784,0.3564441204071045
193.6152367591858,0,9.660855293273926,-0.0815638080239296,0.35410380363464355
193.64859199523926,0,9.709709167480469,-0.08208313584327698,0.35707828402519226
193.68194699287415,0,9.708656311035156,-0.08202198892831802,0.3560231924057007
193.71530199050903,0,9.712223052978516,-0.0815391093492508,0.3567124307155609
193.7486572265625,0,9.739023208618164,-0.08153539896011353,0.3576984405517578
193.7820122241974,0,9.698881149291992,-0.08173497021198273,0.3561480641365051
193.81536722183228,0,9.732353210449219,-0.08163332939147949,0.3574162721633911
193.84872245788574,0,9.749088287353516,-0.08158251643180847,0.3580503761768341
193.88207745552063,0,9.725318908691406,-0.08160382509231567,0.3573061227798462
193.9154326915741,0,9.67584228515625,-0.0815839171409607,0.35565298795700073
193.94878768920898,0,9.653375625610352,-0.08173297345638275,0.3545260429382324
193.98214292526245,0,9.677848815917969,-0.08200250566005707,0.3553263545036316
194.01549792289734,0,9.687793731689453,-0.08202965557575226,0.3563106954097748
194.04885005950928,0,9.695823669433594,-0.08213242143392563,0.3568854331970215
194.08220219612122,0,9.67848014831543,-0.0826166570186615,0.3555602431297302
194.11555433273315,0,9.719579696655273,-0.08238546550273895,0.3570157587528229
194.1489062309265,0,9.71052360534668,-0.08242782950401306,0.3570428788661957
194.18225836753845,0,9.723333358764648,-0.08165862411260605,0.35747212171554565
194.2156105041504,0,9.694063186645508,-0.08174975216388702,0.3561030626296997
194.24896240234375,0,9.737371444702148,-0.0815514624118805,0.35748857259750366
194.2823143005371,0,9.689018249511719,-0.08151473104953766,0.3555794358253479
194.31566619873047,0,9.736717224121094,-0.08169145882129669,0.35757777094841003
194.34901809692383,0,9.690281867980957,-0.08180680125951767,0.35598236322402954
194.3823699951172,0,9.675699234008789,-0.0822402685880661,0.35543182492256165
194.41572165489197,0,9.715923309326172,-0.08169569075107574,0.3572455048561096
194.44907355308533,0,9.70223617553711,-0.0818086564540863,0.3565925061702728
194.4824254512787,0,9.697721481323242,-0.08162962645292282,0.3561592996120453
194.5157768726349,0,9.689294815063477,-0.08169673383235931,0.3559119701385498
194.54912877082825,0,9.687605857849121,-0.08195659518241882,0.3561558723449707
194.58248019218445,0,9.7077054977417,-0.08160240948200226,0.356724351644516
194.61583185195923,0,9.698990821838379,-0.08182418346405029,0.35593920946121216
194.6491837501526,0,9.713127136230469,-0.08222842216491699,0.35666054487228394
194.6825351715088,0,9.742740631103516,-0.0828438550233841,0.358654260635376
194.715886592865,0,9.69371509552002,-0.08217193186283112,0.3564786911010742
194.7492380142212,0,9.677425384521484,-0.08263641595840454,0.3553568720817566
194.78258967399597,0,9.692214965820312,-0.08230427652597427,0.35533052682876587
194.8159408569336,0,9.689065933227539,-0.082260362803936,0.3558651804924011
194.8492922782898,0,9.724872589111328,-0.08220731467008591,0.3571682274341583
194.88264393806458,0,9.671920776367188,-0.08190414309501648,0.3555537462234497
194.9159951210022,0,9.723772048950195,-0.08199194073677063,0.35767239332199097
194.9493465423584,0,9.703216552734375,-0.08195578306913376,0.35608917474746704
194.98269748687744,0,9.68217658996582,-0.08252833783626556,0.3551620841026306
195.01604890823364,0,9.69483757019043,-0.08253680169582367,0.35496050119400024
195.0493974685669,0,9.621021270751953,-0.08211565017700195,0.3521745800971985
195.08274579048157,0,9.661667823791504,-0.08194759488105774,0.3542986512184143
195.11609435081482,0,9.64116382598877,-0.08253759890794754,0.3532591760158539
195.1494424343109,0,9.643381118774414,-0.0821831002831459,0.3535573184490204
195.182790517807,0,9.643624305725098,-0.082166388630867,0.3536502718925476
195.21613836288452,0,9.691400527954102,-0.08217859268188477,0.35533419251441956
195.24948644638062,0,9.676267623901367,-0.08263973891735077,0.35478460788726807
195.28283429145813,0,9.651653289794922,-0.08254671096801758,0.35396647453308105
195.31618189811707,0,9.656394958496094,-0.08282379806041718,0.35410076379776
195.349529504776,0,9.651582717895508,-0.08244206011295319,0.3534983992576599
195.38287734985352,0,9.687971115112305,-0.0824912041425705,0.3554193377494812
195.41622471809387,0,9.673357009887695,-0.0818621814250946,0.3553440570831299
195.44957184791565,0,9.705842018127441,-0.08204981684684753,0.3556694984436035
195.482919216156,0,9.693236351013184,-0.08213554322719574,0.3552393317222595
195.51626634597778,0,9.738947868347168,-0.08210460841655731,0.3579842448234558
195.54961323738098,0,9.682974815368652,-0.08210539072751999,0.35562098026275635
195.58296036720276,0,9.66444206237793,-0.0820244625210762,0.355213463306427
195.61630725860596,0,9.66326904296875,-0.08199042081832886,0.3541621267795563
195.64965415000916,0,9.711345672607422,-0.08189453184604645,0.35663509368896484
195.6830005645752,0,9.677606582641602,-0.08202210068702698,0.35518917441368103
195.71634721755981,0,9.702442169189453,-0.0825820118188858,0.3560311794281006
195.74969363212585,0,9.720800399780273,-0.08218944072723389,0.356786847114563
195.7830400466919,0,9.680721282958984,-0.08174483478069305,0.35558292269706726
195.81638622283936,0,9.65388011932373,-0.08209925889968872,0.35436564683914185
195.84973239898682,0,9.65749740600586,-0.08238649368286133,0.3546234667301178
195.88307857513428,0,9.70908260345459,-0.0821492075920105,0.3567146062850952
195.91642451286316,0,9.69064712524414,-0.08262450993061066,0.35618507862091064
195.94977045059204,0,9.660778045654297,-0.08225326985120773,0.3547920882701874
195.98311638832092,0,9.643890380859375,-0.0821797251701355,0.35402488708496094
196.01646256446838,0,9.686858177185059,-0.08188903331756592,0.3554553985595703
196.04981756210327,0,9.677812576293945,-0.0820142924785614,0.35536038875579834
196.08317136764526,0,9.706703186035156,-0.08268611133098602,0.35622674226760864
196.11652517318726,0,9.68390941619873,-0.08267992734909058,0.3555540144443512
196.14987897872925,0,9.707475662231445,-0.08231916278600693,0.35618171095848083
196.18323278427124,0,9.674327850341797,-0.08232583105564117,0.3554384112358093
196.21658658981323,0,9.693368911743164,-0.08134767413139343,0.35621845722198486
196.24994015693665,0,9.687118530273438,-0.08155575394630432,0.3559415340423584
196.28329372406006,0,9.643261909484863,-0.08213634788990021,0.3536372184753418
196.31664729118347,0,9.651748657226562,-0.08246506750583649,0.3541669249534607
196.35000109672546,0,9.643701553344727,-0.08203934133052826,0.3538457751274109
196.3833544254303,0,9.664809226989746,-0.0821278989315033,0.35512280464172363
196.4167079925537,0,9.701303482055664,-0.08309801667928696,0.35678738355636597
196.45006155967712,0,9.702436447143555,-0.08249865472316742,0.35702091455459595
196.48341488838196,0,9.730279922485352,-0.08199824392795563,0.35803985595703125
196.51676845550537,0,9.714559555053711,-0.0819811150431633,0.35728922486305237
196.55012154579163,0,9.706709861755371,-0.08211109042167664,0.35661250352859497
196.58347511291504,0,9.695962905883789,-0.08171851187944412,0.3566325306892395
196.61682844161987,0,9.643685340881348,-0.08200034499168396,0.35365647077560425
196.6501817703247,0,9.682541847229004,-0.08199518918991089,0.35533255338668823
196.68353486061096,0,9.702131271362305,-0.08235450088977814,0.35582637786865234
196.7168881893158,0,9.680798530578613,-0.08218464255332947,0.3555082082748413
196.75024151802063,0,9.670967102050781,-0.08264276385307312,0.35487163066864014
196.78359460830688,0,9.718395233154297,-0.08208723366260529,0.3567780554294586
196.81694769859314,0,9.692279815673828,-0.08212606608867645,0.35578203201293945
196.8503007888794,0,9.676697731018066,-0.08239990472793579,0.3553316593170166
196.88365411758423,0,9.6484375,-0.08187614381313324,0.35369426012039185
196.91700720787048,0,9.698505401611328,-0.08204862475395203,0.355977863073349
196.95036005973816,0,9.737637519836426,-0.08290387690067291,0.35730767250061035
196.9837131500244,0,9.699377059936523,-0.08278881013393402,0.35609447956085205
197.0170660018921,0,9.719276428222656,-0.08248980343341827,0.3565562963485718
197.05041909217834,0,9.70258903503418,-0.08246950805187225,0.3564377427101135
197.08376789093018,0,9.671125411987305,-0.08216261118650436,0.35491514205932617
197.11711645126343,0,9.674468040466309,-0.08163637667894363,0.35609275102615356
197.15046548843384,0,9.69809341430664,-0.08217509090900421,0.356206476688385
197.1838138103485,0,9.731958389282227,-0.08185338973999023,0.35744547843933105
197.21716237068176,0,9.735567092895508,-0.08202208578586578,0.3572317957878113
197.25051069259644,0,9.73629379272461,-0.08186307549476624,0.3579672574996948
197.2838592529297,0,9.74362564086914,-0.08192000538110733,0.35753148794174194
197.31720733642578,0,9.760782241821289,-0.08197738230228424,0.35851144790649414
197.35055565834045,0,9.763303756713867,-0.08175453543663025,0.3585979640483856
197.38390350341797,0,9.745048522949219,-0.08201311528682709,0.3586375117301941
197.41725182533264,0,9.715492248535156,-0.08223038911819458,0.35722577571868896
197.45059967041016,0,9.688142776489258,-0.0822618156671524,0.35606130957603455
197.48394751548767,0,9.67510986328125,-0.08189627528190613,0.3549038767814636
197.51729536056519,0,9.680570602416992,-0.08194151520729065,0.3558204472064972
197.5506432056427,0,9.682619094848633,-0.08189614117145538,0.3564761281013489
197.58399105072021,0,9.6953125,-0.08184553682804108,0.35650891065597534
197.61733841896057,0,9.674371719360352,-0.08151909708976746,0.3553386330604553
197.6506860256195,0,9.698537826538086,-0.08169861137866974,0.3564937710762024
197.68403339385986,0,9.712671279907227,-0.0820533037185669,0.35742634534835815
197.7173810005188,0,9.748544692993164,-0.0819607526063919,0.35850122570991516
197.75072813034058,0,9.74311637878418,-0.0818246454000473,0.3576091527938843
197.78407549858093,0,9.681877136230469,-0.08224068582057953,0.355263352394104
197.81742238998413,0,9.710526466369629,-0.08221574127674103,0.35614073276519775
197.8507695198059,0,9.698074340820312,-0.0820029154419899,0.356235533952713
197.8841164112091,0,9.724878311157227,-0.08326108753681183,0.35778096318244934
197.91746354103088,0,9.696771621704102,-0.08246409147977829,0.3568134903907776
197.95081043243408,0,9.67010498046875,-0.08231715857982635,0.3555925488471985
197.9841570854187,0,9.670819282531738,-0.08235776424407959,0.355262815952301
198.01750373840332,0,9.681900978088379,-0.08178111910820007,0.3561498820781708
198.05085062980652,0,9.681373596191406,-0.0816812813282013,0.3562357425689697
198.0842044353485,0,9.702411651611328,-0.08231864869594574,0.3564910888671875
198.11755347251892,0,9.683298110961914,-0.08220569789409637,0.3559727072715759
198.1509027481079,0,9.65695858001709,-0.08225329965353012,0.3545328378677368
198.18425154685974,0,9.711740493774414,-0.08239584416151047,0.35718995332717896
198.21760034561157,0,9.72545051574707,-0.08209635317325592,0.35736626386642456
198.2509491443634,0,9.750959396362305,-0.08306220173835754,0.35888147354125977
198.28429770469666,0,9.759466171264648,-0.08283871412277222,0.3589766025543213
198.3176462650299,0,9.702886581420898,-0.08274860680103302,0.3559858798980713
198.35099458694458,0,9.697006225585938,-0.0820256769657135,0.357047438621521
198.38434314727783,0,9.742106437683105,-0.08133355528116226,0.35849854350090027
198.4176914691925,0,9.736310958862305,-0.08132849633693695,0.35871270298957825
198.4510395526886,0,9.704509735107422,-0.08162029087543488,0.3572365641593933
198.4843876361847,0,9.71777629852295,-0.08178934454917908,0.3570230007171631
198.5177357196808,0,9.701696395874023,-0.08144113421440125,0.356827974319458
198.5510835647583,0,9.674121856689453,-0.08147484064102173,0.3553144335746765
198.58443140983582,0,9.715139389038086,-0.0812569111585617,0.35709792375564575
198.61777901649475,0,9.691558837890625,-0.08082953095436096,0.35670727491378784
198.65112686157227,0,9.676347732543945,-0.08196520805358887,0.355471134185791
198.6844744682312,0,9.687644958496094,-0.08209206163883209,0.35523682832717896
198.71782183647156,0,9.687704086303711,-0.08087053894996643,0.3563816547393799
198.7511692047119,0,9.694074630737305,-0.08147774636745453,0.35705921053886414
198.7845163345337,0,9.698583602905273,-0.08162368834018707,0.35711175203323364
198.81786346435547,0,9.689725875854492,-0.08169376105070114,0.3563881814479828
198.85121083259583,0,9.724508285522461,-0.08180520683526993,0.35789230465888977
198.88455772399902,0,9.7138090133667,-0.08201442658901215,0.3587300777435303
198.91790461540222,0,9.63661003112793,-0.0826147124171257,0.35863423347473145
198.95125150680542,0,9.694206237792969,-0.08374300599098206,0.36649852991104126
198.98459815979004,0,9.73297119140625,-0.0876583456993103,0.37500253319740295
199.01794457435608,0,9.702760696411133,-0.08963710069656372,0.3832247853279114
199.0512912273407,0,9.752151489257812,-0.09367528557777405,0.3941602110862732
199.08463764190674,0,9.631643295288086,-0.09523069858551025,0.39851468801498413
199.11798882484436,0,9.667940139770508,-0.09805124998092651,0.40956711769104004
199.15134000778198,0,9.69851016998291,-0.10162514448165894,0.421079158782959
199.18469071388245,0,9.784351348876953,-0.10650254786014557,0.4358855187892914
199.2180416584015,0,9.831636428833008,-0.1082610934972763,0.44541245698928833
199.25139236450195,0,9.855274200439453,-0.1079714447259903,0.4552360773086548
199.284743309021,0,9.866086959838867,-0.10945199429988861,0.4630446434020996
199.31809377670288,0,9.88382339477539,-0.1098625659942627,0.4677274823188782
199.35144424438477,0,9.876501083374023,-0.1068672388792038,0.4704303741455078
199.38479471206665,0,9.817754745483398,-0.10419699549674988,0.4703364372253418
199.41814517974854,0,9.826652526855469,-0.10251465439796448,0.47296902537345886
199.45149540901184,0,9.887088775634766,-0.10268861800432205,0.47691020369529724
199.48484539985657,0,9.975507736206055,-0.09943890571594238,0.4817448854446411
199.51819562911987,0,10.087451934814453,-0.09778428822755814,0.48801273107528687
199.5515456199646,0,10.015321731567383,-0.09224101901054382,0.4837437868118286
199.5848958492279,0,9.970829010009766,-0.08958952128887177,0.4814932346343994
199.61824560165405,0,10.014806747436523,-0.08615688234567642,0.48294830322265625
199.65159559249878,0,10.059568405151367,-0.08338889479637146,0.4834356904029846
199.68494534492493,0,10.042351722717285,-0.08176949620246887,0.48114651441574097
199.7182948589325,0,10.058422088623047,-0.07969160377979279,0.4795365333557129
199.75164461135864,0,10.083293914794922,-0.07922324538230896,0.47619181871414185
199.78499388694763,0,10.080132484436035,-0.07841352373361588,0.4692927598953247
199.81834363937378,0,10.107804298400879,-0.07799191772937775,0.4647086262702942
199.85169291496277,0,10.049873352050781,-0.07682625949382782,0.4542868137359619
199.88504195213318,0,10.09347152709961,-0.07709841430187225,0.4486099183559418
199.91839146614075,0,10.173944473266602,-0.07788053900003433,0.44412919878959656
199.95174050331116,0,10.127201080322266,-0.07721081376075745,0.4354349970817566
199.985089302063,0,10.159923553466797,-0.07925181090831757,0.4288892149925232
200.01843857765198,0,10.172405242919922,-0.07941955327987671,0.4229513704776764
200.0517873764038,0,10.17076587677002,-0.08161617815494537,0.4177964925765991
200.08513617515564,0,10.174911499023438,-0.08188383281230927,0.4126274585723877
200.11848759651184,0,10.266700744628906,-0.08606874197721481,0.4102422595024109
200.151864528656,0,10.37386703491211,-0.0903414785861969,0.4108814001083374
200.18524193763733,0,10.325161933898926,-0.09254610538482666,0.40625399351119995
200.21861958503723,0,10.292120933532715,-0.09407545626163483,0.3989993631839752
200.25199794769287,0,10.215147018432617,-0.09469181299209595,0.39159345626831055
200.2853763103485,0,10.208964347839355,-0.0961100161075592,0.38845741748809814
200.31875491142273,0,10.174498558044434,-0.09591823071241379,0.3836284875869751
200.3521339893341,0,10.216846466064453,-0.09576264023780823,0.38183924555778503
200.38551354408264,0,10.170063972473145,-0.09548869729042053,0.3773133158683777
200.41889333724976,0,10.136096954345703,-0.09475185722112656,0.3733317255973816
200.45227360725403,0,10.204841613769531,-0.09518586099147797,0.3752174377441406
200.4856538772583,0,10.201681137084961,-0.09524218738079071,0.37417590618133545
200.51903462409973,0,10.200100898742676,-0.09527035057544708,0.37365514039993286
200.55241584777832,0,10.218103408813477,-0.09513938426971436,0.3740702271461487
200.5857970714569,0,10.170692443847656,-0.0951770693063736,0.3734287917613983
200.61917901039124,0,10.12721061706543,-0.09485823661088943,0.37268298864364624
200.65256118774414,0,10.153888702392578,-0.095304936170578,0.37441182136535645
200.68594336509705,0,10.175962448120117,-0.09544039517641068,0.3752455711364746
200.7193262577057,0,10.177705764770508,-0.09528163820505142,0.3744075298309326
200.7527093887329,0,10.185091018676758,-0.0941447764635086,0.37340712547302246
200.7860927581787,0,10.253571510314941,-0.09320858865976334,0.37505975365638733
200.81947660446167,0,10.354622840881348,-0.09111422300338745,0.3784623444080353
200.8528606891632,0,10.42247200012207,-0.09007567167282104,0.3802831768989563
200.8862452507019,0,10.36660385131836,-0.08672702312469482,0.3787029981613159
200.91963005065918,0,10.300150871276855,-0.0850181058049202,0.37614548206329346
200.95301485061646,0,10.33311653137207,-0.08490122854709625,0.37787145376205444
200.98640036582947,0,10.310087203979492,-0.08389062434434891,0.37795552611351013
201.01978611946106,0,10.248191833496094,-0.08302590996026993,0.3762795925140381
201.0531723499298,0,10.207450866699219,-0.08211462944746017,0.3753090798854828
201.08655881881714,0,10.187080383300781,-0.0816589891910553,0.37482380867004395
201.1199448108673,0,10.19095516204834,-0.0818423330783844,0.37579888105392456
201.1533124446869,0,10.22506332397461,-0.08246534317731857,0.3762173056602478
201.18668007850647,0,10.219305992126465,-0.08244021236896515,0.3757736384868622
201.22004771232605,0,10.234167098999023,-0.08261436223983765,0.3759010434150696
201.25341534614563,0,10.250066757202148,-0.08252029120922089,0.3763545751571655
201.2867829799652,0,10.265271186828613,-0.08186062425374985,0.3755810856819153
201.32015085220337,0,10.216279983520508,-0.08196111768484116,0.3742973208427429
201.3535189628601,0,10.192662239074707,-0.08172301948070526,0.37407732009887695
201.38688683509827,0,10.20556926727295,-0.08175189048051834,0.3754855692386627
201.42025470733643,0,10.16185188293457,-0.0810883641242981,0.3737633526325226
201.45362281799316,0,10.203590393066406,-0.08068884909152985,0.3742884397506714
201.48699069023132,0,10.203926086425781,-0.08075925707817078,0.3744366765022278
201.52035903930664,0,10.191086769104004,-0.07985126972198486,0.3740600347518921
201.55372738838196,0,10.162632942199707,-0.07939917594194412,0.37328559160232544
201.5870954990387,0,10.16611385345459,-0.07864562422037125,0.3732667565345764
201.620463848114,0,10.218683242797852,-0.07853005826473236,0.3746865391731262
201.6538324356079,0,10.235485076904297,-0.07884475588798523,0.3754127025604248
201.68720078468323,0,10.286580085754395,-0.07811388373374939,0.3766669034957886
201.72056913375854,0,10.31264877319336,-0.07758761942386627,0.37694251537323
201.75393772125244,0,10.33729362487793,-0.07780762016773224,0.3776697516441345
201.78730654716492,0,10.369773864746094,-0.07864020764827728,0.3791387677192688
201.8206751346588,0,10.34628677368164,-0.0781552791595459,0.3781505823135376
201.8540439605713,0,10.26794147491455,-0.07739338278770447,0.3753853142261505
201.88741254806519,0,10.303339958190918,-0.07733972370624542,0.3759985566139221
201.92078161239624,0,10.24473762512207,-0.07764992117881775,0.374061644077301
201.95415043830872,0,10.293495178222656,-0.07801706343889236,0.37595289945602417
201.98751950263977,0,10.239814758300781,-0.07798859477043152,0.37403881549835205
202.02088856697083,0,10.214641571044922,-0.077911876142025,0.37359654903411865
202.05425763130188,0,10.154401779174805,-0.0772973895072937,0.3710471987724304
202.08762669563293,0,10.20878791809082,-0.07728782296180725,0.37363600730895996
202.120995759964,0,10.199129104614258,-0.07756149023771286,0.3733951449394226
202.1543529033661,0,10.199172973632812,-0.07794580608606339,0.3728412389755249
202.18770623207092,0,10.172359466552734,-0.07801494002342224,0.3721340298652649
202.22106003761292,0,10.129131317138672,-0.07795435190200806,0.37253761291503906
202.25441360473633,0,10.166149139404297,-0.07827845215797424,0.37352073192596436
202.28776717185974,0,10.18465805053711,-0.07844050228595734,0.374012291431427
202.32112073898315,0,10.16749095916748,-0.07831639796495438,0.373845636844635
202.3544738292694,0,10.168362617492676,-0.07803674042224884,0.3730543255805969
202.38782739639282,0,10.183773040771484,-0.0782594084739685,0.37310633063316345
202.42118096351624,0,10.19528579711914,-0.07797111570835114,0.3729315996170044
202.45453429222107,0,10.185417175292969,-0.07764673233032227,0.37222129106521606
202.48788785934448,0,10.180500030517578,-0.07749339938163757,0.37142932415008545
202.52124094963074,0,10.189842224121094,-0.07798774540424347,0.3722938299179077
202.55459451675415,0,10.18008804321289,-0.07792594283819199,0.37241533398628235
202.58794784545898,0,10.13994312286377,-0.07810139656066895,0.3718128204345703
202.62130117416382,0,10.119871139526367,-0.07818912714719772,0.3715115487575531
202.65465426445007,0,10.160910606384277,-0.07852864265441895,0.3733231723308563
202.6880075931549,0,10.163115501403809,-0.07809223979711533,0.3722328245639801
202.72136092185974,0,10.169332504272461,-0.07770729809999466,0.3718718886375427
202.75471425056458,0,10.146820068359375,-0.07739904522895813,0.37085986137390137
202.78806734085083,0,10.163849830627441,-0.07731601595878601,0.37139496207237244
202.82142066955566,0,10.169699668884277,-0.0773191899061203,0.3714529871940613
202.85477375984192,0,10.183853149414062,-0.07795502245426178,0.3726028501987457
202.88812708854675,0,10.22097396850586,-0.07853533327579498,0.3742750585079193
202.92147994041443,0,10.201204299926758,-0.0785365104675293,0.3730431795120239
202.95483326911926,0,10.24876594543457,-0.07825915515422821,0.37468788027763367
202.98818635940552,0,10.289714813232422,-0.07859203219413757,0.375949501991272
203.02153944969177,0,10.296022415161133,-0.0789775550365448,0.3759721517562866
203.05489230155945,0,10.247797012329102,-0.07830576598644257,0.3742310404777527
203.0882453918457,0,10.264317512512207,-0.07904127985239029,0.37562865018844604
203.12159848213196,0,10.20015811920166,-0.0782037004828453,0.3726174831390381
203.1549515724182,0,10.199082374572754,-0.07839727401733398,0.37318509817123413
203.18832278251648,0,10.194366455078125,-0.07883801311254501,0.37370529770851135
203.2216944694519,0,10.213768005371094,-0.07891033589839935,0.3734406530857086
203.25506567955017,0,10.232582092285156,-0.07886385917663574,0.37431254982948303
203.2884373664856,0,10.178443908691406,-0.07797732949256897,0.3720802068710327
203.32180905342102,0,10.182765007019043,-0.07771450281143188,0.3725883960723877
203.35518074035645,0,10.190975189208984,-0.07809829711914062,0.37287336587905884
203.38855290412903,0,10.252530097961426,-0.07867030799388885,0.37479838728904724
203.42192459106445,0,10.211432456970215,-0.07826722413301468,0.3736675977706909
203.45529675483704,0,10.194839477539062,-0.07860525697469711,0.37367549538612366
203.48866891860962,0,10.148139953613281,-0.07849539816379547,0.37216055393218994
203.5220410823822,0,10.14682388305664,-0.07837342470884323,0.37229636311531067
203.55541348457336,0,10.195541381835938,-0.07794111967086792,0.3734537661075592
203.58878588676453,0,10.207977294921875,-0.07802323997020721,0.37366899847984314
203.62215852737427,0,10.189155578613281,-0.07794369012117386,0.37310290336608887
203.655531167984,0,10.171016693115234,-0.07750652730464935,0.37228676676750183
203.68890380859375,0,10.197582244873047,-0.07834437489509583,0.3731731176376343
203.72227668762207,0,10.186582565307617,-0.07784222066402435,0.37190520763397217
203.75564980506897,0,10.192883491516113,-0.07816214859485626,0.3725317716598511
203.7890224456787,0,10.196033477783203,-0.07832211256027222,0.3728450536727905
203.8223958015442,0,10.159893035888672,-0.07810114324092865,0.37206292152404785
203.8557689189911,0,10.16511344909668,-0.07798264175653458,0.3722998797893524
203.889142036438,0,10.167173385620117,-0.07786986231803894,0.37228143215179443
203.92251563072205,0,10.172016143798828,-0.07817080616950989,0.3730735182762146
203.9558892250061,0,10.13398551940918,-0.07766171544790268,0.3707185983657837
203.98926281929016,0,10.154783248901367,-0.07750089466571808,0.3706779479980469
204.02263617515564,0,10.230379104614258,-0.07879099249839783,0.37480881810188293
204.05601024627686,0,10.214781761169434,-0.0786365419626236,0.37398356199264526
204.0893840789795,0,10.217191696166992,-0.07853133976459503,0.37448206543922424
204.1227581501007,0,10.18537712097168,-0.07851913571357727,0.37320613861083984
204.15613174438477,0,10.15456485748291,-0.07819965481758118,0.3722434639930725
204.18950057029724,0,10.176874160766602,-0.07834087312221527,0.37270089983940125
204.22286915779114,0,10.188029289245605,-0.07841147482395172,0.3729296326637268
204.2562382221222,0,10.21971321105957,-0.07861442863941193,0.3740570545196533
204.28960728645325,0,10.281171798706055,-0.07943914830684662,0.3770117163658142
204.3229763507843,0,10.225753784179688,-0.07865164428949356,0.3747742772102356
204.35634565353394,0,10.185630798339844,-0.07845154404640198,0.3736032247543335
204.38971519470215,0,10.193790435791016,-0.07865984737873077,0.3743690252304077
204.42308449745178,0,10.164361953735352,-0.07766325771808624,0.37196797132492065
204.45645403862,0,10.175724029541016,-0.07755747437477112,0.37253230810165405
204.4898238182068,0,10.158669471740723,-0.07793285697698593,0.37265992164611816
204.52319359779358,0,10.199003219604492,-0.07888242602348328,0.3746652603149414
204.55656361579895,0,10.16165542602539,-0.07798661291599274,0.3722565770149231
204.58993363380432,0,10.165994644165039,-0.07792537659406662,0.37239670753479004
204.6233036518097,0,10.184648513793945,-0.07815346121788025,0.3728311061859131
204.65667390823364,0,10.202531814575195,-0.07812941074371338,0.3733576536178589
204.6900441646576,0,10.187758445739746,-0.07816912978887558,0.37367892265319824
204.72341465950012,0,10.124445915222168,-0.07787714898586273,0.37196528911590576
204.75678515434265,0,10.123005867004395,-0.07791806757450104,0.37218189239501953
204.79015588760376,0,10.176107406616211,-0.07854872941970825,0.3733196258544922
204.82352662086487,0,10.198261260986328,-0.07832704484462738,0.37360191345214844
204.85689759254456,0,10.213735580444336,-0.07875321805477142,0.37402963638305664
204.89026856422424,0,10.166801452636719,-0.07755475491285324,0.37169718742370605
204.92363953590393,0,10.160181045532227,-0.07803084701299667,0.37181371450424194
204.9570107460022,0,10.22050952911377,-0.07890382409095764,0.3744199872016907
204.99038219451904,0,10.209846496582031,-0.0786929577589035,0.3737891614437103
205.0237534046173,0,10.170127868652344,-0.07798025757074356,0.3721216022968292
205.05712485313416,0,10.17283821105957,-0.07765130698680878,0.3718162775039673
205.090496301651,0,10.171051025390625,-0.07778342068195343,0.3716362714767456
205.123868227005,0,10.185117721557617,-0.0781327486038208,0.3723973035812378
205.15723991394043,0,10.192151069641113,-0.07830742001533508,0.3727778196334839
205.1905996799469,0,10.181242942810059,-0.07808578014373779,0.37265732884407043
205.22395586967468,0,10.163374900817871,-0.07816861569881439,0.3725447654724121
205.25731229782104,0,10.166854858398438,-0.07801637798547745,0.37254080176353455
205.29066848754883,0,10.19803237915039,-0.07859788835048676,0.3734990954399109
205.3240246772766,0,10.22178840637207,-0.078764408826828,0.37430793046951294
205.35738110542297,0,10.221101760864258,-0.07843488454818726,0.3740960955619812
205.39073729515076,0,10.195718765258789,-0.07814951241016388,0.3733164668083191
205.42409348487854,0,10.1974515914917,-0.07831579446792603,0.37323740124702454
205.45744967460632,0,10.198318481445312,-0.0783989429473877,0.37319785356521606
205.4908058643341,0,10.208476066589355,-0.07811717689037323,0.3734602928161621
205.5241618156433,0,10.151893615722656,-0.07762312889099121,0.37185990810394287
205.5575180053711,0,10.175539016723633,-0.07805261015892029,0.3725091218948364
205.59087443351746,0,10.239215850830078,-0.07876379787921906,0.37536323070526123
205.62423038482666,0,10.234212875366211,-0.07897159457206726,0.37491029500961304
205.65758657455444,0,10.204896926879883,-0.07815583050251007,0.37277382612228394
205.69094252586365,0,10.212656021118164,-0.07813060283660889,0.3733290433883667
205.72429847717285,0,10.187458992004395,-0.07789899408817291,0.37243571877479553
205.75765442848206,0,10.1953125,-0.07825076580047607,0.3734697997570038
205.79101061820984,0,10.17041015625,-0.07825110852718353,0.3729509711265564
205.82436656951904,0,10.152671813964844,-0.07745888829231262,0.371258944272995
205.85772228240967,0,10.138212203979492,-0.07766953110694885,0.3712698817253113
205.89107823371887,0,10.14185905456543,-0.07796049118041992,0.37185102701187134
205.92443418502808,0,10.160036087036133,-0.07848294079303741,0.3732298016548157
205.95779013633728,0,10.142171859741211,-0.07778686285018921,0.37153881788253784
205.9911458492279,0,10.205506324768066,-0.0782230943441391,0.37391436100006104
206.0245018005371,0,10.212960243225098,-0.0781642347574234,0.37389928102493286
206.05785751342773,0,10.19127082824707,-0.07813771069049835,0.37366557121276855
206.09121346473694,0,10.18636703491211,-0.07805109769105911,0.3722987473011017
206.12456917762756,0,10.207788467407227,-0.07861524820327759,0.37337803840637207
206.1579248905182,0,10.180334091186523,-0.07784231007099152,0.37242433428764343
206.1912808418274,0,10.157392501831055,-0.07785113155841827,0.3710421025753021
206.2246537208557,0,10.178288459777832,-0.07816660404205322,0.37210023403167725
206.25802659988403,0,10.186376571655273,-0.07888935506343842,0.37374624609947205
206.29139971733093,0,10.184904098510742,-0.07893073558807373,0.3727686405181885
206.3247730731964,0,10.201374053955078,-0.0787186473608017,0.3733357787132263
206.35814595222473,0,10.19829273223877,-0.07882003486156464,0.3748241662979126
206.3915195465088,0,10.189586639404297,-0.07802651077508926,0.37337711453437805
206.42489290237427,0,10.204999923706055,-0.07806593924760818,0.37363067269325256
206.45826649665833,0,10.13470458984375,-0.07707103341817856,0.3710314631462097
206.4916398525238,0,10.135030746459961,-0.07743112742900848,0.37116390466690063
206.52501344680786,0,10.220565795898438,-0.07844142615795135,0.37451064586639404
206.5583872795105,0,10.194900512695312,-0.07809925824403763,0.37338680028915405
206.59176111221313,0,10.207656860351562,-0.07810231298208237,0.37363553047180176
206.6251347064972,0,10.22952651977539,-0.07845984399318695,0.3744099736213684
206.6585087776184,0,10.213766098022461,-0.0785253494977951,0.3740813434123993
206.69188284873962,0,10.205886840820312,-0.07855810225009918,0.3739170432090759
206.72525691986084,0,10.228641510009766,-0.07868774235248566,0.3745507597923279
206.75863122940063,0,10.22561264038086,-0.0785856619477272,0.37518560886383057
206.79200553894043,0,10.20634937286377,-0.0780186727643013,0.3741410970687866
206.82537961006165,0,10.228714942932129,-0.07845744490623474,0.3749173581600189
206.85875415802002,0,10.206087112426758,-0.07857605814933777,0.3729785084724426
206.8921287059784,0,10.202047348022461,-0.07858344912528992,0.3733656108379364
206.92550325393677,0,10.190130233764648,-0.07879441976547241,0.373987078666687
206.95887780189514,0,10.162530899047852,-0.07773054391145706,0.3717769980430603
206.9922525882721,0,10.18224048614502,-0.07829935103654861,0.37345588207244873
207.02562737464905,0,10.195556640625,-0.0786433145403862,0.3746337294578552
207.059002161026,0,10.162405967712402,-0.07879048585891724,0.373310923576355
207.09237718582153,0,10.153918266296387,-0.07776174694299698,0.37192773818969727
207.12575221061707,0,10.14216423034668,-0.0775146484375,0.3711909055709839
207.1591272354126,0,10.128740310668945,-0.07756872475147247,0.37148281931877136
207.19250226020813,0,10.141151428222656,-0.07803782820701599,0.3717065453529358
207.22586274147034,0,10.170347213745117,-0.07775277644395828,0.3725124001502991
207.2592258453369,0,10.170341491699219,-0.0778084546327591,0.372524619102478
207.2925889492035,0,10.20176887512207,-0.07827223837375641,0.3724861145019531
207.32595205307007,0,10.206570625305176,-0.07785928249359131,0.3732302784919739
207.35931491851807,0,10.211735725402832,-0.07803239673376083,0.3737911581993103
207.39267802238464,0,10.191035270690918,-0.07794827222824097,0.37316399812698364
207.42604112625122,0,10.180685043334961,-0.07790620625019073,0.3728504180908203
207.4594042301178,0,10.205995559692383,-0.07824245095252991,0.37276995182037354
207.49276733398438,0,10.202001571655273,-0.07841664552688599,0.37326133251190186
207.52613067626953,0,10.17375373840332,-0.07833404839038849,0.3728467524051666
207.5594937801361,0,10.144535064697266,-0.07797842472791672,0.3723107576370239
207.59285688400269,0,10.171859741210938,-0.07823025435209274,0.37273454666137695
207.62622022628784,0,10.184932708740234,-0.0784105509519577,0.37324362993240356
207.659583568573,0,10.192058563232422,-0.07844631373882294,0.3732009828090668
207.69294691085815,0,10.195816040039062,-0.07804013788700104,0.37284547090530396
207.7263102531433,0,10.182092666625977,-0.07830740511417389,0.37210994958877563
207.75967359542847,0,10.205559730529785,-0.07851449400186539,0.3736899495124817
207.7930371761322,0,10.179683685302734,-0.07774554193019867,0.3719378709793091
207.82640051841736,0,10.204446792602539,-0.07846246659755707,0.37319761514663696
207.85976386070251,0,10.172407150268555,-0.07824301719665527,0.37201035022735596
207.89312744140625,0,10.19465446472168,-0.07822426408529282,0.37318119406700134
207.92649102210999,0,10.185102462768555,-0.0777733102440834,0.37234610319137573
207.95985460281372,0,10.169028282165527,-0.0775878056883812,0.3720995783805847
207.99321818351746,0,10.180160522460938,-0.07751156389713287,0.37267908453941345
208.0265815258026,0,10.22450065612793,-0.07808544486761093,0.37448450922966003
208.05994510650635,0,10.21184253692627,-0.07828376442193985,0.3738214373588562
208.09330892562866,0,10.202733993530273,-0.07761389017105103,0.3729756474494934
208.1266725063324,0,10.237916946411133,-0.07863452285528183,0.37399089336395264
208.16003608703613,0,10.229166030883789,-0.07836994528770447,0.37393754720687866
208.19339990615845,0,10.22918701171875,-0.07877467572689056,0.37419745326042175
208.22676372528076,0,10.179692268371582,-0.07787901908159256,0.3726813793182373
208.2601249217987,0,10.166626930236816,-0.07819297909736633,0.37230581045150757
208.29348611831665,0,10.16848087310791,-0.07802855968475342,0.3724213242530823
208.32684755325317,0,10.169407844543457,-0.07794634997844696,0.37247908115386963
208.36020874977112,0,10.161484718322754,-0.07822664082050323,0.37220466136932373
208.39357018470764,0,10.165533065795898,-0.07816891372203827,0.372818261384964
208.4269313812256,0,10.181770324707031,-0.07837988436222076,0.3732854723930359
208.4602928161621,0,10.163639068603516,-0.07831566780805588,0.37285882234573364
208.49365425109863,0,10.131718635559082,-0.07829625904560089,0.37203454971313477
208.52701568603516,0,10.165451049804688,-0.07838916778564453,0.3725964426994324
208.56037735939026,0,10.150192260742188,-0.07752791792154312,0.371081680059433
208.59373879432678,0,10.136972427368164,-0.0777040421962738,0.3711812496185303
208.62710046768188,0,10.141239166259766,-0.0779777467250824,0.37180671095848083
208.6604619026184,0,10.171231269836426,-0.078159399330616,0.3721187710762024
208.6938235759735,0,10.18520736694336,-0.07832074165344238,0.3726385533809662
208.72718501091003,0,10.175264358520508,-0.07798828929662704,0.37189051508903503
208.76054692268372,0,10.154722213745117,-0.07846768200397491,0.3722008466720581
208.79390859603882,0,10.176953315734863,-0.07847487926483154,0.37267959117889404
208.82727026939392,0,10.209745407104492,-0.07861083745956421,0.37427133321762085
208.86063194274902,0,10.194978713989258,-0.07847586274147034,0.37393462657928467
208.89399361610413,0,10.191495895385742,-0.07869289070367813,0.37309521436691284
208.9273555278778,0,10.194803237915039,-0.07883477210998535,0.3738652169704437
208.9607174396515,0,10.196993827819824,-0.07865843176841736,0.37351179122924805
208.9940791130066,0,10.168680191040039,-0.07834099978208542,0.3721674382686615
209.02744126319885,0,10.183932304382324,-0.0784115418791771,0.37266290187835693
209.06080293655396,0,10.207283020019531,-0.07899770140647888,0.3749074339866638
209.09416508674622,0,10.20323371887207,-0.07873989641666412,0.3740328848361969
209.1275269985199,0,10.186389923095703,-0.07848270237445831,0.3742164969444275
209.16088891029358,0,10.208847999572754,-0.0785306990146637,0.3734530210494995
209.19425106048584,0,10.200830459594727,-0.0781867653131485,0.3734009563922882
209.22761297225952,0,10.140531539916992,-0.07734328508377075,0.37214547395706177
209.26097464561462,0,10.178716659545898,-0.07777439802885056,0.37324875593185425
209.29432439804077,0,10.129408836364746,-0.07756230235099792,0.37180882692337036
209.32767415046692,0,10.191624641418457,-0.07753895223140717,0.3763006329536438
209.36102390289307,0,10.280981063842773,-0.0770643800497055,0.3830985426902771
209.3943736553192,0,10.180122375488281,-0.0775192379951477,0.3865273594856262
209.42772316932678,0,10.243328094482422,-0.07677462697029114,0.3974562883377075
209.46107244491577,0,10.33542251586914,-0.07714062929153442,0.41255179047584534
209.49442219734192,0,10.334402084350586,-0.07620134949684143,0.42666345834732056
209.5277714729309,0,10.381038665771484,-0.07639077305793762,0.4424581527709961
209.56112098693848,0,10.505500793457031,-0.07571423053741455,0.46099281311035156
209.5944700241089,0,10.512910842895508,-0.07495053857564926,0.4731879234313965
209.6278190612793,0,10.420784950256348,-0.07374121248722076,0.4818713366985321
209.6611683368683,0,10.435696601867676,-0.07318070530891418,0.492922306060791
209.6945173740387,0,10.441157341003418,-0.07399310171604156,0.5022686719894409
209.72786617279053,0,10.481057167053223,-0.07429901510477066,0.5101327300071716
209.76121520996094,0,10.475424766540527,-0.07635881006717682,0.5145606398582458
209.79456400871277,0,10.358863830566406,-0.07786111533641815,0.5119686126708984
209.8279128074646,0,10.355741500854492,-0.07996107637882233,0.513601541519165
209.86126160621643,0,10.388423919677734,-0.08281271159648895,0.5141340494155884
209.89461016654968,0,10.372644424438477,-0.08370019495487213,0.5089865326881409
209.92795872688293,0,10.38922119140625,-0.08597829937934875,0.5053615570068359
209.9613072872162,0,10.354948043823242,-0.0861702486872673,0.5007864236831665
209.99465560913086,0,10.444466590881348,-0.08631044626235962,0.5007083415985107
210.02800393104553,0,10.376629829406738,-0.08304327726364136,0.4913104474544525
210.0613522529602,0,10.369461059570312,-0.0811796635389328,0.48741263151168823
210.09470057487488,0,10.486863136291504,-0.07853974401950836,0.48837530612945557
210.12804865837097,0,10.645023345947266,-0.07713478803634644,0.48779791593551636
210.16139674186707,0,10.761756896972656,-0.07724431157112122,0.48902180790901184
210.19474458694458,0,10.752309799194336,-0.07477650791406631,0.4848140478134155
210.22809267044067,0,10.70885181427002,-0.07390205562114716,0.47761276364326477
210.26144099235535,0,10.778678894042969,-0.0748063325881958,0.4762488901615143
210.29480123519897,0,10.824514389038086,-0.07527746260166168,0.4738568067550659
210.32816195487976,0,10.83751106262207,-0.07625431567430496,0.47285178303718567
210.36189484596252,0,10.734413146972656,-0.07697135955095291,0.4668848514556885
210.3956298828125,0,10.799440383911133,-0.08077085763216019,0.465512216091156
210.42936754226685,0,10.72088623046875,-0.08337172865867615,0.45650091767311096
210.4631073474884,0,10.852436065673828,-0.08890289068222046,0.4585040807723999
210.49684977531433,0,10.943920135498047,-0.09194055199623108,0.45952433347702026
210.5305941104889,0,10.891284942626953,-0.09024743735790253,0.4526599645614624
210.56434106826782,0,10.904134750366211,-0.0875176414847374,0.447284996509552
210.59809041023254,0,10.835848808288574,-0.08545025438070297,0.4406716823577881
210.63184213638306,0,10.772132873535156,-0.08397781848907471,0.4353981018066406
210.66559600830078,0,10.75291633605957,-0.08382914215326309,0.4332618713378906
210.6993522644043,0,10.74926471710205,-0.08563148975372314,0.43159881234169006
210.7331109046936,0,10.75218677520752,-0.08727872371673584,0.43007612228393555
210.76687216758728,0,10.808197021484375,-0.08830855786800385,0.43089717626571655
210.80063557624817,0,10.922818183898926,-0.08945117890834808,0.4341646730899811
210.83440113067627,0,10.865978240966797,-0.0897577628493309,0.42865848541259766
210.86816930770874,0,10.827439308166504,-0.0915146991610527,0.4223144054412842
210.90193963050842,0,10.87856674194336,-0.09339719265699387,0.4223325550556183
210.9357123374939,0,10.908794403076172,-0.09432733058929443,0.4212585687637329
210.96948766708374,0,10.889182090759277,-0.09492896497249603,0.41960883140563965
211.0032651424408,0,10.924810409545898,-0.09451627731323242,0.4204745590686798
211.03704500198364,0,10.93243408203125,-0.09460251033306122,0.41957783699035645
211.07082724571228,0,10.93461799621582,-0.09406335651874542,0.41879451274871826
211.1046118736267,0,10.933279037475586,-0.09338708221912384,0.4191986918449402
211.13839864730835,0,10.935934066772461,-0.0933092013001442,0.4183065891265869
211.17218804359436,0,10.852783203125,-0.09254064410924911,0.4101840853691101
211.20597958564758,0,10.912919998168945,-0.09340561181306839,0.40688514709472656
211.2397735118866,0,10.905580520629883,-0.09425497055053711,0.40468883514404297
211.2735698223114,0,11.024741172790527,-0.09491783380508423,0.4074319005012512
211.30736875534058,0,11.059206008911133,-0.09460344910621643,0.4077768921852112
211.34116005897522,0,11.044328689575195,-0.09491145610809326,0.406668484210968
211.3744821548462,0,10.915762901306152,-0.09086841344833374,0.4002428650856018
211.40780425071716,0,10.853286743164062,-0.08688385784626007,0.3984536826610565
211.44112610816956,0,10.836082458496094,-0.082667276263237,0.39868593215942383
211.4744472503662,0,10.920145034790039,-0.08060628175735474,0.40114402770996094
211.50776863098145,0,10.996707916259766,-0.08066709339618683,0.40423035621643066
211.54108905792236,0,11.038320541381836,-0.08012010157108307,0.4049190878868103
211.57440972328186,0,11.019661903381348,-0.07902699708938599,0.40373992919921875
211.60772967338562,0,11.023101806640625,-0.07905469089746475,0.4048425853252411
211.64104962348938,0,11.099140167236328,-0.07907642424106598,0.4088967442512512
211.6743688583374,0,11.089548110961914,-0.07941050827503204,0.4069253206253052
211.707688331604,0,11.09608268737793,-0.07952357828617096,0.40778985619544983
211.7410068511963,0,11.078973770141602,-0.07910145819187164,0.4079543650150299
211.77432560920715,0,11.108768463134766,-0.07936492562294006,0.4086378812789917
211.80764365196228,0,10.989953994750977,-0.07948340475559235,0.404594361782074
211.84096145629883,0,10.967376708984375,-0.07830502092838287,0.40316441655158997
211.8742790222168,0,10.940994262695312,-0.07805333286523819,0.40328919887542725
211.9075963497162,0,10.871402740478516,-0.07944455742835999,0.4009275436401367
211.94091320037842,0,10.852092742919922,-0.08195474743843079,0.39801278710365295
211.97422981262207,0,10.939714431762695,-0.08684177696704865,0.40166428685188293
212.00754594802856,0,10.8800048828125,-0.08977334201335907,0.4005383253097534
212.04086184501648,0,10.895126342773438,-0.09030895680189133,0.4007359743118286
212.07417750358582,0,10.962288856506348,-0.09276420623064041,0.40314799547195435
212.107492685318,0,10.842416763305664,-0.09095171093940735,0.3995315432548523
212.1408076286316,0,10.806943893432617,-0.09055444598197937,0.3980218172073364
212.1741223335266,0,10.761531829833984,-0.08987221121788025,0.3964216113090515
212.20743656158447,0,10.84878158569336,-0.0920972228050232,0.39842933416366577
212.24075055122375,0,10.868568420410156,-0.09177838265895844,0.3997044563293457
212.27406430244446,0,10.903191566467285,-0.09276673942804337,0.4010588228702545
212.30737781524658,0,10.99127197265625,-0.09434729814529419,0.40526700019836426
212.3406925201416,0,10.91900634765625,-0.09302903711795807,0.4024375081062317
212.37408351898193,0,10.96925163269043,-0.09375658631324768,0.4035162925720215
212.40747451782227,0,10.879812240600586,-0.09214068949222565,0.4000672996044159
212.4411792755127,0,10.868619918823242,-0.09177087992429733,0.4002348780632019
212.47488617897034,0,10.950265884399414,-0.09260252118110657,0.40269649028778076
212.5085952281952,0,10.889724731445312,-0.09202499687671661,0.4008530378341675
212.54230642318726,0,10.80614948272705,-0.0906582623720169,0.3979495167732239
212.57601952552795,0,10.826433181762695,-0.09107030928134918,0.3991352319717407
212.60973501205444,0,10.77448844909668,-0.09010475873947144,0.39752519130706787
212.643452167511,0,10.806276321411133,-0.08990475535392761,0.39789456129074097
212.67717170715332,0,10.709280014038086,-0.08862623572349548,0.3940565884113312
212.7108931541443,0,10.796639442443848,-0.0901942104101181,0.39715537428855896
212.74461698532104,0,10.853076934814453,-0.09146237373352051,0.39899659156799316
212.77834248542786,0,10.821529388427734,-0.09075889736413956,0.3987225890159607
212.81207036972046,0,10.834077835083008,-0.09072023630142212,0.39964091777801514
212.84580039978027,0,10.84576416015625,-0.09097180515527725,0.399749755859375
212.8795325756073,0,10.780319213867188,-0.08961724489927292,0.398142009973526
212.91326665878296,0,10.683292388916016,-0.0890994518995285,0.393636554479599
212.94700264930725,0,10.696420669555664,-0.08961722254753113,0.39340174198150635
212.98074102401733,0,10.712753295898438,-0.09010812640190125,0.39363688230514526
213.01448154449463,0,10.707213401794434,-0.08871674537658691,0.393710196018219
213.04822397232056,0,10.7882080078125,-0.08944130688905716,0.39607614278793335
213.0819685459137,0,10.782414436340332,-0.08905624598264694,0.39563995599746704
213.11571502685547,0,10.814565658569336,-0.0902692973613739,0.3979804515838623
213.14946389198303,0,10.820860862731934,-0.09134552627801895,0.3988306522369385
213.1832149028778,0,10.809865951538086,-0.08986925333738327,0.3983953297138214
213.21696782112122,0,10.789113998413086,-0.08858312666416168,0.3966919481754303
213.25072288513184,0,10.810949325561523,-0.08652403950691223,0.39589500427246094
213.28448009490967,0,10.727231979370117,-0.08503155410289764,0.39281362295150757
213.31823921203613,0,10.688873291015625,-0.08470328152179718,0.39131832122802734
213.3520004749298,0,10.737006187438965,-0.08631016314029694,0.3934062719345093
213.3857638835907,0,10.721160888671875,-0.0851685032248497,0.3930724263191223
213.4195213317871,0,10.7067232131958,-0.08502499759197235,0.3930463492870331
213.4529435634613,0,10.70770263671875,-0.08496302366256714,0.3928373456001282
213.48636603355408,0,10.737691879272461,-0.08612832427024841,0.39382660388946533
213.52005457878113,0,10.755813598632812,-0.08687835931777954,0.39494937658309937
213.5537450313568,0,10.74839973449707,-0.08647630363702774,0.39354097843170166
213.58743739128113,0,10.812019348144531,-0.0861591100692749,0.39549002051353455
213.6211314201355,0,10.799788475036621,-0.08512996137142181,0.3954961895942688
213.6548273563385,0,10.746549606323242,-0.08537141978740692,0.3939535915851593
213.68852543830872,0,10.743027687072754,-0.08393757045269012,0.39404773712158203
213.72222542762756,0,10.828527450561523,-0.0831618383526802,0.3984556198120117
213.75592708587646,0,10.703208923339844,-0.08297806978225708,0.3937552273273468
213.789630651474,0,10.801889419555664,-0.08371645212173462,0.39730677008628845
213.82333612442017,0,10.81309700012207,-0.08466924726963043,0.3977964520454407
213.85704350471497,0,10.774110794067383,-0.08539469540119171,0.39700910449028015
213.8907527923584,0,10.69521427154541,-0.08524513989686966,0.3932873010635376
213.92446398735046,0,10.656047821044922,-0.08653046190738678,0.3930312991142273
213.95817708969116,0,10.830215454101562,-0.08760435879230499,0.3995918035507202
213.9918918609619,0,10.800191879272461,-0.08688721060752869,0.39759233593940735
214.02560877799988,0,10.777299880981445,-0.08704640716314316,0.3966653347015381
214.0593273639679,0,10.674066543579102,-0.08648113906383514,0.39277857542037964
214.09304785728455,0,10.62244987487793,-0.08619850873947144,0.3908351957798004
214.1267704963684,0,10.71086311340332,-0.08648501336574554,0.3931724429130554
214.1604950428009,0,10.677188873291016,-0.0850120410323143,0.3914523720741272
214.19422101974487,0,10.709087371826172,-0.08554314076900482,0.3917924761772156
214.22794938087463,0,10.676319122314453,-0.08442147076129913,0.39031267166137695
214.26167917251587,0,10.748723030090332,-0.08619757741689682,0.3936939835548401
214.29541087150574,0,10.761215209960938,-0.08511897921562195,0.3942070007324219
214.32914471626282,0,10.755860328674316,-0.0855555534362793,0.39388564229011536
214.36288046836853,0,10.706647872924805,-0.08679966628551483,0.3928009569644928
214.3966178894043,0,10.75749397277832,-0.0871540904045105,0.39516961574554443
214.43035745620728,0,10.809212684631348,-0.08756965398788452,0.3974534273147583
214.4640986919403,0,10.857653617858887,-0.08762010931968689,0.39782169461250305
214.49783492088318,0,10.834526062011719,-0.08709663897752762,0.39758241176605225
214.5312855243683,0,10.767679214477539,-0.08669771254062653,0.393551766872406
214.5645294189453,0,10.75355339050293,-0.08700387179851532,0.3941667675971985
214.59777212142944,0,10.821809768676758,-0.08766758441925049,0.39721304178237915
214.63101363182068,0,10.76860237121582,-0.08697472512722015,0.39379602670669556
214.66425466537476,0,10.801122665405273,-0.08798128366470337,0.3963485360145569
214.69749450683594,0,10.780235290527344,-0.08744348585605621,0.39580169320106506
214.73073315620422,0,10.748176574707031,-0.08831672370433807,0.39531153440475464
214.76397109031677,0,10.735360145568848,-0.08872796595096588,0.39561331272125244
214.79720783233643,0,10.796518325805664,-0.0885448008775711,0.39808279275894165
214.83044362068176,0,10.742595672607422,-0.08727256953716278,0.3956793546676636
214.86367845535278,0,10.668622970581055,-0.08694396913051605,0.39380016922950745
214.8969123363495,0,10.629274368286133,-0.08608625829219818,0.39123374223709106
214.93014526367188,0,10.781730651855469,-0.08704951405525208,0.3966566324234009
214.96337723731995,0,10.748302459716797,-0.08765609562397003,0.39659544825553894
214.9966082572937,0,10.718488693237305,-0.08682821691036224,0.3949356973171234
215.02983784675598,0,10.693973541259766,-0.08557182550430298,0.393878698348999
215.0630669593811,0,10.721331596374512,-0.08660184592008591,0.39547041058540344
215.09629464149475,0,10.701051712036133,-0.08609218895435333,0.3940815329551697
215.12952184677124,0,10.66864013671875,-0.08574481308460236,0.39234328269958496
215.16274762153625,0,10.647242546081543,-0.08665314316749573,0.3916734457015991
215.19597268104553,0,10.721052169799805,-0.08612315356731415,0.3943079710006714
215.2291965484619,0,10.617027282714844,-0.08580632507801056,0.390169620513916
215.26241946220398,0,10.712841033935547,-0.08753852546215057,0.39343535900115967
215.2956416606903,0,10.641838073730469,-0.08672720193862915,0.39116358757019043
215.32886266708374,0,10.629077911376953,-0.08591139316558838,0.39036452770233154
215.36208248138428,0,10.74522590637207,-0.08660091459751129,0.3959224224090576
215.39530158042908,0,10.74069595336914,-0.0858110785484314,0.39536452293395996
215.42851948738098,0,10.740074157714844,-0.08661326766014099,0.39470911026000977
215.46173667907715,0,10.786901473999023,-0.08758029341697693,0.3967317044734955
215.49495267868042,0,10.8239164352417,-0.08778275549411774,0.398234486579895
215.52817296981812,0,10.73565673828125,-0.08682730793952942,0.3948780298233032
215.56160879135132,0,10.697602272033691,-0.08624009042978287,0.39220255613327026
215.59504437446594,0,10.735369682312012,-0.08606423437595367,0.39322972297668457
215.6286723613739,0,10.774595260620117,-0.08691763132810593,0.3944777846336365
215.6623020172119,0,10.638812065124512,-0.08662846684455872,0.38959819078445435
215.69593286514282,0,10.66158390045166,-0.08662962913513184,0.3903020918369293
215.72956490516663,0,10.653611183166504,-0.08597895503044128,0.38995689153671265
215.76319885253906,0,10.746662139892578,-0.08660715818405151,0.3928033113479614
215.7968339920044,0,10.719970703125,-0.0862426832318306,0.3930187225341797
215.8304705619812,0,10.714347839355469,-0.08602367341518402,0.39284294843673706
215.86410856246948,0,10.824268341064453,-0.087018221616745,0.3974612355232239
215.89774775505066,0,10.781539916992188,-0.08803804218769073,0.3960607647895813
215.9313886165619,0,10.814083099365234,-0.089359812438488,0.39831000566482544
215.9650309085846,0,10.815962791442871,-0.08885746449232101,0.398162305355072
215.9986743927002,0,10.740861892700195,-0.08775389939546585,0.39506369829177856
216.03231954574585,0,10.744808197021484,-0.08749628067016602,0.3959023356437683
216.06596612930298,0,10.755797386169434,-0.08787454664707184,0.39508798718452454
216.099613904953,0,10.718284606933594,-0.0867285430431366,0.3938903212547302
216.13326334953308,0,10.671682357788086,-0.08655822277069092,0.39345407485961914
216.16691398620605,0,10.621240615844727,-0.08617962896823883,0.39164721965789795
216.2005660533905,0,10.618779182434082,-0.08563760668039322,0.3906063437461853
216.23421955108643,0,10.77234172821045,-0.08745656162500381,0.3968237638473511
216.26787447929382,0,10.753747940063477,-0.0868326872587204,0.3961310386657715
216.30153107643127,0,10.765016555786133,-0.08742043375968933,0.39553123712539673
216.33518886566162,0,10.70062255859375,-0.08640893548727036,0.3930681347846985
216.36884808540344,0,10.694110870361328,-0.08645264804363251,0.39233845472335815
216.40250873565674,0,10.674843788146973,-0.08703380078077316,0.3925541639328003
216.4361708164215,0,10.723125457763672,-0.0876377671957016,0.3936454951763153
216.46983432769775,0,10.74428939819336,-0.08732680231332779,0.3943442404270172
216.50349926948547,0,10.71878433227539,-0.08660250902175903,0.3937892019748688
216.53716564178467,0,10.81243896484375,-0.08713653683662415,0.3959895968437195
216.57083320617676,0,10.73040771484375,-0.08638320863246918,0.3934077024459839
216.60449743270874,0,10.725296020507812,-0.08766065537929535,0.39447730779647827
216.63767862319946,0,10.750946044921875,-0.08801552653312683,0.395205557346344
216.6708583831787,0,10.75560188293457,-0.08805358409881592,0.39463603496551514
216.70403671264648,0,10.675786972045898,-0.08793792128562927,0.3925316631793976
216.7372133731842,0,10.731301307678223,-0.08810408413410187,0.39350730180740356
216.77038836479187,0,10.676908493041992,-0.08794382214546204,0.39157357811927795
216.80356240272522,0,10.661273956298828,-0.08663605153560638,0.39059263467788696
216.83673477172852,0,10.785306930541992,-0.0881960541009903,0.39495283365249634
216.86990523338318,0,10.775391578674316,-0.0878203883767128,0.39465200901031494
216.90307450294495,0,10.933547019958496,-0.08904248476028442,0.401412695646286
216.93624234199524,0,10.786624908447266,-0.08704482018947601,0.3961782455444336
216.96940851211548,0,10.722811698913574,-0.08732758462429047,0.39378082752227783
217.00257325172424,0,10.795865058898926,-0.08855071663856506,0.39644110202789307
217.03573656082153,0,10.81610107421875,-0.08926962316036224,0.3974987268447876
217.06889843940735,0,10.826826095581055,-0.08900664746761322,0.39768505096435547
217.1020586490631,0,10.847362518310547,-0.08864574879407883,0.39864209294319153
217.1352174282074,0,10.802034378051758,-0.08707323670387268,0.3969685435295105
217.1683747768402,0,10.707738876342773,-0.08681952953338623,0.393493115901947
217.20153045654297,0,10.700509071350098,-0.08634886890649796,0.3933636546134949
217.23468494415283,0,10.69021987915039,-0.0865342989563942,0.3934319019317627
217.26783776283264,0,10.739070892333984,-0.08727014064788818,0.39420148730278015
217.3009889125824,0,10.708517074584961,-0.08677856624126434,0.39334991574287415
217.33413863182068,0,10.733902931213379,-0.08668113499879837,0.3948676884174347
217.36728692054749,0,10.725656509399414,-0.08689136803150177,0.39390450716018677
217.40043354034424,0,10.760259628295898,-0.08624226599931717,0.3954235017299652
217.43357920646667,0,10.754474639892578,-0.0869370698928833,0.39624279737472534
217.46672296524048,0,10.719141006469727,-0.08694326132535934,0.3951081335544586
217.4998652935028,0,10.616071701049805,-0.08621638268232346,0.3905697166919708
217.53300595283508,0,10.640708923339844,-0.08534689992666245,0.39102840423583984
217.56614542007446,0,10.671544075012207,-0.08547654747962952,0.39283129572868347
217.59929037094116,0,10.630452156066895,-0.08631083369255066,0.3916807770729065
217.63249444961548,0,10.732034683227539,-0.08759547770023346,0.3956589698791504
217.66569757461548,0,10.740377426147461,-0.08753976970911026,0.39595186710357666
217.698899269104,0,10.701240539550781,-0.08758506178855896,0.39538711309432983
217.73209977149963,0,10.738930702209473,-0.08812811970710754,0.3952954411506653
217.7652988433838,0,10.652532577514648,-0.08650107681751251,0.3917633295059204
217.79849672317505,0,10.715492248535156,-0.08900186419487,0.39344504475593567
217.83169317245483,0,10.760984420776367,-0.08790905773639679,0.3948056995868683
217.86488842964172,0,10.92634391784668,-0.08908681571483612,0.4014895558357239
217.89808225631714,0,10.803352355957031,-0.08727705478668213,0.3964542746543884
217.93127512931824,0,10.785857200622559,-0.08728703111410141,0.395721435546875
217.96446657180786,0,10.80430793762207,-0.08751258254051208,0.3961515426635742
217.997656583786,0,10.754522323608398,-0.08742374181747437,0.395266592502594
218.03084540367126,0,10.734697341918945,-0.08784320950508118,0.3959004282951355
218.06403303146362,0,10.805161476135254,-0.08952036499977112,0.3969738185405731
218.0972192287445,0,10.804242134094238,-0.08946222066879272,0.39659202098846436
218.13040399551392,0,10.774212837219238,-0.08903522789478302,0.39667224884033203
218.163587808609,0,10.719562530517578,-0.08824119716882706,0.39438754320144653
218.19676995277405,0,10.645198822021484,-0.08707854151725769,0.39163967967033386
218.22995114326477,0,10.632412910461426,-0.08677276223897934,0.3912702202796936
218.2631311416626,0,10.72439193725586,-0.08689632266759872,0.3952357769012451
218.29630970954895,0,10.670354843139648,-0.08599595725536346,0.3924006223678589
218.32948684692383,0,10.722123146057129,-0.08715663850307465,0.39416590332984924
218.36266255378723,0,10.735660552978516,-0.08658841252326965,0.3947051763534546
218.39583730697632,0,10.704170227050781,-0.08682671189308167,0.39299237728118896
218.42901062965393,0,10.670198440551758,-0.08611207455396652,0.3917986750602722
218.46218276023865,0,10.717170715332031,-0.08597971498966217,0.39408063888549805
218.4953534603119,0,10.787971496582031,-0.08659274876117706,0.3962903618812561
218.52852296829224,0,10.74186897277832,-0.08800315856933594,0.3945923447608948
218.5616912841797,0,10.732206344604492,-0.08857118338346481,0.3952537178993225
218.59486413002014,0,10.687986373901367,-0.0874854028224945,0.39259010553359985
218.62827944755554,0,10.668610572814941,-0.0874517410993576,0.3917378783226013
218.66148853302002,0,10.674691200256348,-0.08651714026927948,0.3922152519226074
218.69469690322876,0,10.70492172241211,-0.08636297285556793,0.39382678270339966
218.72790360450745,0,10.685134887695312,-0.08542019128799438,0.39265692234039307
218.76110911369324,0,10.807716369628906,-0.08834672719240189,0.3976343274116516
218.79431343078613,0,10.750000953674316,-0.08661410212516785,0.39532729983329773
218.82751631736755,0,10.814361572265625,-0.08730654418468475,0.3975434899330139
218.8607177734375,0,10.675806045532227,-0.08648112416267395,0.39179378747940063
218.89391827583313,0,10.750055313110352,-0.0860515832901001,0.39503994584083557
218.92711734771729,0,10.837980270385742,-0.08766354620456696,0.3990405797958374
218.96031498908997,0,10.808235168457031,-0.08898209035396576,0.39747491478919983
218.99351119995117,0,10.70144271850586,-0.08779872953891754,0.39469796419143677
219.02670645713806,0,10.708419799804688,-0.08704029023647308,0.39253848791122437
219.05990028381348,0,10.800975799560547,-0.08789423108100891,0.39625582098960876
219.09309267997742,0,10.733201026916504,-0.08761301636695862,0.3945503830909729
219.12628364562988,0,10.734683990478516,-0.08631713688373566,0.39467853307724
219.15947341918945,0,10.747016906738281,-0.08661140501499176,0.3949666917324066
219.1926622390747,0,10.779221534729004,-0.08664786070585251,0.3957764208316803
219.22584915161133,0,10.894187927246094,-0.08932393789291382,0.40119504928588867
219.25903511047363,0,10.787469863891602,-0.08895653486251831,0.39751553535461426
219.29221987724304,0,10.855640411376953,-0.08980119228363037,0.40230950713157654
219.32540321350098,0,10.958685874938965,-0.09222303330898285,0.41218459606170654
219.35858511924744,0,10.963178634643555,-0.09312360733747482,0.41704362630844116
219.39176559448242,0,10.923505783081055,-0.09390594065189362,0.4261396527290344
219.4249451160431,0,10.916582107543945,-0.09485173225402832,0.43835538625717163
219.45812320709229,0,11.029043197631836,-0.09593968093395233,0.451996773481369
219.49129986763,0,10.976314544677734,-0.09671404957771301,0.462534636259079
219.52447533607483,0,11.007129669189453,-0.09621859341859818,0.4791223406791687
219.55764937400818,0,11.021645545959473,-0.09589119255542755,0.48919492959976196
219.59082221984863,0,11.03591537475586,-0.09626442939043045,0.5007314085960388
219.6239993572235,0,10.900328636169434,-0.09473375976085663,0.5022801756858826
219.65720868110657,0,11.003273010253906,-0.09441649168729782,0.5128134489059448
219.6904172897339,0,10.966262817382812,-0.0931062176823616,0.5191429853439331
219.72362422943115,0,10.994338035583496,-0.09371066093444824,0.5247576236724854
219.7568302154541,0,11.027073860168457,-0.09454105794429779,0.529365599155426
219.79003477096558,0,11.019075393676758,-0.09468282014131546,0.5300886631011963
219.82323813438416,0,11.065204620361328,-0.09485800564289093,0.5337586402893066
219.85644030570984,0,11.087606430053711,-0.0941983312368393,0.5347771644592285
219.88964104652405,0,11.142217636108398,-0.0950002521276474,0.5345996618270874
219.92284059524536,0,11.163531303405762,-0.09462156891822815,0.5304808616638184
219.95603919029236,0,11.222100257873535,-0.09655974805355072,0.5267244577407837
219.9892361164093,0,11.213348388671875,-0.09529635310173035,0.5180613398551941
220.02243185043335,0,11.180367469787598,-0.09515762329101562,0.5058887004852295
220.05562663078308,0,11.309137344360352,-0.09335391223430634,0.5028849840164185
220.08881998062134,0,11.307831764221191,-0.09126404672861099,0.49127197265625
220.12201189994812,0,11.330045700073242,-0.09069984406232834,0.4816133975982666
220.155202627182,0,11.322946548461914,-0.08711110055446625,0.4714941382408142
220.18839240074158,0,11.378002166748047,-0.08478380739688873,0.46451815962791443
220.2215805053711,0,11.255315780639648,-0.08209095895290375,0.45134174823760986
220.2547676563263,0,11.23304557800293,-0.07968245446681976,0.44554007053375244
220.2879536151886,0,11.253721237182617,-0.07835976779460907,0.43875688314437866
220.32113790512085,0,11.31878662109375,-0.07719474285840988,0.43473291397094727
220.35432124137878,0,11.336589813232422,-0.0775613933801651,0.4314707815647125
220.38750338554382,0,11.444429397583008,-0.07821417599916458,0.42791247367858887
220.4206840991974,0,11.372042655944824,-0.07853029668331146,0.42105013132095337
220.45386385917664,0,11.453540802001953,-0.08036381006240845,0.42122429609298706
220.48704195022583,0,11.379325866699219,-0.08055496215820312,0.41457217931747437
220.5202190876007,0,11.474715232849121,-0.082358717918396,0.41633719205856323
220.5533947944641,0,11.436519622802734,-0.08194784075021744,0.4153986871242523
220.58656930923462,0,11.443889617919922,-0.08181896805763245,0.41616350412368774
220.6197476387024,0,11.440308570861816,-0.08116167783737183,0.4165222644805908
220.65312433242798,0,11.470462799072266,-0.07987333834171295,0.41601088643074036
220.68632435798645,0,11.44438362121582,-0.08028769493103027,0.4154045581817627
220.71952295303345,0,11.514467239379883,-0.07979610562324524,0.41824716329574585
220.75272035598755,0,11.407522201538086,-0.07947178930044174,0.4132208824157715
220.78591632843018,0,11.381303787231445,-0.07920971512794495,0.4126197099685669
220.81911087036133,0,11.399816513061523,-0.07981926202774048,0.4134117364883423
220.85230422019958,0,11.362281799316406,-0.0793757438659668,0.410920649766922
220.88549613952637,0,11.315494537353516,-0.07869555801153183,0.40865570306777954
220.91868686676025,0,11.281509399414062,-0.07861289381980896,0.4067680537700653
220.9518759250641,0,11.362588882446289,-0.07918088138103485,0.40914323925971985
220.9850640296936,0,11.372282028198242,-0.07974033057689667,0.40931928157806396
221.01825070381165,0,11.39090347290039,-0.07866176962852478,0.4105670154094696
221.0514361858368,0,11.430179595947266,-0.07822506874799728,0.41304686665534973
221.08461999893188,0,11.338878631591797,-0.07811108976602554,0.41014403104782104
221.11780261993408,0,11.406007766723633,-0.07799285650253296,0.41292834281921387
221.15098404884338,0,11.398008346557617,-0.0780855193734169,0.4120520055294037
221.18416380882263,0,11.403863906860352,-0.07725436240434647,0.4125681519508362
221.21734237670898,0,11.406694412231445,-0.07741878926753998,0.4121914505958557
221.25051975250244,0,11.319208145141602,-0.07675628364086151,0.4087143540382385
221.28369569778442,0,11.264945983886719,-0.07680171728134155,0.40707919001579285
221.31687021255493,0,11.178497314453125,-0.07631611078977585,0.40328747034072876
221.35004353523254,0,11.260614395141602,-0.07632222771644592,0.4069761037826538
221.38321542739868,0,11.321758270263672,-0.07617740333080292,0.40978318452835083
221.41638612747192,0,11.257980346679688,-0.07599335163831711,0.40708374977111816
221.4495553970337,0,11.299955368041992,-0.07615216821432114,0.4087396264076233
221.48272323608398,0,11.259757995605469,-0.07619990408420563,0.40593039989471436
221.51588988304138,0,11.23965835571289,-0.07622377574443817,0.4045257866382599
221.54905533790588,0,11.28518009185791,-0.07610983401536942,0.4065935015678406
221.58221912384033,0,11.320939064025879,-0.07677221298217773,0.40826481580734253
221.61538171768188,0,11.29310417175293,-0.07594262808561325,0.4078449010848999
221.64854764938354,0,11.217215538024902,-0.07620498538017273,0.4041762053966522
221.68175220489502,0,11.265020370483398,-0.0759202390909195,0.40641671419143677
221.7149555683136,0,11.291656494140625,-0.07667352259159088,0.407927930355072
221.74815773963928,0,11.28016471862793,-0.07742561399936676,0.4076308310031891
221.7813584804535,0,11.249862670898438,-0.07683663070201874,0.40537601709365845
221.81455755233765,0,11.309406280517578,-0.07623966783285141,0.40794870257377625
221.84775567054749,0,11.295394897460938,-0.07633446156978607,0.40966880321502686
221.88095235824585,0,11.29556655883789,-0.0764971375465393,0.4085708260536194
221.91414785385132,0,11.290246963500977,-0.07640761137008667,0.40741226077079773
221.9473419189453,0,11.285120010375977,-0.07855628430843353,0.4059610664844513
221.98053455352783,0,11.252340316772461,-0.07740196585655212,0.40454113483428955
222.01372599601746,0,11.235950469970703,-0.07682480663061142,0.4038311541080475
222.04691576957703,0,11.251640319824219,-0.07637892663478851,0.404722660779953
222.08010458946228,0,11.310295104980469,-0.0760108157992363,0.4076220393180847
222.11329174041748,0,11.311559677124023,-0.07582315802574158,0.4081396460533142
222.14647793769836,0,11.289445877075195,-0.0758780986070633,0.40687692165374756
222.17966270446777,0,11.278388977050781,-0.07590556889772415,0.40624552965164185
222.2128460407257,0,11.317543029785156,-0.0766700804233551,0.40809082984924316
222.24602818489075,0,11.28398323059082,-0.07658594846725464,0.407229483127594
222.2792088985443,0,11.298419952392578,-0.07610373198986053,0.407490074634552
222.3123881816864,0,11.199956893920898,-0.07644710689783096,0.4035477042198181
222.3455662727356,0,11.318191528320312,-0.07723459601402283,0.40830692648887634
222.37874293327332,0,11.332447052001953,-0.07615090161561966,0.41037970781326294
222.41191816329956,0,11.389920234680176,-0.07724933326244354,0.4123483896255493
222.4450924396515,0,11.360311508178711,-0.0766226127743721,0.4105047881603241
222.47826528549194,0,11.364631652832031,-0.07613265514373779,0.41051310300827026
222.51143646240234,0,11.28765869140625,-0.07648991048336029,0.4079785645008087
222.54460644721985,0,11.31480884552002,-0.07641752809286118,0.408802330493927
222.57777523994446,0,11.323486328125,-0.0755663812160492,0.4100295305252075
222.6109426021576,0,11.294393539428711,-0.07528657466173172,0.40829139947891235
222.64411282539368,0,11.303608894348145,-0.07546103000640869,0.408474326133728
222.67744970321655,0,11.299369812011719,-0.07639530301094055,0.40703272819519043
222.71066975593567,0,11.344705581665039,-0.0772559642791748,0.4086915850639343
222.7438883781433,0,11.305591583251953,-0.07657379657030106,0.4074702262878418
222.77710604667664,0,11.329669952392578,-0.07755537331104279,0.4080004394054413
222.8103222846985,0,11.359288215637207,-0.07681494951248169,0.4102851152420044
222.84353756904602,0,11.477509498596191,-0.07619613409042358,0.41442835330963135
222.87675142288208,0,11.565564155578613,-0.07472001016139984,0.4180945158004761
222.90996432304382,0,11.557287216186523,-0.07412244379520416,0.4180369973182678
222.94317603111267,0,11.536431312561035,-0.0732518881559372,0.41795623302459717
222.9763867855072,0,11.545318603515625,-0.07280997931957245,0.4181837737560272
223.00959610939026,0,11.530438423156738,-0.07245615124702454,0.4182972013950348
223.04280424118042,0,11.539716720581055,-0.07299831509590149,0.4183548390865326
223.07601118087769,0,11.544363021850586,-0.07326158881187439,0.4181671738624573
223.10921716690063,0,11.581823348999023,-0.07344426959753036,0.41910529136657715
223.1424217224121,0,11.617721557617188,-0.07334408164024353,0.420432984828949
223.1756250858307,0,11.618502616882324,-0.07348551601171494,0.420238196849823
223.20882749557495,0,11.636054992675781,-0.07342894375324249,0.42114466428756714
223.24202871322632,0,11.592524528503418,-0.07348471879959106,0.41977858543395996
223.2752285003662,0,11.582386016845703,-0.07368307560682297,0.41927021741867065
223.3084273338318,0,11.565690040588379,-0.073611781001091,0.4188413619995117
223.3416247367859,0,11.557350158691406,-0.07356832921504974,0.41841042041778564
223.37482142448425,0,11.530726432800293,-0.07378603518009186,0.41696417331695557
223.40801644325256,0,11.539868354797363,-0.07365545630455017,0.41747182607650757
223.44121050834656,0,11.59671401977539,-0.07387927919626236,0.4199645519256592
223.47440361976624,0,11.589073181152344,-0.07347770780324936,0.4199536442756653
223.50759530067444,0,11.604178428649902,-0.07355232536792755,0.41999852657318115
223.54078578948975,0,11.611730575561523,-0.07358963787555695,0.4200209379196167
223.57397508621216,0,11.550100326538086,-0.07391772419214249,0.4173056483268738
223.60716342926025,0,11.535619735717773,-0.07458171248435974,0.4155828058719635
223.64035034179688,0,11.518037796020508,-0.07422695308923721,0.41580116748809814
223.6735396385193,0,11.519588470458984,-0.0747363269329071,0.4148305654525757
223.70685863494873,0,11.404797554016113,-0.07469458878040314,0.411304235458374
223.74017810821533,0,11.426545143127441,-0.0749015361070633,0.41227132081985474
223.77376556396484,0,11.388566017150879,-0.07486644387245178,0.41098836064338684
223.80735421180725,0,11.39836311340332,-0.07486101984977722,0.41075849533081055
223.84094381332397,0,11.433601379394531,-0.07466532289981842,0.4125027358531952
223.8745346069336,0,11.488397598266602,-0.0742788165807724,0.4142844080924988
223.9081268310547,0,11.504756927490234,-0.07473230361938477,0.41437503695487976
223.94171953201294,0,11.523975372314453,-0.07431229948997498,0.41522055864334106
223.97531366348267,0,11.532176971435547,-0.07430630922317505,0.4162197709083557
224.0089087486267,0,11.441381454467773,-0.07456883043050766,0.41296258568763733
224.04250502586365,0,11.322345733642578,-0.07483716309070587,0.408260315656662
224.0761022567749,0,11.432769775390625,-0.07436473667621613,0.4121631979942322
224.10970067977905,0,11.419317245483398,-0.07487305998802185,0.4111563563346863
224.14330005645752,0,11.392271041870117,-0.07530611753463745,0.4096599817276001
224.17690062522888,0,11.387859344482422,-0.0746808797121048,0.41108569502830505
224.21050238609314,0,11.438165664672852,-0.07446334511041641,0.41283801198005676
224.2441051006317,0,11.435077667236328,-0.0743415355682373,0.4128478765487671
224.27770900726318,0,11.480804443359375,-0.07380847632884979,0.4154699146747589
224.31131386756897,0,11.442983627319336,-0.07459989190101624,0.41332221031188965
224.34491968154907,0,11.465737342834473,-0.07431504130363464,0.41369226574897766
224.37852692604065,0,11.50446605682373,-0.07410366833209991,0.41487917304039
224.41213512420654,0,11.53768253326416,-0.07452104985713959,0.4155348837375641
224.44574427604675,0,11.494026184082031,-0.075370654463768,0.414223849773407
224.47935461997986,0,11.473182678222656,-0.07476282119750977,0.41418206691741943
224.51296591758728,0,11.497150421142578,-0.07497431337833405,0.4143238663673401
224.5465784072876,0,11.423868179321289,-0.07490283250808716,0.4120146334171295
224.58019185066223,0,11.438116073608398,-0.07454405725002289,0.4127591848373413
224.61380672454834,0,11.445228576660156,-0.07434952259063721,0.4134497344493866
224.64742231369019,0,11.494211196899414,-0.0741209089756012,0.4147579073905945
224.6810393333435,0,11.444571495056152,-0.07461047917604446,0.4137439727783203
224.71465730667114,0,11.404897689819336,-0.07517482340335846,0.4109537601470947
224.7482693195343,0,11.377742767333984,-0.07500308752059937,0.41032958030700684
224.78145146369934,0,11.449699401855469,-0.07431621849536896,0.41356438398361206
224.81463193893433,0,11.485419273376465,-0.07478095591068268,0.41371217370033264
224.84781074523926,0,11.552350997924805,-0.07420395314693451,0.41687777638435364
224.88098812103271,0,11.500197410583496,-0.07399023324251175,0.4156739115715027
224.91416382789612,0,11.453582763671875,-0.07415066659450531,0.41451942920684814
224.91416382789612,1,10.5305757522583,-5.369047164916992,0.49839431047439575
224.94733810424805,0,11.414156913757324,-0.07429726421833038,0.4129238724708557
224.9805109500885,0,11.557552337646484,-0.07426988333463669,0.417896568775177
225.0136821269989,0,11.504945755004883,-0.0742124393582344,0.41601842641830444
225.04685187339783,0,11.43508529663086,-0.07497580349445343,0.4120910167694092
225.08002018928528,0,11.544351577758789,-0.07410984486341476,0.416925847530365
225.1131865978241,0,11.447469711303711,-0.07447059452533722,0.41331562399864197
225.14635157585144,0,11.484304428100586,-0.07485814392566681,0.4135878086090088
225.17951488494873,0,11.41744613647461,-0.07484474778175354,0.41164660453796387
225.21267676353455,0,11.396088600158691,-0.0746443122625351,0.4114874601364136
225.2458372116089,0,11.380656242370605,-0.07519174367189407,0.40982550382614136
225.27899622917175,0,11.535486221313477,-0.0741356909275055,0.416861891746521
225.312153339386,0,11.493925094604492,-0.07416048645973206,0.41518282890319824
225.34530901908875,0,11.556901931762695,-0.07399407029151917,0.4173945486545563
225.37846326828003,0,11.550048828125,-0.07394318282604218,0.4167303144931793
225.41161608695984,0,11.457635879516602,-0.07484117895364761,0.4124469459056854
225.4447672367096,0,11.473052978515625,-0.07454349100589752,0.41351863741874695
225.47791647911072,0,11.586999893188477,-0.07439299672842026,0.4181939661502838
225.51106452941895,0,11.519670486450195,-0.07427399605512619,0.41616714000701904
225.54421091079712,0,11.393795013427734,-0.07518674433231354,0.411690354347229
225.5773561000824,0,11.399829864501953,-0.07528406381607056,0.4109199345111847
225.61049938201904,0,11.441049575805664,-0.07555696368217468,0.41303348541259766
225.6436412334442,0,11.40313720703125,-0.07564806938171387,0.4105985164642334
225.67678141593933,0,11.40416431427002,-0.07550526410341263,0.41049838066101074
225.70992016792297,0,11.428252220153809,-0.07483012974262238,0.4123193323612213
225.743061542511,0,11.458372116088867,-0.07443015277385712,0.4131908416748047
225.77637386322021,0,11.479402542114258,-0.07417869567871094,0.41490960121154785
225.80953907966614,0,11.443781852722168,-0.0745171457529068,0.41271913051605225
225.8427028656006,0,11.548694610595703,-0.07394476234912872,0.41738516092300415
225.8758647441864,0,11.449653625488281,-0.07431349158287048,0.4131797254085541
225.90902519226074,0,11.48538589477539,-0.0747496485710144,0.4138227105140686
225.94218373298645,0,11.503262519836426,-0.0749976709485054,0.4138413369655609
225.9753406047821,0,11.60244369506836,-0.07409603893756866,0.4190688133239746
226.00849556922913,0,11.498687744140625,-0.0745980441570282,0.415899395942688
226.04164910316467,0,11.519533157348633,-0.07444918155670166,0.41655921936035156
226.07480096817017,0,11.484940528869629,-0.07531476020812988,0.4150220453739166
226.1079511642456,0,11.468640327453613,-0.0747348815202713,0.41458117961883545
226.141099691391,0,11.438387870788574,-0.0746854692697525,0.41293415427207947
226.17424631118774,0,11.546003341674805,-0.0739646777510643,0.41734743118286133
226.20739150047302,0,11.499183654785156,-0.07407498359680176,0.4154255986213684
226.24053502082825,0,11.555452346801758,-0.07431891560554504,0.416947603225708
226.27367663383484,0,11.475202560424805,-0.07458680868148804,0.41457653045654297
226.30681681632996,0,11.437843322753906,-0.07419198006391525,0.41329413652420044
226.33995485305786,0,11.479491233825684,-0.07471883296966553,0.41357704997062683
226.37309169769287,0,11.549386978149414,-0.07417289167642593,0.41681021451950073
226.40622639656067,0,11.584641456604004,-0.07411617040634155,0.41795724630355835
226.439359664917,0,11.539624214172363,-0.07393579930067062,0.41677460074424744
226.47249126434326,0,11.514047622680664,-0.07409080862998962,0.41568246483802795
226.50562119483948,0,11.459955215454102,-0.0747360959649086,0.41291600465774536
226.53874921798706,0,11.43405818939209,-0.07479584217071533,0.4117223024368286
226.57187581062317,0,11.491544723510742,-0.07383617758750916,0.41571173071861267
226.60500049591064,0,11.490007400512695,-0.07404099404811859,0.41515102982521057
226.63812375068665,0,11.505561828613281,-0.07461339235305786,0.41480833292007446
226.671245098114,0,11.478961944580078,-0.07439933717250824,0.414156049489975
226.7043650150299,0,11.500040054321289,-0.07479256391525269,0.41431087255477905
226.73748302459717,0,11.510578155517578,-0.0749891847372055,0.4143882691860199
226.7706036567688,0,11.56493091583252,-0.07430806756019592,0.41721582412719727
226.80398797988892,0,11.508635520935059,-0.07423153519630432,0.4156780540943146
226.83737349510193,0,11.429624557495117,-0.07445688545703888,0.4123261570930481
226.87076020240784,0,11.418892860412598,-0.07465624064207077,0.41142737865448
226.90414810180664,0,11.519393920898438,-0.07435784488916397,0.41526585817337036
226.93753695487976,0,11.491852760314941,-0.0743945837020874,0.41454896330833435
226.9709267616272,0,11.517523765563965,-0.0741434395313263,0.41530752182006836
227.0043179988861,0,11.465177536010742,-0.07399681210517883,0.4137139916419983
227.03770995140076,0,11.542230606079102,-0.07381188124418259,0.41687870025634766
227.07110333442688,0,11.542722702026367,-0.0740063413977623,0.4161859452724457
227.10449767112732,0,11.581003189086914,-0.07381664216518402,0.41811466217041016
227.13789296150208,0,11.56209945678711,-0.0738544762134552,0.41709035634994507
227.17128944396973,0,11.565741539001465,-0.07440216839313507,0.4170416593551636
227.20468711853027,0,11.527106285095215,-0.07432398945093155,0.4158160090446472
227.23808550834656,0,11.57319450378418,-0.07397547364234924,0.4179297089576721
227.27148532867432,0,11.54716682434082,-0.07461058348417282,0.41589483618736267
227.3048861026764,0,11.47766399383545,-0.07473309338092804,0.41321173310279846
227.33828783035278,0,11.549036979675293,-0.0749015361070633,0.41754281520843506
227.37169098854065,0,11.51876449584961,-0.07446585595607758,0.41580256819725037
227.40509510040283,0,11.56932258605957,-0.07414676249027252,0.41770440340042114
227.43850016593933,0,11.635473251342773,-0.07367058098316193,0.4210003614425659
227.43850016593933,1,10.4822416305542,-5.338437080383301,0.48637115955352783
227.47190618515015,0,11.662895202636719,-0.07337510585784912,0.4224492907524109
227.50531387329102,0,11.581663131713867,-0.07365117967128754,0.41953885555267334
227.53872227668762,0,11.600473403930664,-0.07363906502723694,0.4197911024093628
227.57213163375854,0,11.560806274414062,-0.07444237917661667,0.416825532913208
227.60554194450378,0,11.48448371887207,-0.07464899122714996,0.4136770963668823
227.63895392417908,0,11.551889419555664,-0.07417763769626617,0.416697233915329
227.63895392417908,1,10.244430541992188,-5.215813636779785,0.4778333604335785
227.6723666191101,0,11.596857070922852,-0.07366140186786652,0.41850602626800537
227.6723666191101,1,10.502069473266602,-5.342351913452148,0.49611085653305054
227.70578026771545,0,11.625232696533203,-0.07351689040660858,0.4202786087989807
227.73919534683228,0,11.66308307647705,-0.0737859457731247,0.42178142070770264
227.77260851860046,0,11.568636894226074,-0.07378421723842621,0.41850653290748596
227.8058135509491,0,11.59395980834961,-0.07370558381080627,0.4192749559879303
227.83901715278625,0,11.541215896606445,-0.07397569715976715,0.4169326424598694
227.87221932411194,0,11.542205810546875,-0.07393400371074677,0.41649937629699707
227.90542030334473,0,11.542699813842773,-0.07391315698623657,0.4162827134132385
227.93861985206604,0,11.518664360046387,-0.07367836683988571,0.4156681299209595
227.97181820869446,0,11.568979263305664,-0.07369232922792435,0.41769275069236755
228.0050151348114,0,11.61129379272461,-0.0735323578119278,0.4198719561100006
228.03821063041687,0,11.542119979858398,-0.07394418120384216,0.42028242349624634
228.07140517234802,0,11.545190811157227,-0.07569707185029984,0.4272165596485138
228.10459804534912,0,11.539177894592285,-0.07386121153831482,0.4346406161785126
228.13778948783875,0,11.597627639770508,-0.07384558022022247,0.4468928575515747
228.17097997665405,0,11.610668182373047,-0.0726303905248642,0.4589587152004242
228.20416903495789,0,11.618878364562988,-0.07244922965765,0.47193029522895813
228.23735642433167,0,11.53705883026123,-0.06994201242923737,0.48052337765693665
228.27054286003113,0,11.42291259765625,-0.06564251333475113,0.4896172285079956
228.30372786521912,0,11.565204620361328,-0.06366628408432007,0.5063273310661316
228.33691143989563,0,11.61606216430664,-0.06045554578304291,0.5201725363731384
228.37009382247925,0,11.715445518493652,-0.05854099988937378,0.5328284502029419
228.4032747745514,0,11.739995956420898,-0.056575603783130646,0.541951060295105
228.43645429611206,0,11.762638092041016,-0.05662274733185768,0.5481601357460022
228.46963262557983,0,11.750289916992188,-0.056700557470321655,0.550575852394104
228.50280952453613,0,11.812847137451172,-0.056717559695243835,0.5535405278205872
228.53598546981812,0,11.816401481628418,-0.05659814178943634,0.5497033596038818
228.56915974617004,0,11.893097877502441,-0.057985834777355194,0.5498133301734924
228.6023325920105,0,11.844919204711914,-0.05797598510980606,0.5441139936447144
228.63550424575806,0,11.78826904296875,-0.05685817077755928,0.5342543125152588
228.66867470741272,0,11.872076988220215,-0.05836549773812294,0.5328084230422974
228.70184350013733,0,11.851680755615234,-0.06127885729074478,0.5274522304534912
228.73501133918762,0,12.006052017211914,-0.0667838454246521,0.5265581607818604
228.7681803703308,0,11.9928617477417,-0.06975668668746948,0.5186980366706848
228.80146384239197,0,11.900918006896973,-0.07389041781425476,0.5088532567024231
228.8348834514618,0,12.042229652404785,-0.07668527960777283,0.5076781511306763
228.8683044910431,0,12.029618263244629,-0.08440197259187698,0.5003517866134644
228.90172696113586,0,12.035139083862305,-0.09090325236320496,0.4943917989730835
228.9351508617401,0,11.925174713134766,-0.09358412027359009,0.48197001218795776
228.96857619285583,0,11.983829498291016,-0.10231498628854752,0.4772801101207733
229.00200295448303,0,11.980911254882812,-0.10625038295984268,0.4721410274505615
229.0354311466217,0,11.954633712768555,-0.10864774882793427,0.4630126357078552
229.06886053085327,0,11.937577247619629,-0.11115415394306183,0.45585793256759644
229.10229182243347,0,11.965139389038086,-0.11287866532802582,0.45372360944747925
229.135724067688,0,11.98126220703125,-0.11455805599689484,0.45175600051879883
229.16915798187256,0,11.99278450012207,-0.11523112654685974,0.4507811665534973
229.2025933265686,0,12.032087326049805,-0.11619216203689575,0.45186832547187805
229.23603010177612,0,11.94301986694336,-0.11547276377677917,0.4454507827758789
229.26946830749512,0,11.920963287353516,-0.11455236375331879,0.4399064779281616
229.302907705307,0,12.020238876342773,-0.1155778095126152,0.44022294878959656
229.33634901046753,0,12.017377853393555,-0.11535230278968811,0.43765997886657715
229.36979126930237,0,12.021955490112305,-0.1146528571844101,0.4352435767650604
229.43668055534363,0,12.025259017944336,-0.11383935809135437,0.43506431579589844
229.47012734413147,0,11.997283935546875,-0.11272916197776794,0.43382811546325684
229.5035753250122,0,12.036954879760742,-0.1129520982503891,0.4362037181854248
229.537024974823,0,12.091371536254883,-0.11332452297210693,0.43840843439102173
229.57047581672668,0,12.118568420410156,-0.11370304971933365,0.43975111842155457
229.60392832756042,0,12.168805122375488,-0.11300875246524811,0.44212085008621216
229.63738203048706,0,12.212063789367676,-0.10800717025995255,0.44303810596466064
229.67083740234375,0,12.202675819396973,-0.10277153551578522,0.4423648416996002
229.7042942047119,0,12.027719497680664,-0.10055261850357056,0.4349551796913147
229.73775219917297,0,12.02559757232666,-0.0993935614824295,0.4348064064979553
229.7712118625641,0,12.020835876464844,-0.099288709461689,0.4349140524864197
229.83814883232117,0,11.991097450256348,-0.09799554198980331,0.4336082637310028
229.87163043022156,0,12.062568664550781,-0.0972704291343689,0.43580561876296997
229.90511393547058,0,12.127251625061035,-0.09776420891284943,0.4389307200908661
229.93859934806824,0,12.131458282470703,-0.09859886020421982,0.4385725259780884
229.97208714485168,0,12.141658782958984,-0.09862494468688965,0.43962594866752625
230.0390682220459,0,12.118888854980469,-0.09766755253076553,0.4379620850086212
230.07256174087524,0,12.118453025817871,-0.09755595028400421,0.438265323638916
230.1060574054718,0,12.12624740600586,-0.09705062955617905,0.4381341338157654
230.1060574054718,1,12.12270736694336,-5.87077522277832,0.5581366419792175
230.139554977417,0,12.016777038574219,-0.09655094146728516,0.4338909387588501
230.139554977417,1,12.314435958862305,-5.964685916900635,0.5666121244430542
230.17305445671082,0,11.996829986572266,-0.09593909233808517,0.43329185247421265
230.17305445671082,1,11.825910568237305,-5.728365898132324,0.5437666177749634
230.20655584335327,0,11.98524284362793,-0.09609557688236237,0.43311089277267456
230.27356505393982,0,12.05964183807373,-0.09632044285535812,0.43555694818496704
230.30707263946533,0,12.007229804992676,-0.09555177390575409,0.43346554040908813
230.34058213233948,0,11.987707138061523,-0.0948890745639801,0.4320424199104309
230.37409353256226,0,11.977945327758789,-0.09455771744251251,0.4313308596611023
230.40760707855225,0,12.003397941589355,-0.09434771537780762,0.4321210980415344
230.40760707855225,1,11.75967025756836,-5.694986820220947,0.5423673987388611
230.4411222934723,0,12.040884017944336,-0.0942293107509613,0.435255765914917
230.4411222934723,1,11.619132041931152,-5.627813339233398,0.5366729497909546
230.5081593990326,0,11.982563972473145,-0.09438328444957733,0.432050883769989
230.5081593990326,1,11.873003005981445,-5.751428604125977,0.5498521327972412
230.5416808128357,0,11.975781440734863,-0.0943390280008316,0.4320794939994812
230.57520413398743,0,11.942220687866211,-0.09344935417175293,0.4304659068584442
230.60872983932495,0,12.038143157958984,-0.09491455554962158,0.4339140057563782
230.64225721359253,0,12.05085563659668,-0.09594297409057617,0.435909628868103
230.67578649520874,0,12.009519577026367,-0.09508466720581055,0.43326449394226074
230.70931792259216,0,12.037006378173828,-0.0950574278831482,0.4348240792751312
230.70931792259216,1,11.83853816986084,-5.732782363891602,0.548782229423523
230.74285125732422,0,12.032928466796875,-0.09459757059812546,0.4338676929473877
230.7763867378235,0,11.952333450317383,-0.09340696036815643,0.4314148724079132
230.8099193572998,0,11.896286010742188,-0.09299658238887787,0.4291950464248657
230.8432536125183,0,12.023873329162598,-0.09461615979671478,0.4344905614852905
230.8765470981598,0,11.966253280639648,-0.09364661574363708,0.4320647716522217
230.9098401069641,0,11.903230667114258,-0.0931994765996933,0.4299197494983673
230.9098401069641,1,11.782700538635254,-5.709317207336426,0.5415915250778198
230.9431324005127,0,11.956977844238281,-0.09405691921710968,0.431607186794281
230.9431324005127,1,11.800248146057129,-5.716333389282227,0.544543445110321
230.9764244556427,0,11.914958953857422,-0.09273004531860352,0.43044352531433105
230.9764244556427,1,11.989072799682617,-5.805543422698975,0.5525711178779602
231.0097153186798,0,11.971904754638672,-0.09343387931585312,0.4316774308681488
231.04300618171692,0,12.000377655029297,-0.09378579258918762,0.4322943687438965
231.0762960910797,0,11.968677520751953,-0.0929797887802124,0.43150952458381653
231.14287447929382,0,11.96844482421875,-0.09363552927970886,0.4306723475456238
231.17616295814514,0,12.071584701538086,-0.09396261721849442,0.43670108914375305
231.20945072174072,0,11.979019165039062,-0.0935763269662857,0.4344438314437866
231.20945072174072,1,11.733339309692383,-5.684863567352295,0.543099045753479
231.24273800849915,0,12.031879425048828,-0.09306887537240982,0.43645933270454407
231.24273800849915,1,11.634773254394531,-5.636626720428467,0.541426420211792
231.2760248184204,0,12.089688301086426,-0.09337512403726578,0.438567578792572
231.2760248184204,1,11.752462387084961,-5.697132110595703,0.5447680950164795
231.30931091308594,0,12.166412353515625,-0.09334404021501541,0.440735787153244
231.30931091308594,1,11.901691436767578,-5.768126487731934,0.5516840815544128
231.3425965309143,0,12.180400848388672,-0.09423516690731049,0.44124311208724976
231.3425965309143,1,11.943103790283203,-5.791441440582275,0.5540391206741333
231.37588143348694,0,12.171192169189453,-0.09370666742324829,0.4405113756656647
231.4091658592224,0,12.166582107543945,-0.09365551918745041,0.4402506351470947
231.47573328018188,0,12.184781074523926,-0.09372001886367798,0.44043809175491333
231.5090160369873,0,12.099032402038574,-0.09215246140956879,0.4377741813659668
231.542298078537,0,12.123254776000977,-0.09310555458068848,0.43946459889411926
231.5755796432495,0,12.1353759765625,-0.09339345991611481,0.4400702118873596
231.5755796432495,1,12.037217140197754,-5.836326599121094,0.5598741769790649
231.60886073112488,0,12.141426086425781,-0.09372605383396149,0.4406126141548157
231.60886073112488,1,11.805932998657227,-5.724255561828613,0.5462913513183594
231.67542123794556,0,12.151704788208008,-0.09345211088657379,0.44019612669944763
231.67542123794556,1,12.092881202697754,-5.86322021484375,0.5607984066009521
231.7087004184723,0,12.170610427856445,-0.09374314546585083,0.4400785565376282
231.74197936058044,0,12.166292190551758,-0.09367375820875168,0.44003424048423767
231.77525758743286,0,12.15689468383789,-0.0936775654554367,0.4403550624847412
231.80853509902954,0,12.159433364868164,-0.09364096820354462,0.4401724934577942
231.87532138824463,0,12.174474716186523,-0.09383757412433624,0.44006675481796265
231.9088315963745,0,12.160985946655273,-0.09375947713851929,0.4403713047504425
231.9088315963745,1,12.326424598693848,-5.977289199829102,0.571747899055481
231.94234371185303,0,12.154231071472168,-0.09390906989574432,0.4407631754875183
231.94234371185303,1,12.108161926269531,-5.868640422821045,0.561286211013794
231.9758584499359,0,12.150863647460938,-0.09379522502422333,0.44071951508522034
231.9758584499359,1,12.137006759643555,-5.884876251220703,0.5610255599021912
232.04289388656616,0,12.196999549865723,-0.09355409443378448,0.441811740398407
232.04289388656616,1,12.198488235473633,-5.915093421936035,0.5634058117866516
232.07641506195068,0,12.172237396240234,-0.09380637109279633,0.44148337841033936
232.07641506195068,1,11.99090576171875,-5.817207336425781,0.5555320978164673
232.14346361160278,0,12.159856796264648,-0.09393250942230225,0.44131919741630554
232.14346361160278,1,11.83462142944336,-5.742269515991211,0.5463172793388367
232.17699122428894,0,12.201496124267578,-0.09362272918224335,0.442111611366272
232.17699122428894,1,11.909343719482422,-5.776178359985352,0.5498014688491821
232.2105212211609,0,12.181734085083008,-0.09361355006694794,0.44105076789855957
232.2105212211609,1,11.941719055175781,-5.790132522583008,0.5532923936843872
232.27758741378784,0,12.185622215270996,-0.09398331493139267,0.4405475854873657
232.27758741378784,1,11.850385665893555,-5.743197917938232,0.5468311309814453
232.31112384796143,0,12.166549682617188,-0.09402098506689072,0.4408513009548187
232.3446626663208,0,12.07902717590332,-0.09208431839942932,0.43825894594192505
232.3782033920288,0,12.120500564575195,-0.09284434467554092,0.4391244351863861
232.44529151916504,0,12.18182373046875,-0.09290757775306702,0.44089555740356445
232.47883915901184,0,12.09589672088623,-0.0922173336148262,0.43775513768196106
232.51238870620728,0,12.12594985961914,-0.09270656853914261,0.43842288851737976
232.51238870620728,1,12.304031372070312,-5.961295127868652,0.5669201612472534
232.54594039916992,0,12.120064735412598,-0.09152069687843323,0.4391748905181885
232.54594039916992,1,12.080753326416016,-5.85349178314209,0.5551356673240662
232.57949447631836,0,12.095869064331055,-0.08997965604066849,0.43842655420303345
232.57949447631836,1,12.174215316772461,-5.901052474975586,0.5629373788833618
232.6466088294983,0,12.12242317199707,-0.08700460195541382,0.4389660954475403
232.68016982078552,0,12.07388687133789,-0.08567249029874802,0.43712931871414185
232.7137324810028,0,12.07021713256836,-0.08539947867393494,0.43679121136665344
232.74729752540588,0,12.043766021728516,-0.08563148975372314,0.4362265467643738
232.7808644771576,0,12.051708221435547,-0.08702293038368225,0.4361092150211334
232.8144338130951,0,12.0131196975708,-0.08748158812522888,0.43460649251937866
232.8144338130951,1,11.924354553222656,-5.781888484954834,0.5527982711791992
232.88135933876038,0,12.10163688659668,-0.0893661305308342,0.4371156692504883
232.88135933876038,1,11.716005325317383,-5.678977012634277,0.541282057762146
232.91471457481384,0,12.039894104003906,-0.08853120356798172,0.43517589569091797
232.91471457481384,1,11.560308456420898,-5.601749420166016,0.534843921661377
232.94806957244873,0,12.095624923706055,-0.09021812677383423,0.436797171831131
232.94806957244873,1,11.669195175170898,-5.655273914337158,0.5410376787185669
233.01477909088135,0,12.123345375061035,-0.09059927612543106,0.4382783770561218
233.01477909088135,1,11.64626693725586,-5.64406681060791,0.5411314964294434
233.04813361167908,0,12.23104476928711,-0.09004051983356476,0.4418145418167114
233.04813361167908,1,11.676249504089355,-5.6603288650512695,0.5412889719009399
233.11484241485596,0,12.139970779418945,-0.08975406736135483,0.43893367052078247
233.14819645881653,0,12.141453742980957,-0.09022089838981628,0.4391412138938904
233.18155026435852,0,12.11512565612793,-0.08906666934490204,0.43824470043182373
233.2149040699005,0,12.100666046142578,-0.08872874081134796,0.4382639527320862
233.28161144256592,0,12.07168197631836,-0.08953336626291275,0.43733763694763184
233.31496453285217,0,12.06028938293457,-0.08950048685073853,0.4366952180862427
233.31496453285217,1,11.99459457397461,-5.816195487976074,0.5550599098205566
233.348317861557,0,12.050100326538086,-0.0888918936252594,0.43651989102363586
233.348317861557,1,12.168928146362305,-5.900968551635742,0.5603208541870117
233.38167095184326,0,12.045005798339844,-0.08858759701251984,0.43643224239349365
233.38167095184326,1,12.097688674926758,-5.865860939025879,0.5558716058731079
233.41502380371094,0,12.057734489440918,-0.08747287839651108,0.43746429681777954
233.41502380371094,1,11.749043464660645,-5.698801040649414,0.5408687591552734
233.48172903060913,0,12.062339782714844,-0.08810710906982422,0.43727511167526245
233.48172903060913,1,11.940147399902344,-5.791103363037109,0.5525290966033936
233.51508164405823,0,12.02542495727539,-0.08882110565900803,0.43588948249816895
233.51508164405823,1,11.765369415283203,-5.7056660652160645,0.5444350838661194
233.54843378067017,0,11.993965148925781,-0.08967021107673645,0.4344141483306885
233.54843378067017,1,11.777488708496094,-5.71320915222168,0.5426590442657471
233.61513805389404,0,12.016937255859375,-0.08897675573825836,0.43537935614585876
233.61513805389404,1,11.997858047485352,-5.821294784545898,0.5530966520309448
233.64848971366882,0,12.110612869262695,-0.08966834843158722,0.4381931722164154
233.64848971366882,1,12.306173324584961,-5.969993591308594,0.570949912071228
233.6818413734436,0,12.075255393981934,-0.08929817378520966,0.4373778700828552
233.6818413734436,1,11.901115417480469,-5.773804664611816,0.5507842302322388
233.71519303321838,0,12.062081336975098,-0.08908279240131378,0.43663835525512695
233.71519303321838,1,12.038663864135742,-5.838942527770996,0.5557844638824463
233.7818956375122,0,12.060874938964844,-0.08844614028930664,0.43612152338027954
233.81524658203125,0,12.051376342773438,-0.08962640166282654,0.43584737181663513
233.8485975265503,0,12.067764282226562,-0.0886341780424118,0.436462938785553
233.88194847106934,0,12.055231094360352,-0.08948608487844467,0.43643712997436523
233.9152684211731,0,12.047571182250977,-0.08888469636440277,0.43639084696769714
233.94858813285828,0,12.125930786132812,-0.08962231874465942,0.4386989176273346
233.94858813285828,1,11.952425003051758,-5.795064926147461,0.5511459112167358
233.9819073677063,0,12.046018600463867,-0.08814818412065506,0.43567126989364624
233.9819073677063,1,12.069252014160156,-5.851008415222168,0.5568594932556152
234.04854488372803,0,12.012743949890137,-0.08823762834072113,0.43520769476890564
234.04854488372803,1,12.20654010772705,-5.915351867675781,0.5660241842269897
234.08186316490173,0,12.026321411132812,-0.08858281373977661,0.43588513135910034
234.08186316490173,1,12.380931854248047,-5.999089241027832,0.5713828802108765
234.11518096923828,0,12.037614822387695,-0.08872511982917786,0.4358919858932495
234.11518096923828,1,12.048921585083008,-5.841094017028809,0.555957555770874
234.18181562423706,0,12.072768211364746,-0.08998262882232666,0.43753957748413086
234.18181562423706,1,11.923360824584961,-5.782266616821289,0.5479085445404053
234.21513271331787,0,11.987531661987305,-0.08985345810651779,0.43479087948799133
234.28176522254944,0,12.095844268798828,-0.09117451310157776,0.438143253326416
234.31508088111877,0,12.077756881713867,-0.08949199318885803,0.4368739724159241
234.34839630126953,0,12.058834075927734,-0.08888764679431915,0.43660926818847656
234.41502618789673,0,12.053865432739258,-0.08917763084173203,0.43633103370666504
234.4483404159546,0,11.968756675720215,-0.0890994668006897,0.4337337017059326
234.4483404159546,1,11.914901733398438,-5.776839733123779,0.551100492477417
234.48165440559387,0,12.111886978149414,-0.09200234711170197,0.4386703073978424
234.48165440559387,1,11.839088439941406,-5.7406086921691895,0.544639527797699
234.51496815681458,0,12.129692077636719,-0.09284186363220215,0.4396730661392212
234.51496815681458,1,11.98971176147461,-5.809663772583008,0.553861677646637
234.5815942287445,0,12.13858413696289,-0.09345026314258575,0.44041404128074646
234.5815942287445,1,11.942108154296875,-5.788376808166504,0.5483276844024658
234.6149070262909,0,12.143040657043457,-0.09356582164764404,0.4405449628829956
234.6815309524536,0,12.152511596679688,-0.09337199479341507,0.4401623010635376
234.7148425579071,0,12.157241821289062,-0.0934881865978241,0.4400761127471924
234.74815392494202,0,12.148519515991211,-0.09294316172599792,0.438723623752594
234.7814645767212,0,12.15524673461914,-0.09327376633882523,0.4393567740917206
234.81477522850037,0,12.158615112304688,-0.09322597086429596,0.4395682215690613
234.81477522850037,1,11.855276107788086,-5.746292591094971,0.5471583604812622
234.88139629364014,0,12.069239616394043,-0.09260517358779907,0.43680280447006226
234.88139629364014,1,11.819950103759766,-5.726806163787842,0.5476329922676086
234.91474771499634,0,12.001919746398926,-0.09207215905189514,0.43467074632644653
234.91474771499634,1,11.698995590209961,-5.669071197509766,0.5394645929336548
234.94808673858643,0,12.045042037963867,-0.09302094578742981,0.4363318979740143
234.98142528533936,0,12.048376083374023,-0.0934847742319107,0.43735289573669434
235.01476407051086,0,12.137341499328613,-0.09403873980045319,0.43899595737457275
235.04810214042664,0,12.07365608215332,-0.09278291463851929,0.4368053376674652
235.11477828025818,0,11.996423721313477,-0.091994509100914,0.4348171353340149
235.14811611175537,0,12.061988830566406,-0.09218756854534149,0.4368440508842468
235.14811611175537,1,12.278688430786133,-5.947892189025879,0.5654815435409546
235.18145370483398,0,12.108985900878906,-0.09287714958190918,0.43818584084510803
235.18145370483398,1,12.294699668884277,-5.9579973220825195,0.5673708319664001
235.21479082107544,0,12.103180885314941,-0.09236687421798706,0.4382942318916321
235.2481279373169,0,12.103053092956543,-0.09315522015094757,0.4378538727760315
235.31480169296265,0,12.146284103393555,-0.09359470009803772,0.4389074444770813
235.34813857078552,0,12.116268157958984,-0.09280790388584137,0.43774887919425964
235.38147497177124,0,12.139120101928711,-0.09320613741874695,0.4388694167137146
235.41481113433838,0,12.15054702758789,-0.09340525418519974,0.4394296705722809
235.41481113433838,1,12.18742561340332,-5.905323028564453,0.5602947473526001
235.44814705848694,0,12.156265258789062,-0.09329171478748322,0.43960464000701904
235.44814705848694,1,11.810686111450195,-5.722405433654785,0.5428192019462585
235.48148274421692,0,12.126810073852539,-0.0927809625864029,0.43923676013946533
235.48148274421692,1,11.860416412353516,-5.7505717277526855,0.5470431447029114
235.5148184299469,0,12.096638679504395,-0.09233133494853973,0.4374126195907593
235.5148184299469,1,11.844666481018066,-5.742658615112305,0.5472105741500854
235.5481538772583,0,12.053314208984375,-0.0917396992444992,0.43578624725341797
235.61482405662537,0,12.107643127441406,-0.09267203509807587,0.43788808584213257
235.64815878868103,0,12.134807586669922,-0.0931382030248642,0.43893900513648987
235.6814935207367,0,12.111492156982422,-0.0932980626821518,0.4383276104927063
235.71482801437378,0,12.177319526672363,-0.09313443303108215,0.44049713015556335
235.74816226959229,0,12.115243911743164,-0.09241031855344772,0.4384511113166809
235.74816226959229,1,11.805208206176758,-5.72169828414917,0.5450766682624817
235.78149604797363,0,12.152379989624023,-0.0932222455739975,0.439206063747406
235.78149604797363,1,11.968757629394531,-5.8031086921691895,0.5516644716262817
235.81482982635498,0,12.108311653137207,-0.09189736843109131,0.4383035898208618
235.81482982635498,1,12.03741455078125,-5.836453914642334,0.5558342933654785
235.84816360473633,0,12.1556396484375,-0.09307664632797241,0.43957966566085815
235.8814971446991,0,12.179309844970703,-0.09343057870864868,0.44010257720947266
235.91483068466187,0,12.138957977294922,-0.09334996342658997,0.43945103883743286
235.9481382369995,0,12.21912956237793,-0.09446237981319427,0.4420211911201477
235.98144555091858,0,12.136148452758789,-0.09307429194450378,0.4392131268978119
236.0147523880005,0,12.11784839630127,-0.09277205169200897,0.4384375214576721
236.04805898666382,0,12.063909530639648,-0.09214957058429718,0.4365261197090149
236.0813648700714,0,12.11294174194336,-0.09287697076797485,0.43825802206993103
236.11467051506042,0,12.02436637878418,-0.09200852364301682,0.4349502921104431
236.1479754447937,0,11.969273567199707,-0.09118571877479553,0.43353819847106934
236.1812801361084,0,11.941726684570312,-0.09077431261539459,0.43283215165138245
236.21458435058594,0,12.051849365234375,-0.09218934178352356,0.4364110231399536
236.2478883266449,0,12.12741470336914,-0.09298692643642426,0.4385182857513428
236.28119134902954,0,12.120174407958984,-0.0922023355960846,0.4378684163093567
236.31449437141418,0,12.161571502685547,-0.09322912991046906,0.439362108707428
236.34779691696167,0,12.107379913330078,-0.09221077710390091,0.43764781951904297
236.38109922409058,0,12.117466926574707,-0.09229570627212524,0.43825942277908325
236.41440057754517,0,12.065364837646484,-0.09166637808084488,0.43692004680633545
236.44770193099976,0,12.037667274475098,-0.09159673750400543,0.43576738238334656
236.4810028076172,0,12.062780380249023,-0.09261719882488251,0.43687570095062256
236.51430296897888,0,12.130670547485352,-0.09217327833175659,0.43852320313453674
236.54760313034058,0,12.058245658874512,-0.09147001802921295,0.4365875720977783
236.58090257644653,0,12.123880386352539,-0.09275209903717041,0.4382742941379547
236.61420154571533,0,12.156695365905762,-0.0935525894165039,0.4391593337059021
236.64750027656555,0,12.159334182739258,-0.09357848018407822,0.43957462906837463
236.68079829216003,0,12.11289119720459,-0.09293945133686066,0.4378032684326172
236.68079829216003,1,12.03336238861084,-5.827773571014404,0.5557088851928711
236.71409630775452,0,12.061429977416992,-0.09223327040672302,0.4362089931964874
236.74739360809326,0,12.143571853637695,-0.09341554343700409,0.43826138973236084
236.78069043159485,0,12.068258285522461,-0.09336096048355103,0.4365731477737427
236.81398677825928,0,12.050457000732422,-0.09241794049739838,0.4361385703086853
236.8472831249237,0,11.982318878173828,-0.09139043092727661,0.43413233757019043
236.88057851791382,0,12.092649459838867,-0.09258747100830078,0.4373789429664612
236.91387486457825,0,12.110091209411621,-0.09271115064620972,0.43836337327957153
236.94721674919128,0,12.081640243530273,-0.09195178747177124,0.43714845180511475
236.98051929473877,0,12.131538391113281,-0.09225963056087494,0.43855002522468567
237.01382112503052,0,12.04416275024414,-0.09153260290622711,0.4365432858467102
237.0471227169037,0,12.048666000366211,-0.0916094034910202,0.43647417426109314
237.08042335510254,0,12.07410717010498,-0.09203960746526718,0.43706804513931274
237.1137239933014,0,12.043695449829102,-0.09131225943565369,0.4360891580581665
237.14702367782593,0,12.095596313476562,-0.09249681234359741,0.43838250637054443
237.18032312393188,0,12.1287841796875,-0.09305059164762497,0.4391862154006958
237.21362209320068,0,12.071033477783203,-0.09181775152683258,0.43714821338653564
237.24692034721375,0,12.08627986907959,-0.09120965003967285,0.4377749264240265
237.28021836280823,0,12.129846572875977,-0.09156886488199234,0.4391247630119324
237.31351566314697,0,11.989498138427734,-0.09031932801008224,0.43507587909698486
237.34681272506714,0,12.001380920410156,-0.09067818522453308,0.43532830476760864
237.38010907173157,0,12.033924102783203,-0.09127994626760483,0.43545836210250854
237.41340517997742,0,12.043546676635742,-0.09148307144641876,0.4359317123889923
237.44670057296753,0,12.048357009887695,-0.09158463776111603,0.436168372631073
237.47999548912048,0,12.03080940246582,-0.09131084382534027,0.4358745217323303
237.51328992843628,0,12.165054321289062,-0.09344281256198883,0.44023293256759644
237.54658389091492,0,12.195676803588867,-0.09421345591545105,0.44050389528274536
237.57987713813782,0,12.178825378417969,-0.09390891343355179,0.44024690985679626
237.61317014694214,0,12.096044540405273,-0.09247298538684845,0.43791380524635315
237.6464626789093,0,12.161175727844238,-0.09353284537792206,0.43927639722824097
237.6797547340393,0,12.218260765075684,-0.09443651139736176,0.44131821393966675
237.6797547340393,1,11.754786491394043,-5.692098140716553,0.5398262739181519
237.713045835495,0,12.276862144470215,-0.09438112378120422,0.44379812479019165
237.74633693695068,0,12.080243110656738,-0.09202642738819122,0.4377274513244629
237.7796275615692,0,12.208309173583984,-0.0935557633638382,0.441687673330307
237.812917470932,0,12.231668472290039,-0.09404347836971283,0.4425525367259979
237.84620690345764,0,12.196825981140137,-0.09361082315444946,0.44116610288619995
237.87949585914612,0,12.086161613464355,-0.09251503646373749,0.4379456341266632
237.87949585914612,1,11.869409561157227,-5.751944065093994,0.547839343547821
237.91278457641602,0,12.124067306518555,-0.09305970370769501,0.438967764377594
237.9460735321045,0,12.095267295837402,-0.09247070550918579,0.4372780919075012
237.97938227653503,0,12.09158706665039,-0.09282568097114563,0.43749189376831055
238.01269102096558,0,12.142245292663574,-0.09378494322299957,0.43981659412384033
238.04599905014038,0,12.077754020690918,-0.09241099655628204,0.4376986622810364
238.07930660247803,0,12.176549911499023,-0.09387558698654175,0.44052934646606445
238.07930660247803,1,11.615628242492676,-5.629343032836914,0.5362906455993652
238.1126139163971,0,12.094905853271484,-0.09245631843805313,0.43805503845214844
238.1126139163971,1,11.749832153320312,-5.693378925323486,0.5416553616523743
238.145920753479,0,12.169020652770996,-0.09288463741540909,0.4404795169830322
238.145920753479,1,11.680718421936035,-5.657906532287598,0.5389339923858643
238.17922711372375,0,12.09115219116211,-0.09173476696014404,0.43779486417770386
238.17922711372375,1,11.766204833984375,-5.698881149291992,0.5463805198669434
238.21253299713135,0,12.0333251953125,-0.09157700836658478,0.43626001477241516
238.21253299713135,1,11.675628662109375,-5.655639171600342,0.5405246615409851
238.24583840370178,0,12.023294448852539,-0.09130702912807465,0.4359203577041626
238.27914333343506,0,12.166509628295898,-0.0929940864443779,0.4398531913757324
238.31244802474976,0,12.10984992980957,-0.09209325909614563,0.4378933906555176
238.3457522392273,0,12.061555862426758,-0.09156515449285507,0.436737060546875
238.37905597686768,0,12.035772323608398,-0.09135661274194717,0.43544846773147583
238.4123592376709,0,12.119369506835938,-0.09280626475811005,0.43815213441848755
238.4123592376709,1,11.871307373046875,-5.750306606292725,0.5496695041656494
238.44566226005554,0,12.111143112182617,-0.09356101602315903,0.4378836452960968
238.47896432876587,0,12.136558532714844,-0.09358268976211548,0.4389367699623108
238.5122663974762,0,12.14926528930664,-0.093593530356884,0.439463347196579
238.54556798934937,0,12.08126449584961,-0.09231528639793396,0.4375220239162445
238.5788688659668,0,12.168146133422852,-0.09342324733734131,0.4404697120189667
238.61216974258423,0,12.110668182373047,-0.09230783581733704,0.4382016360759735
238.61216974258423,1,11.938714981079102,-5.782370567321777,0.5519670248031616
238.64546990394592,0,12.136320114135742,-0.09295610338449478,0.43909579515457153
238.64546990394592,1,11.751199722290039,-5.690681457519531,0.5416741371154785
238.67876982688904,0,12.149151802062988,-0.09306713938713074,0.43943771719932556
238.67876982688904,1,11.860544204711914,-5.7437639236450195,0.5489213466644287
238.71206903457642,0,12.187728881835938,-0.0938299223780632,0.4400383532047272
238.71206903457642,1,11.624995231628418,-5.631987571716309,0.5388745069503784
238.74536800384521,0,12.098859786987305,-0.09248899668455124,0.4370990991592407
238.74536800384521,1,11.72453784942627,-5.679758548736572,0.543038010597229
238.77866649627686,0,12.13042163848877,-0.09283357858657837,0.43843936920166016
238.77866649627686,1,11.79145622253418,-5.710097312927246,0.5450887680053711
238.81196451187134,0,12.178363800048828,-0.09371314197778702,0.43953919410705566
238.84526205062866,0,12.115776062011719,-0.09245277941226959,0.4377363920211792
238.87855911254883,0,12.003708839416504,-0.09134228527545929,0.4344395697116852
238.91185593605042,0,11.926441192626953,-0.08989527821540833,0.4324738681316376
238.94515323638916,0,11.889026641845703,-0.08991794288158417,0.4322586953639984
238.97840332984924,0,11.977737426757812,-0.09110917896032333,0.4341452717781067
238.97840332984924,1,11.558258056640625,-5.59742546081543,0.5329806804656982
239.01165294647217,0,12.058757781982422,-0.09195253252983093,0.4359895586967468
239.01165294647217,1,11.617191314697266,-5.625829696655273,0.537543773651123
239.04490160942078,0,12.110370635986328,-0.09256535023450851,0.4378845989704132
239.04490160942078,1,11.848506927490234,-5.74176025390625,0.5466870665550232
239.07814979553223,0,12.16248893737793,-0.09373314678668976,0.4394526481628418
239.11139678955078,0,12.107828140258789,-0.09270967543125153,0.43792885541915894
239.1446430683136,0,12.159149169921875,-0.09329525381326675,0.43816888332366943
239.17788863182068,0,12.08621597290039,-0.09194007515907288,0.43663954734802246
239.21113348007202,0,12.137866020202637,-0.09298712015151978,0.4383002817630768
239.2443778514862,0,12.026012420654297,-0.09192170202732086,0.4354749023914337
239.2443778514862,1,11.874869346618652,-5.7533369064331055,0.5487507581710815
239.27762079238892,0,12.093992233276367,-0.0927630364894867,0.43773239850997925
239.27762079238892,1,11.834146499633789,-5.7325029373168945,0.5450763702392578
239.31086325645447,0,12.1279878616333,-0.0929706022143364,0.4387560188770294
239.31086325645447,1,11.958412170410156,-5.7924089431762695,0.5526100397109985
239.34410500526428,0,12.165477752685547,-0.09361325949430466,0.43980589509010315
239.34410500526428,1,11.615240097045898,-5.626471996307373,0.5364667177200317
239.37734580039978,0,12.201759338378906,-0.09475651383399963,0.4408692717552185
239.37734580039978,1,11.941494941711426,-5.785541534423828,0.5526998043060303
239.41058564186096,0,12.132596969604492,-0.09342090785503387,0.43934333324432373
239.41058564186096,1,12.18985366821289,-5.905499458312988,0.565348744392395
239.44382500648499,0,12.072929382324219,-0.0922289788722992,0.4374620318412781
239.44382500648499,1,11.97665023803711,-5.800206184387207,0.555482029914856
239.4770634174347,0,12.093282699584961,-0.09197704493999481,0.4385426342487335
239.51030135154724,0,12.053272247314453,-0.09150704741477966,0.4370616674423218
239.5435380935669,0,12.164307594299316,-0.09355383366346359,0.44023188948631287
239.5767741203308,0,12.11258602142334,-0.09213380515575409,0.43808791041374207
239.61000967025757,0,12.106067657470703,-0.09230180829763412,0.4378749132156372
239.64324402809143,0,12.086257934570312,-0.09230111539363861,0.4369533956050873
239.64324402809143,1,11.980466842651367,-5.804512977600098,0.5555768013000488
239.67647790908813,0,12.11983871459961,-0.09345878660678864,0.43777337670326233
239.67647790908813,1,11.824820518493652,-5.731888294219971,0.5493080615997314
239.70971083641052,0,12.112674713134766,-0.09383940696716309,0.43845289945602417
239.70971083641052,1,11.82400131225586,-5.732464790344238,0.5515509843826294
239.7429428100586,0,12.169486999511719,-0.09441176056861877,0.43961387872695923
239.7429428100586,1,11.800836563110352,-5.722031593322754,0.5487529039382935
239.77617406845093,0,12.052053451538086,-0.09276674687862396,0.43583014607429504
239.8094048500061,0,12.127510070800781,-0.09351132810115814,0.43834295868873596
239.84263467788696,0,12.132747650146484,-0.09243446588516235,0.4390740990638733
239.8758635520935,0,12.13014030456543,-0.0926346480846405,0.4392109513282776
239.9090917110443,0,12.006881713867188,-0.09115318953990936,0.43543386459350586
239.9423213005066,0,12.030025482177734,-0.09141969680786133,0.43591946363449097
239.9423213005066,1,11.764245986938477,-5.70128870010376,0.5471067428588867
239.9756374359131,0,12.164668083190918,-0.09328591823577881,0.44015228748321533
240.00916123390198,0,12.146110534667969,-0.09283328056335449,0.43951165676116943
240.04268741607666,0,12.099639892578125,-0.09225974231958389,0.43795835971832275
240.07621598243713,0,12.11359691619873,-0.09232018887996674,0.43841469287872314
240.10974669456482,0,12.027389526367188,-0.09080910682678223,0.4360587000846863
240.1432797908783,0,12.077461242675781,-0.09182196855545044,0.4377032518386841
240.1432797908783,1,11.655706405639648,-5.646268367767334,0.5389119386672974
240.17681550979614,0,12.085662841796875,-0.09130918979644775,0.4368990957736969
240.17681550979614,1,11.650535583496094,-5.64430046081543,0.5399068593978882
240.2103533744812,0,12.080865859985352,-0.0923076868057251,0.43733036518096924
240.2103533744812,1,11.63929557800293,-5.638730525970459,0.5410268306732178
240.24389362335205,0,12.101034164428711,-0.09301342070102692,0.4377965033054352
240.24389362335205,1,11.87458610534668,-5.751604080200195,0.5509271621704102
240.2774362564087,0,12.13150405883789,-0.09330889582633972,0.43889319896698
240.2774362564087,1,11.88099193572998,-5.75598669052124,0.5534521341323853
240.31098127365112,0,12.146738052368164,-0.09345663338899612,0.4394415616989136
240.34452867507935,0,12.078363418579102,-0.0923023521900177,0.4368007183074951
240.37807846069336,0,12.088955879211426,-0.09238608181476593,0.43723130226135254
240.41163039207458,0,12.093155860900879,-0.09232814610004425,0.4380500912666321
240.44518494606018,0,12.127564430236816,-0.09296625852584839,0.4390200078487396
240.478741645813,0,12.020872116088867,-0.09166458249092102,0.4355730414390564
240.478741645813,1,11.78428840637207,-5.710141181945801,0.5466504096984863
240.5123007297516,0,12.065367698669434,-0.09110887348651886,0.43666428327560425
240.5123007297516,1,12.161362648010254,-5.894984245300293,0.5646367073059082
240.54586243629456,0,12.134174346923828,-0.0924466922879219,0.4386448860168457
240.54586243629456,1,11.974681854248047,-5.801855087280273,0.5588067173957825
240.57942605018616,0,12.100320816040039,-0.09216420352458954,0.43711668252944946
240.57942605018616,1,11.97085189819336,-5.804213047027588,0.554438591003418
240.6129925251007,0,12.055145263671875,-0.09184564650058746,0.43586570024490356
240.6129925251007,1,12.05790901184082,-5.842958450317383,0.5582278966903687
240.64656114578247,0,12.12906265258789,-0.09281507879495621,0.43824559450149536
240.64656114578247,1,11.980371475219727,-5.805768966674805,0.5565307140350342
240.68013191223145,0,12.071163177490234,-0.09192606806755066,0.4369131326675415
240.68013191223145,1,11.963613510131836,-5.798209190368652,0.554552435874939
240.7137050628662,0,12.116567611694336,-0.09276521950960159,0.43845152854919434
240.7137050628662,1,11.972684860229492,-5.806434631347656,0.5520740747451782
240.74728083610535,0,12.084867477416992,-0.09222571551799774,0.4374282956123352
240.74728083610535,1,12.162967681884766,-5.898106575012207,0.561073899269104
240.78085899353027,0,12.06901741027832,-0.09195595979690552,0.43691667914390564
240.78085899353027,1,11.876253128051758,-5.75982666015625,0.5475114583969116
240.8144392967224,0,12.041139602661133,-0.09149650484323502,0.43624868988990784
240.8144392967224,1,11.874788284301758,-5.7582902908325195,0.5479008555412292
240.84802198410034,0,12.142143249511719,-0.09223365783691406,0.43945765495300293
240.84802198410034,1,11.805278778076172,-5.723968982696533,0.5442067384719849
240.88160705566406,0,12.172561645507812,-0.0930090844631195,0.44004160165786743
240.88160705566406,1,11.708087921142578,-5.674947738647461,0.5397311449050903
240.91519474983215,0,12.112874984741211,-0.09210075438022614,0.4379875659942627
240.9487841129303,0,12.063068389892578,-0.09156890213489532,0.43678414821624756
240.9823706150055,0,12.112520217895508,-0.09258663654327393,0.43838703632354736
241.01573395729065,0,12.157743453979492,-0.09342128038406372,0.4396213889122009
241.0490972995758,0,12.092750549316406,-0.09286075830459595,0.438787579536438
241.08246040344238,0,12.110152244567871,-0.09262070059776306,0.43882930278778076
241.08246040344238,1,11.85425090789795,-5.740913391113281,0.5461957454681396
241.11582374572754,0,12.107181549072266,-0.09169990569353104,0.4382777810096741
241.11582374572754,1,11.947477340698242,-5.787727355957031,0.5496927499771118
241.1491870880127,0,12.131591796875,-0.09244785457849503,0.43868422508239746
241.1491870880127,1,11.937283515930176,-5.783778190612793,0.55343097448349
241.18255066871643,0,12.114473342895508,-0.0923590287566185,0.43877655267715454
241.18255066871643,1,11.828022003173828,-5.728641510009766,0.547473669052124
241.2159140110016,0,12.107010841369629,-0.09241442382335663,0.43821924924850464
241.2159140110016,1,11.965600967407227,-5.797161102294922,0.5527414083480835
241.24927759170532,0,12.031909942626953,-0.09129975736141205,0.4361167252063751
241.24927759170532,1,11.96844482421875,-5.798511505126953,0.5526297092437744
241.28264141082764,0,12.042539596557617,-0.09149298071861267,0.4362608790397644
241.31600499153137,0,11.963081359863281,-0.09058235585689545,0.43395882844924927
241.3493688106537,0,12.030218124389648,-0.09142628312110901,0.43641385436058044
241.38273239135742,0,12.021739959716797,-0.09123166650533676,0.43599727749824524
241.41609621047974,0,12.004476547241211,-0.09153399616479874,0.4350605010986328
241.44946026802063,0,12.028833389282227,-0.09136320650577545,0.4354970455169678
241.44946026802063,1,11.943906784057617,-5.7852678298950195,0.5493276119232178
241.48282432556152,0,12.063095092773438,-0.09181670844554901,0.4371829628944397
241.48282432556152,1,11.594770431518555,-5.617989540100098,0.5357679128646851
241.51618838310242,0,12.036542892456055,-0.09148238599300385,0.4356713891029358
241.51618838310242,1,11.886943817138672,-5.7586445808410645,0.5495471954345703
241.54955220222473,0,12.02490234375,-0.09125971794128418,0.4356260299682617
241.54955220222473,1,11.83984375,-5.733692646026611,0.5480072498321533
241.58291625976562,0,12.045684814453125,-0.09157071262598038,0.43560725450515747
241.58291625976562,1,11.662137985229492,-5.646925449371338,0.540033221244812
241.6162805557251,0,12.103828430175781,-0.09258754551410675,0.4377985894680023
241.6162805557251,1,11.654304504394531,-5.647505760192871,0.5398558378219604
241.64964485168457,0,12.13290023803711,-0.09309595823287964,0.43889427185058594
241.64964485168457,1,11.805419921875,-5.719365119934082,0.5440791249275208
241.68300914764404,0,12.073081970214844,-0.09206650406122208,0.4372375011444092
241.68300914764404,1,11.969271659851074,-5.797532558441162,0.5527788400650024
241.71637344360352,0,12.10031795501709,-0.09222356975078583,0.43805426359176636
241.71637344360352,1,12.02170181274414,-5.823117733001709,0.5572811365127563
241.749737739563,0,12.083393096923828,-0.0920526385307312,0.4368213415145874
241.749737739563,1,12.214268684387207,-5.915545463562012,0.565853476524353
241.78310203552246,0,11.983509063720703,-0.09086218476295471,0.4342390298843384
241.78310203552246,1,11.969383239746094,-5.7991743087768555,0.5562250018119812
241.8164665699005,0,11.916329383850098,-0.08996598422527313,0.43263301253318787
241.84983134269714,0,12.039151191711426,-0.09178517758846283,0.4363114833831787
241.8831958770752,0,12.02457046508789,-0.09146662056446075,0.4352356791496277
241.91656064987183,0,12.039111137390137,-0.0926404595375061,0.4365779161453247
241.94992542266846,0,12.114311218261719,-0.09349676966667175,0.4383111596107483
241.9832899570465,0,12.063787460327148,-0.09226690977811813,0.43694591522216797
241.9832899570465,1,11.886529922485352,-5.757927894592285,0.5514469146728516
242.01664209365845,0,12.002485275268555,-0.09078246355056763,0.4353243112564087
242.01664209365845,1,11.672161102294922,-5.657077789306641,0.5402799844741821
242.0499973297119,0,12.00787353515625,-0.09090975672006607,0.43545252084732056
242.08335256576538,0,12.052614212036133,-0.09158997982740402,0.4371607005596161
242.11670780181885,0,12.030672073364258,-0.09195379912853241,0.4360707104206085
242.15006279945374,0,12.041919708251953,-0.09182000160217285,0.4362378716468811
242.1834180355072,0,12.08995246887207,-0.09158880263566971,0.43802157044410706
242.2167730331421,0,12.12596321105957,-0.09259659051895142,0.4390057325363159
242.2167730331421,1,11.864730834960938,-5.750453948974609,0.5464842319488525
242.25012803077698,0,12.050729751586914,-0.09200792014598846,0.4368654489517212
242.25012803077698,1,11.67054271697998,-5.6531829833984375,0.5377066731452942
242.28348302841187,0,12.126848220825195,-0.0931319147348404,0.43886059522628784
242.28348302841187,1,11.69537353515625,-5.669333457946777,0.5409040451049805
242.31683802604675,0,12.07005500793457,-0.09208448231220245,0.43722063302993774
242.35019278526306,0,12.131479263305664,-0.09341433644294739,0.43968096375465393
242.38354754447937,0,12.007551193237305,-0.0915430337190628,0.43566885590553284
242.41690230369568,0,12.05308723449707,-0.09209448099136353,0.4370657205581665
242.45025730133057,0,12.053138732910156,-0.09164345264434814,0.4364996552467346
242.48361206054688,0,12.090335845947266,-0.0922391414642334,0.43792372941970825
242.48361206054688,1,11.797197341918945,-5.718830108642578,0.5454931855201721
242.51696681976318,0,12.10893440246582,-0.09253698587417603,0.43863576650619507
242.51696681976318,1,11.873937606811523,-5.752903938293457,0.5499346256256104
242.5503213405609,0,12.081062316894531,-0.0918647050857544,0.4372846484184265
242.5503213405609,1,11.666723251342773,-5.653569221496582,0.5393761396408081
242.58367609977722,0,11.982343673706055,-0.09076821804046631,0.4344707131385803
242.61703085899353,0,11.997814178466797,-0.09067656099796295,0.4347904920578003
242.65038537979126,0,12.003891944885254,-0.09110182523727417,0.434702605009079
242.683739900589,0,12.077259063720703,-0.09210887551307678,0.435782253742218
242.71709418296814,0,12.119621276855469,-0.09264352172613144,0.4377809464931488
242.75044870376587,0,12.140796661376953,-0.09312394261360168,0.4388854503631592
242.75044870376587,1,11.632074356079102,-5.63847541809082,0.5370434522628784
242.7838032245636,0,12.140296936035156,-0.09276103973388672,0.4381282925605774
242.7838032245636,1,11.831178665161133,-5.732455253601074,0.546248733997345
242.81715750694275,0,12.038627624511719,-0.09130372107028961,0.43480604887008667
242.81715750694275,1,11.871622085571289,-5.751307010650635,0.5515379905700684
242.85051202774048,0,12.120798110961914,-0.09277981519699097,0.43783092498779297
242.85051202774048,1,11.889796257019043,-5.7588396072387695,0.5503427386283875
242.88386631011963,0,12.16188907623291,-0.09328216314315796,0.43922823667526245
242.91722059249878,0,12.107528686523438,-0.09248418360948563,0.43781664967536926
242.95057487487793,0,12.080358505249023,-0.0918383002281189,0.4368751049041748
242.9839289188385,0,12.100772857666016,-0.0930338054895401,0.437716007232666
243.01728320121765,0,12.16353988647461,-0.09381325542926788,0.4391775131225586
243.05064249038696,0,12.157073974609375,-0.0936167761683464,0.4382399916648865
243.05064249038696,1,11.960012435913086,-5.793099403381348,0.5512930750846863
243.08400177955627,0,12.100008010864258,-0.09161892533302307,0.43645426630973816
243.08400177955627,1,12.032487869262695,-5.829553604125977,0.5566092729568481
243.117360830307,0,12.119902610778809,-0.09200853109359741,0.4369126856327057
243.117360830307,1,11.899415969848633,-5.763058662414551,0.5522845983505249
243.1507203578949,0,12.14094352722168,-0.09259334951639175,0.43834614753723145
243.18407940864563,0,12.101760864257812,-0.09196889400482178,0.43664056062698364
243.21743869781494,0,12.120779037475586,-0.09218351542949677,0.43700581789016724
243.25079822540283,0,12.105823516845703,-0.09110575914382935,0.4390488564968109
243.28415751457214,0,12.1019926071167,-0.08996203541755676,0.44241589307785034
243.31751680374146,0,12.09597396850586,-0.09226028621196747,0.44831299781799316
243.31751680374146,1,11.820237159729004,-5.7229461669921875,0.5530465841293335
243.35087633132935,0,12.144283294677734,-0.09302812814712524,0.4549010992050171
243.38423562049866,0,11.967397689819336,-0.09220033884048462,0.45643430948257446
243.41759514808655,0,12.04454231262207,-0.09381476044654846,0.4668741524219513
243.45095467567444,0,11.986669540405273,-0.09330369532108307,0.4707939028739929
243.48431396484375,0,12.021644592285156,-0.0947415828704834,0.481336772441864
243.51767373085022,0,12.208847045898438,-0.09678368270397186,0.495575875043869
243.51767373085022,1,11.796318054199219,-5.683333873748779,0.5769538283348083
243.5510332584381,0,11.98275375366211,-0.09612320363521576,0.49284183979034424
243.5510332584381,1,12.015717506408691,-5.770833492279053,0.6041960716247559
243.584392786026,0,12.070591926574707,-0.09707571566104889,0.5050344467163086
243.584392786026,1,11.881143569946289,-5.692356109619141,0.6112147569656372
243.6177523136139,0,12.19558334350586,-0.09765687584877014,0.5150789022445679
243.6177523136139,1,11.546175003051758,-5.547163963317871,0.6001837849617004
243.65111184120178,0,12.230566024780273,-0.09868995100259781,0.5199107527732849
243.65111184120178,1,11.810224533081055,-5.6540679931640625,0.6212457418441772
243.68447184562683,0,12.134093284606934,-0.09693260490894318,0.5195508003234863
243.71783137321472,0,12.03059196472168,-0.09531106799840927,0.5187340974807739
243.7511909008026,0,11.971317291259766,-0.09544573724269867,0.518160343170166
243.78455066680908,0,11.972369194030762,-0.09380495548248291,0.5181106925010681
243.81791043281555,0,11.993968963623047,-0.0931476503610611,0.5186596512794495
243.85126996040344,0,12.194454193115234,-0.09331455826759338,0.5244770050048828
243.85126996040344,1,11.963098526000977,-5.690460205078125,0.6307439804077148
243.8846299648285,0,12.243884086608887,-0.09347277879714966,0.5236184000968933
243.8846299648285,1,12.203665733337402,-5.7782721519470215,0.6402927041053772
243.91798973083496,0,12.370794296264648,-0.09105053544044495,0.5260660648345947
243.91798973083496,1,12.203115463256836,-5.759117126464844,0.6371419429779053
243.95134973526,0,12.563323974609375,-0.09013515710830688,0.5289390683174133
243.95134973526,1,12.512208938598633,-5.889715194702148,0.6489972472190857
243.98470950126648,0,12.681689262390137,-0.09011560678482056,0.5318653583526611
243.98470950126648,1,12.597784996032715,-5.919092178344727,0.6526416540145874
244.01806902885437,0,12.668217658996582,-0.08841265738010406,0.5281217694282532
244.01806902885437,1,12.610294342041016,-5.913630962371826,0.6491614580154419
244.05141949653625,0,12.625452041625977,-0.08632495999336243,0.5228115320205688
244.08476972579956,0,12.715744018554688,-0.08841437101364136,0.5200983285903931
244.11812019348145,0,12.75230598449707,-0.08797581493854523,0.5161131620407104
244.15147018432617,0,12.767507553100586,-0.08800967037677765,0.5142782926559448
244.18482041358948,0,12.711288452148438,-0.0881873071193695,0.5083901882171631
244.2181704044342,0,12.600263595581055,-0.08833600580692291,0.49737733602523804
244.2181704044342,1,12.568065643310547,-5.85884952545166,0.6316736936569214
244.25152039527893,0,12.635293960571289,-0.09059695154428482,0.4934002757072449
244.25152039527893,1,12.697282791137695,-5.897886276245117,0.6274784207344055
244.28487014770508,0,12.738529205322266,-0.09300222992897034,0.49465733766555786
244.28487014770508,1,12.712523460388184,-5.890356063842773,0.6197579503059387
244.3182201385498,0,12.70766544342041,-0.09428731352090836,0.48912763595581055
244.3182201385498,1,12.103889465332031,-5.597997665405273,0.5854611396789551
244.35156989097595,0,12.551929473876953,-0.09505665302276611,0.4780217111110687
244.38491940498352,0,12.491992950439453,-0.09632742404937744,0.4735327959060669
244.41826915740967,0,12.462014198303223,-0.09637464582920074,0.46753689646720886
244.45161867141724,0,12.46374225616455,-0.09636253863573074,0.46479713916778564
244.4849681854248,0,12.5426607131958,-0.099411241710186,0.46478980779647827
244.51831769943237,0,12.582119941711426,-0.10093559324741364,0.4647861421108246
244.55166673660278,0,12.54745864868164,-0.1019749790430069,0.46254146099090576
244.58501625061035,0,12.530128479003906,-0.10249467194080353,0.46141910552978516
244.61836528778076,0,12.544328689575195,-0.1012088879942894,0.45872020721435547
244.65171432495117,0,12.506582260131836,-0.10056230425834656,0.4553903639316559
244.68506360054016,0,12.466903686523438,-0.09936583042144775,0.45137733221054077
244.718412399292,0,12.37080192565918,-0.09811531752347946,0.4473572075366974
244.75176119804382,0,12.459003448486328,-0.09984017163515091,0.4512854814529419
244.78511023521423,0,12.413610458374023,-0.09800256788730621,0.4485624432563782
244.81845903396606,0,12.410799026489258,-0.09806737303733826,0.4487821161746979
244.85180759429932,0,12.429544448852539,-0.09764182567596436,0.44829344749450684
244.88515639305115,0,12.524118423461914,-0.09854286909103394,0.451474666595459
244.9185049533844,0,12.59068489074707,-0.09798087179660797,0.4547385275363922
244.95185327529907,0,12.608726501464844,-0.09846071153879166,0.45490992069244385
244.98520159721375,0,12.612473487854004,-0.09881097078323364,0.4566389322280884
245.018550157547,0,12.590463638305664,-0.09686972200870514,0.4569019377231598
245.05190134048462,0,12.630552291870117,-0.09671708941459656,0.45768073201179504
245.08525156974792,0,12.652087211608887,-0.09265772998332977,0.45803338289260864
245.11860179901123,0,12.652585983276367,-0.09082479774951935,0.45939481258392334
245.15195202827454,0,12.652835845947266,-0.08990833163261414,0.4600755572319031
245.18530201911926,0,12.636314392089844,-0.08846944570541382,0.45851290225982666
245.21865224838257,0,12.764582633972168,-0.08822812139987946,0.4647256135940552
245.25200200080872,0,12.761224746704102,-0.08524410426616669,0.46367689967155457
245.25200200080872,1,11.857397079467773,-5.472792148590088,0.5447214841842651
245.28535175323486,0,12.703178405761719,-0.08297789096832275,0.4609309434890747
245.3187017440796,0,12.732446670532227,-0.08397550880908966,0.462125301361084
245.35205149650574,0,12.652053833007812,-0.08264649659395218,0.4581156373023987
245.38540148735046,0,12.631196975708008,-0.0840584933757782,0.45784324407577515
245.41875100135803,0,12.564640045166016,-0.08505209535360336,0.4563049376010895
245.45210099220276,0,12.632884979248047,-0.08676384389400482,0.4584282636642456
245.45210099220276,1,12.056442260742188,-5.5623369216918945,0.5550965666770935
245.48545050621033,0,12.691031455993652,-0.08779451251029968,0.4614039957523346
245.51879978179932,0,12.779449462890625,-0.08893151581287384,0.4657820165157318
245.55214953422546,0,12.716270446777344,-0.08864094316959381,0.4632359743118286
245.58549880981445,0,12.702265739440918,-0.0892435610294342,0.4619947075843811
245.61884808540344,0,12.725486755371094,-0.08964000642299652,0.46219733357429504
245.652197599411,0,12.706873893737793,-0.08974309265613556,0.4614754021167755
245.652197599411,1,11.950701713562012,-5.513262748718262,0.5506168603897095
245.685546875,0,12.652915954589844,-0.08903682231903076,0.45934051275253296
245.718896150589,0,12.577993392944336,-0.08962537348270416,0.4574209749698639
245.75224542617798,0,12.54776382446289,-0.08869212120771408,0.45558902621269226
245.7855944633484,0,12.575302124023438,-0.08965277671813965,0.45706552267074585
245.8189435005188,0,12.600502014160156,-0.0895681232213974,0.4583444893360138
245.8522925376892,0,12.591413497924805,-0.08996941149234772,0.4576035439968109
245.88564133644104,0,12.684402465820312,-0.09071579575538635,0.4599170684814453
245.91899037361145,0,12.633367538452148,-0.09088526666164398,0.4582231044769287
245.95233917236328,0,12.530986785888672,-0.08978325873613358,0.45482301712036133
245.9856879711151,0,12.55324935913086,-0.0899059846997261,0.45730045437812805
246.01903676986694,0,12.641855239868164,-0.09138808399438858,0.46188199520111084
246.05238556861877,0,12.608683586120605,-0.09070839732885361,0.4608299434185028
246.08575415611267,0,12.684538841247559,-0.09202034771442413,0.46589189767837524
246.1191234588623,0,12.592123031616211,-0.09118576347827911,0.46106669306755066
246.15249228477478,0,12.510360717773438,-0.08957512676715851,0.45642077922821045
246.18586134910583,0,12.613082885742188,-0.09127616882324219,0.46171075105667114
246.2192304134369,0,12.671772003173828,-0.09207317233085632,0.4640871584415436
246.2525999546051,0,12.701116561889648,-0.09247167408466339,0.4652753472328186
246.28596925735474,0,12.600412368774414,-0.09176501631736755,0.46066683530807495
246.31933903694153,0,12.65771484375,-0.09083970636129379,0.46138811111450195
246.35270857810974,0,12.608579635620117,-0.09145675599575043,0.4589051604270935
246.38607835769653,0,12.596683502197266,-0.09041637927293777,0.45913076400756836
246.4194483757019,0,12.512641906738281,-0.08919043838977814,0.4554527997970581
246.4528181552887,0,12.473861694335938,-0.0887216329574585,0.4543039798736572
246.48618817329407,0,12.495697021484375,-0.08824025094509125,0.45403051376342773
246.51955842971802,0,12.499383926391602,-0.0892270877957344,0.4547659754753113
246.55292868614197,0,12.545243263244629,-0.08995799720287323,0.45653223991394043
246.5862991809845,0,12.609169006347656,-0.08972857892513275,0.4578120708465576
246.5862991809845,1,11.679498672485352,-5.391962051391602,0.5325440168380737
246.61966967582703,0,12.668415069580078,-0.09067191183567047,0.46021974086761475
246.65304040908813,0,12.617931365966797,-0.08974616229534149,0.4585126042366028
246.68641090393066,0,12.602556228637695,-0.08978627622127533,0.4585249423980713
246.71978187561035,0,12.628080368041992,-0.09019014239311218,0.45961326360702515
246.75315260887146,0,12.708671569824219,-0.08993441611528397,0.46198832988739014
246.78652381896973,0,12.609381675720215,-0.0903102308511734,0.4582064151763916
246.78652381896973,1,11.875982284545898,-5.481575965881348,0.5443143844604492
246.8198947906494,0,12.712115287780762,-0.09063515067100525,0.46304604411125183
246.85326623916626,0,12.655536651611328,-0.08948284387588501,0.46012580394744873
246.88663744926453,0,12.636155128479004,-0.08915920555591583,0.4595505893230438
246.92000913619995,0,12.623958587646484,-0.0892232358455658,0.4590504765510559
246.9533805847168,0,12.648527145385742,-0.08971720933914185,0.4589930772781372
246.98675227165222,0,12.668394088745117,-0.08978169411420822,0.4598732590675354
246.98675227165222,1,11.788801193237305,-5.441352844238281,0.5423731803894043
247.02012395858765,0,12.710589408874512,-0.08998142182826996,0.46272456645965576
247.0534954071045,0,12.814348220825195,-0.09097328782081604,0.4676963686943054
247.08684754371643,0,12.860177993774414,-0.09136027097702026,0.46914076805114746
247.1201994419098,0,12.774219512939453,-0.09092667698860168,0.4648740291595459
247.15395283699036,0,12.731241226196289,-0.0907098799943924,0.4627406597137451
247.18770909309387,0,12.702168464660645,-0.09010452032089233,0.46091628074645996
247.2214674949646,0,12.735086441040039,-0.0896473079919815,0.4615362882614136
247.2552285194397,0,12.72114372253418,-0.08979564160108566,0.46119481325149536
247.28899216651917,0,12.813577651977539,-0.09095899760723114,0.46580225229263306
247.322758436203,0,12.750919342041016,-0.09040258824825287,0.4632778763771057
247.35652685165405,0,12.695480346679688,-0.09024298936128616,0.46065980195999146
247.39029812812805,0,12.677335739135742,-0.08923608064651489,0.45821958780288696
247.42407178878784,0,12.647186279296875,-0.08862493932247162,0.457703560590744
247.45784783363342,0,12.636693954467773,-0.0886387750506401,0.458179771900177
247.49162673950195,0,12.62686538696289,-0.08832629024982452,0.45768365263938904
247.52540802955627,0,12.621950149536133,-0.08817004412412643,0.45743560791015625
247.5591917037964,0,12.646875381469727,-0.08888987451791763,0.4576910734176636
247.59297800064087,0,12.655299186706543,-0.0894870012998581,0.45872753858566284
247.62676692008972,0,12.575885772705078,-0.08938479423522949,0.45662805438041687
247.66055822372437,0,12.637796401977539,-0.09091350436210632,0.4603566825389862
247.69435214996338,0,12.556526184082031,-0.09079359471797943,0.45717135071754456
247.72814846038818,0,12.596202850341797,-0.09001608192920685,0.45835238695144653
247.76194763183594,0,12.708995819091797,-0.09043961763381958,0.46327537298202515
247.79574918746948,0,12.615852355957031,-0.09067471325397491,0.46016812324523926
247.82955312728882,0,12.59770393371582,-0.09098419547080994,0.45903193950653076
247.86335945129395,0,12.58024787902832,-0.09174023568630219,0.4581620395183563
247.89716839790344,0,12.663787841796875,-0.09177297353744507,0.4617314338684082
247.9309802055359,0,12.65638256072998,-0.09035123884677887,0.46167078614234924
247.96479415893555,0,12.721012115478516,-0.09120865166187286,0.4643750786781311
247.99861097335815,0,12.729900360107422,-0.09271588921546936,0.46501126885414124
248.03242993354797,0,12.745622634887695,-0.09240485727787018,0.46601808071136475
248.06625175476074,0,12.643686294555664,-0.09093092381954193,0.4610983729362488
248.1000759601593,0,12.626758575439453,-0.0897841528058052,0.4604683220386505
248.13389205932617,0,12.570558547973633,-0.08971202373504639,0.45763829350471497
248.1672821044922,0,12.522906303405762,-0.08980409801006317,0.45590758323669434
248.200608253479,0,12.529214859008789,-0.09033600986003876,0.4566987454891205
248.23393440246582,0,12.547147750854492,-0.09031519293785095,0.45761093497276306
248.26726007461548,0,12.512351989746094,-0.08922313153743744,0.45518454909324646
248.30058550834656,0,12.533388137817383,-0.08850367367267609,0.45532894134521484
248.33391094207764,0,12.480993270874023,-0.088234081864357,0.45355188846588135
248.36723589897156,0,12.590350151062012,-0.09033814072608948,0.45881861448287964
248.4005606174469,0,12.544702529907227,-0.09065805375576019,0.45731520652770996
248.4005606174469,1,11.558272361755371,-5.3394551277160645,0.5341342687606812
248.43388533592224,0,12.509978294372559,-0.09027712047100067,0.455746054649353
248.46720957756042,0,12.544848442077637,-0.0919545516371727,0.4580315351486206
248.50053358078003,0,12.641818046569824,-0.09308883547782898,0.461839497089386
248.53385758399963,0,12.67966365814209,-0.09312795102596283,0.4623643457889557
248.5671808719635,0,12.619606018066406,-0.09185827523469925,0.4595593810081482
248.60050415992737,0,12.524103164672852,-0.08991138637065887,0.4556671380996704
248.60050415992737,1,11.833626747131348,-5.46232795715332,0.5467323660850525
248.63382744789124,0,12.63571548461914,-0.09085854887962341,0.46048399806022644
248.66715025901794,0,12.594541549682617,-0.09074020385742188,0.45835644006729126
248.70047307014465,0,12.590206146240234,-0.09210456907749176,0.4587129056453705
248.73379516601562,0,12.645776748657227,-0.09208707511425018,0.46200495958328247
248.76711750030518,0,12.688116073608398,-0.09224480390548706,0.46433591842651367
248.80043935775757,0,12.605175018310547,-0.09142396599054337,0.46117526292800903
248.8337607383728,0,12.642383575439453,-0.09189657866954803,0.46278536319732666
248.86708235740662,0,12.671045303344727,-0.092169389128685,0.4634353518486023
248.9004032611847,0,12.72719669342041,-0.0924794003367424,0.4671294689178467
248.93372440338135,0,12.721501350402832,-0.09272830188274384,0.46706509590148926
248.96704506874084,0,12.714963912963867,-0.0930250808596611,0.46542593836784363
249.00036549568176,0,12.782693862915039,-0.09294840693473816,0.46853339672088623
249.0336856842041,0,12.641200065612793,-0.09164979308843613,0.46238744258880615
249.06700563430786,0,12.725115776062012,-0.09182696044445038,0.4659059941768646
249.10032558441162,0,12.60018539428711,-0.09086157381534576,0.46004143357276917
249.13364481925964,0,12.58604621887207,-0.09027138352394104,0.45882686972618103
249.16696572303772,0,12.658252716064453,-0.09157077968120575,0.4626452326774597
249.20030975341797,0,12.659270286560059,-0.09138230234384537,0.4626625180244446
249.23365378379822,0,12.579488754272461,-0.09122033417224884,0.45936042070388794
249.26699805259705,0,12.663408279418945,-0.0915130227804184,0.4623306393623352
249.3003420829773,0,12.611421585083008,-0.09148035943508148,0.4595524072647095
249.33368611335754,0,12.670940399169922,-0.09217527508735657,0.46300798654556274
249.3670301437378,0,12.659063339233398,-0.092240110039711,0.4616515636444092
249.40037417411804,0,12.669328689575195,-0.09257525205612183,0.4629552662372589
249.4337179660797,0,12.702035903930664,-0.09243088215589523,0.4629850685596466
249.46706199645996,0,12.711603164672852,-0.09139987826347351,0.4634757936000824
249.5004060268402,0,12.701009750366211,-0.09244712442159653,0.4639737010002136
249.53375005722046,0,12.733487129211426,-0.09259515255689621,0.46644356846809387
249.56709384918213,0,12.70654010772705,-0.09275276958942413,0.46535128355026245
249.60043787956238,0,12.703123092651367,-0.09259748458862305,0.4647182822227478
249.63378167152405,0,12.601415634155273,-0.09182792901992798,0.46038830280303955
249.66712546348572,0,12.674649238586426,-0.09049808979034424,0.4629095196723938
249.7004692554474,0,12.629077911376953,-0.08933200687170029,0.4597660303115845
249.73381328582764,0,12.595767974853516,-0.08952145278453827,0.4588257968425751
249.7671570777893,0,12.53551197052002,-0.0900975689291954,0.456405907869339
249.80050086975098,0,12.612099647521973,-0.09205032885074615,0.4608602821826935
249.83384442329407,0,12.671279907226562,-0.0924602597951889,0.46366190910339355
249.86718821525574,0,12.74781608581543,-0.09261053055524826,0.46731406450271606
249.9005320072174,0,12.623761177062988,-0.09148085117340088,0.46177777647972107
249.9338755607605,0,12.582757949829102,-0.09084046632051468,0.4588608145713806
249.96721935272217,0,12.538106918334961,-0.08963853120803833,0.4563119411468506
250.00056314468384,0,12.506681442260742,-0.09015610814094543,0.45514899492263794
250.03390645980835,0,12.490967750549316,-0.0900261402130127,0.45466291904449463
250.06725025177002,0,12.589889526367188,-0.09159678220748901,0.4596492648124695
250.1005938053131,0,12.568990707397461,-0.09133457392454147,0.45741671323776245
250.1339373588562,0,12.67148494720459,-0.09193165600299835,0.4619225561618805
250.1672821044922,0,12.553282737731934,-0.0900922417640686,0.4575388729572296
250.20066809654236,0,12.528593063354492,-0.09063304215669632,0.4563570022583008
250.2340054512024,0,12.629524230957031,-0.09151779115200043,0.46151190996170044
250.26734256744385,0,12.67999267578125,-0.09219399094581604,0.4639877378940582
250.30067944526672,0,12.57762336730957,-0.091045081615448,0.45908230543136597
250.3340163230896,0,12.654041290283203,-0.09195762872695923,0.462772935628891
250.3673529624939,0,12.676874160766602,-0.09219992160797119,0.46342912316322327
250.4006896018982,0,12.6882905960083,-0.09232106804847717,0.4637572169303894
250.4340260028839,0,12.68110466003418,-0.09221519529819489,0.46404898166656494
250.46736192703247,0,12.690901756286621,-0.0934000238776207,0.46476197242736816
250.50069785118103,0,12.583078384399414,-0.09164810180664062,0.45946943759918213
250.534033536911,0,12.641392707824707,-0.09204515814781189,0.46177738904953003
250.567369222641,0,12.53499984741211,-0.09036320447921753,0.4566001892089844
250.6007046699524,0,12.514225006103516,-0.08981660008430481,0.45517152547836304
250.6007046699524,1,12.417638778686523,-5.7244744300842285,0.5711819529533386
250.63403987884521,0,12.529807090759277,-0.08994809538125992,0.4562998414039612
250.63403987884521,1,12.20729923248291,-5.631025314331055,0.5616222023963928
250.66737484931946,0,12.638565063476562,-0.09060002118349075,0.4609360098838806
250.70070958137512,0,12.558061599731445,-0.08936554193496704,0.45684707164764404
250.7340443134308,0,12.57142448425293,-0.08937077224254608,0.45810168981552124
250.76737880706787,0,12.698454856872559,-0.0908365398645401,0.4628317952156067
250.8007128238678,0,12.61819076538086,-0.09128095209598541,0.45861536264419556
250.83404684066772,0,12.57657241821289,-0.08962972462177277,0.45756328105926514
250.83404684066772,1,12.14395523071289,-5.602288246154785,0.5596219301223755
250.86738085746765,0,12.580678939819336,-0.08950286358594894,0.4584597945213318
250.900714635849,0,12.640192985534668,-0.09097253531217575,0.46127253770828247
250.93404817581177,0,12.590971946716309,-0.09021476656198502,0.45872560143470764
250.96738147735596,0,12.581439971923828,-0.09031150490045547,0.45806604623794556
251.00071454048157,0,12.561595916748047,-0.08988425135612488,0.4571223556995392
251.03404760360718,0,12.551673889160156,-0.08967062830924988,0.4566504955291748
251.0673804283142,0,12.55850601196289,-0.09052686393260956,0.4571896195411682
251.10071325302124,0,12.550129890441895,-0.09036347270011902,0.456566721200943
251.13404536247253,0,12.489368438720703,-0.0895223617553711,0.45399484038352966
251.1673777103424,0,12.72008228302002,-0.08995853364467621,0.4634963870048523
251.2007110118866,0,12.577581405639648,-0.08910568058490753,0.4583258032798767
251.2340703010559,0,12.562841415405273,-0.09043491631746292,0.4565832018852234
251.26742959022522,0,12.638526916503906,-0.09139467775821686,0.4600222706794739
251.30078887939453,0,12.673452377319336,-0.09134383499622345,0.46331530809402466
251.33414793014526,0,12.586579322814941,-0.09084750711917877,0.45977839827537537
251.36750721931458,0,12.65203857421875,-0.0917559340596199,0.4615398645401001
251.4008665084839,0,12.692888259887695,-0.0929466038942337,0.4628164768218994
251.4342257976532,0,12.72907829284668,-0.0925237238407135,0.46541500091552734
251.4675850868225,0,12.578842163085938,-0.09060248732566833,0.45841896533966064
251.50094437599182,0,12.62923812866211,-0.09057871252298355,0.46019458770751953
251.53430342674255,0,12.63449478149414,-0.09060854464769363,0.45973700284957886
251.56766295433044,0,12.586211204528809,-0.09116695821285248,0.45706796646118164
251.60102224349976,0,12.5703125,-0.08914706856012344,0.4564804136753082
251.6343812942505,0,12.677517890930176,-0.09038048982620239,0.460457980632782
251.66774082183838,0,12.615965843200684,-0.0887538343667984,0.4581754207611084
251.7011001110077,0,12.660594940185547,-0.08983618021011353,0.45961472392082214
251.73445916175842,0,12.793163299560547,-0.09296019375324249,0.4634474217891693
251.7678186893463,0,12.802756309509277,-0.09350376576185226,0.46382832527160645
251.80117797851562,0,12.707499504089355,-0.09358237683773041,0.460302472114563
251.83453750610352,0,12.792928695678711,-0.09445884078741074,0.4619136452674866
251.86789679527283,0,12.784700393676758,-0.09491890668869019,0.4616878032684326
251.90125608444214,0,12.71446418762207,-0.09449353814125061,0.4589426815509796
251.93461537361145,0,12.729978561401367,-0.09467875957489014,0.46038326621055603
251.96797466278076,0,12.605751037597656,-0.09472672641277313,0.45561110973358154
252.00133395195007,0,12.560062408447266,-0.09242677688598633,0.4549694061279297
252.03469347953796,0,12.518810272216797,-0.09027892351150513,0.45386379957199097
252.06805276870728,0,12.536617279052734,-0.08903156220912933,0.4546685814857483
252.1014120578766,0,12.630967140197754,-0.08940497785806656,0.45860815048217773
252.13477158546448,0,12.61982536315918,-0.09003804624080658,0.4572301506996155
252.13477158546448,1,11.740079879760742,-5.417487621307373,0.542961061000824
252.1681308746338,0,12.565288543701172,-0.08919666707515717,0.45577436685562134
252.20149111747742,0,12.559856414794922,-0.08849044144153595,0.4556238651275635
252.23487401008606,0,12.517556190490723,-0.08958206325769424,0.4548049569129944
252.26820707321167,0,12.643416404724121,-0.08973069489002228,0.4595450162887573
252.3015398979187,0,12.607927322387695,-0.08934362977743149,0.4583837389945984
252.33487248420715,0,12.518266677856445,-0.08901244401931763,0.45490336418151855
252.36820459365845,0,12.508987426757812,-0.09003540873527527,0.45548081398010254
252.40153670310974,0,12.474374771118164,-0.09028425067663193,0.45429331064224243
252.43486857414246,0,12.472543716430664,-0.09087161719799042,0.4550855755805969
252.46819972991943,0,12.670675277709961,-0.09149916470050812,0.46135449409484863
252.501531124115,0,12.549636840820312,-0.08973182737827301,0.45656466484069824
252.5348620414734,0,12.553983688354492,-0.08978050947189331,0.45725196599960327
252.5681927204132,0,12.515769958496094,-0.08895578980445862,0.45500504970550537
252.60152316093445,0,12.513260841369629,-0.08865553140640259,0.45466184616088867
252.6348533630371,0,12.564657211303711,-0.08920234441757202,0.45551711320877075
252.6681833267212,0,12.557010650634766,-0.09066998213529587,0.45686274766921997
252.7015130519867,0,12.652170181274414,-0.09123784303665161,0.4610818028450012
252.73484253883362,0,12.62393569946289,-0.09000544250011444,0.4590427279472351
252.76817178726196,0,12.605568885803223,-0.08875367790460587,0.45751526951789856
252.80150055885315,0,12.583165168762207,-0.08863457292318344,0.4564628005027771
252.83482909202576,0,12.530355453491211,-0.08803296089172363,0.45481157302856445
252.86815786361694,0,12.587007522583008,-0.08846904337406158,0.45640432834625244
252.9014859199524,0,12.587108612060547,-0.08833266794681549,0.45601117610931396
252.93481373786926,0,12.61343002319336,-0.0894855260848999,0.4576452970504761
252.96814131736755,0,12.526445388793945,-0.08938908576965332,0.4538484811782837
253.00146889686584,0,12.518598556518555,-0.08887217938899994,0.45408356189727783
253.03479599952698,0,12.580780029296875,-0.0898812934756279,0.45655736327171326
253.06812286376953,0,12.504693984985352,-0.08928127586841583,0.4539901614189148
253.1014494895935,0,12.553878784179688,-0.08918853104114532,0.4558166265487671
253.1347758769989,0,12.594879150390625,-0.0892135500907898,0.457675039768219
253.16810202598572,0,12.61790943145752,-0.09057003259658813,0.4593098759651184
253.20142793655396,0,12.534490585327148,-0.08978566527366638,0.4552345275878906
253.2347550392151,0,12.505857467651367,-0.0884435772895813,0.453698992729187
253.26807355880737,0,12.59274673461914,-0.08949925750494003,0.4578346014022827
253.3013916015625,0,12.62240219116211,-0.08928258717060089,0.4600713849067688
253.33470940589905,0,12.581478118896484,-0.09044813364744186,0.4578327536582947
253.3680272102356,0,12.529512405395508,-0.08893974125385284,0.45549654960632324
253.4013442993164,0,12.589244842529297,-0.08893461525440216,0.45855334401130676
253.43466114997864,0,12.644475936889648,-0.09068840742111206,0.46131932735443115
253.4679777622223,0,12.608192443847656,-0.0905483216047287,0.4593629240989685
253.5012936592102,0,12.62397289276123,-0.09096376597881317,0.4592372179031372
253.53460955619812,0,12.567361831665039,-0.08965952694416046,0.4567779302597046
253.56792521476746,0,12.670642852783203,-0.09110605716705322,0.46079838275909424
253.60124015808105,0,12.582046508789062,-0.09018802642822266,0.45727062225341797
253.63455510139465,0,12.671834945678711,-0.09067346900701523,0.46091973781585693
253.66786909103394,0,12.643047332763672,-0.09093769639730453,0.45937156677246094
253.70118308067322,0,12.714344024658203,-0.0915018767118454,0.46322545409202576
253.73449683189392,0,12.635147094726562,-0.0905647873878479,0.4597949981689453
253.76781010627747,0,12.721885681152344,-0.09030638635158539,0.4632484018802643
253.80112314224243,0,12.774900436401367,-0.09024868905544281,0.4654988944530487
253.83443593978882,0,12.732902526855469,-0.08941999077796936,0.4623691439628601
253.86774802207947,0,12.580755233764648,-0.08905062079429626,0.4568960666656494
253.90105986595154,0,12.504676818847656,-0.08850756287574768,0.45433545112609863
253.93437147140503,0,12.586786270141602,-0.08834094554185867,0.4581225514411926
253.96768260002136,0,12.548768997192383,-0.08834811300039291,0.4562205672264099
254.00099349021912,0,12.637886047363281,-0.08755548298358917,0.45898568630218506
254.0343039035797,0,12.555554389953613,-0.08876368403434753,0.45596927404403687
254.06761407852173,0,12.533148765563965,-0.08821913599967957,0.4553339183330536
254.1009237766266,0,12.549724578857422,-0.08861841261386871,0.45545271039009094
254.13423323631287,0,12.647098541259766,-0.0896572470664978,0.4586707353591919
254.167542219162,0,12.708885192871094,-0.0908326655626297,0.4601024389266968
254.2008512020111,0,12.719654083251953,-0.0912410318851471,0.46043241024017334
254.23416090011597,0,12.600929260253906,-0.08953279256820679,0.455818772315979
254.2674844264984,0,12.58084487915039,-0.0890241265296936,0.4556145668029785
254.3008074760437,0,12.547237396240234,-0.08904008567333221,0.4548470973968506
254.3341302871704,0,12.586227416992188,-0.09078608453273773,0.4575878381729126
254.36745262145996,0,12.684795379638672,-0.09190219640731812,0.46396201848983765
254.40077471733093,0,12.610559463500977,-0.09101978689432144,0.45966798067092896
254.43409657478333,0,12.541303634643555,-0.08949969708919525,0.4553597569465637
254.46741795539856,0,12.65131950378418,-0.09056809544563293,0.4613441526889801
254.50073909759521,0,12.70646858215332,-0.09120427817106247,0.4629899263381958
254.5340600013733,0,12.567537307739258,-0.08994276821613312,0.4572064280509949
254.5673806667328,0,12.644351959228516,-0.09048332273960114,0.4605967402458191
254.60070061683655,0,12.640117645263672,-0.09021301567554474,0.45993393659591675
254.6340208053589,0,12.597270965576172,-0.08899861574172974,0.4577036499977112
254.6673402786255,0,12.59648609161377,-0.0888858288526535,0.4573536515235901
254.7006597518921,0,12.71760082244873,-0.0893239974975586,0.46148550510406494
254.73397874832153,0,12.608654022216797,-0.09019118547439575,0.45877188444137573
254.7672975063324,0,12.669557571411133,-0.0915306806564331,0.4626177251338959
254.8006157875061,0,12.717483520507812,-0.09217217564582825,0.46420884132385254
254.83393383026123,0,12.77367877960205,-0.09198550879955292,0.4674386978149414
254.86725163459778,0,12.65771484375,-0.0907212495803833,0.4618086814880371
254.90056920051575,0,12.566484451293945,-0.09030871093273163,0.4579927921295166
254.93388628959656,0,12.53962516784668,-0.09043735265731812,0.4568489193916321
254.9672029018402,0,12.507440567016602,-0.09055551886558533,0.4554174542427063
255.00051951408386,0,12.52777099609375,-0.09115983545780182,0.4551290273666382
255.03383564949036,0,12.607330322265625,-0.089962437748909,0.457684189081192
255.06715154647827,0,12.541292190551758,-0.08992931246757507,0.45593053102493286
255.1004674434662,0,12.544696807861328,-0.09084673225879669,0.45538556575775146
255.13378262519836,0,12.596837043762207,-0.08988811075687408,0.4584978520870209
255.16709756851196,0,12.545143127441406,-0.08957905322313309,0.4561203718185425
255.20041227340698,0,12.577493667602539,-0.08937636017799377,0.45773714780807495
255.23372793197632,0,12.574699401855469,-0.08952878415584564,0.4576747417449951
255.26709723472595,0,12.54611587524414,-0.08864382654428482,0.4557158946990967
255.30038356781006,0,12.510684967041016,-0.08927000313997269,0.4549463987350464
255.33366894721985,0,12.639922142028809,-0.09058679640293121,0.4582747519016266
255.36695384979248,0,12.637903213500977,-0.09026475250720978,0.4587729275226593
255.4002377986908,0,12.589826583862305,-0.08986087143421173,0.45747578144073486
255.43352103233337,0,12.5768461227417,-0.090474933385849,0.4575120508670807
255.46680355072021,0,12.630434036254883,-0.08880381286144257,0.458401620388031
255.50008535385132,0,12.770816802978516,-0.09040310233831406,0.46450304985046387
255.53336596488953,0,12.608438491821289,-0.09038998186588287,0.4588233232498169
255.56664633750916,0,12.654072761535645,-0.09141609072685242,0.4614543318748474
255.5999255180359,0,12.6876220703125,-0.0908924788236618,0.462710440158844
255.63320422172546,0,12.620048522949219,-0.09010279178619385,0.45910531282424927
255.66648197174072,0,12.683685302734375,-0.09067736566066742,0.46233874559402466
255.69975900650024,0,12.726473808288574,-0.09004214406013489,0.4635457992553711
255.73303532600403,0,12.618608474731445,-0.08885836601257324,0.4591221809387207
255.7663106918335,0,12.54808235168457,-0.08849471807479858,0.4559401869773865
255.7995855808258,0,12.544918060302734,-0.08934739977121353,0.4559420049190521
255.8328595161438,0,12.570313453674316,-0.0893934965133667,0.4563102722167969
255.8661322593689,0,12.60309886932373,-0.08966810256242752,0.45779067277908325
255.89940476417542,0,12.691349029541016,-0.08895052969455719,0.46136027574539185
255.93267631530762,0,12.652416229248047,-0.08951631933450699,0.45846453309059143
255.93267631530762,1,12.010541915893555,-5.548083305358887,0.5515475273132324
255.96594738960266,0,12.644147872924805,-0.08937744796276093,0.45899897813796997
255.9992172718048,0,12.59392261505127,-0.08879394829273224,0.4561743140220642
256.0324866771698,0,12.51126480102539,-0.0887375995516777,0.45379865169525146
256.0657548904419,0,12.550543785095215,-0.08972661942243576,0.45429229736328125
256.0990228652954,0,12.561225891113281,-0.09006743133068085,0.45584940910339355
256.13228964805603,0,12.68492317199707,-0.09036294370889664,0.4612581133842468
256.1655559539795,0,12.630210876464844,-0.08996571600437164,0.4607495665550232
256.19882130622864,0,12.69577407836914,-0.09080110490322113,0.46403905749320984
256.23208570480347,0,12.586660385131836,-0.08911622315645218,0.458599716424942
256.26535177230835,0,12.706072807312012,-0.09070926904678345,0.46308082342147827
256.2986710071564,0,12.567339897155762,-0.08969525992870331,0.4572519063949585
256.33198952674866,0,12.633523941040039,-0.09106872975826263,0.4606686234474182
256.36530780792236,0,12.66661548614502,-0.0917554646730423,0.4623769521713257
256.3986258506775,0,12.612472534179688,-0.09079232811927795,0.460158109664917
256.43194341659546,0,12.543864250183105,-0.09073300659656525,0.45707207918167114
256.46526050567627,0,12.489472389221191,-0.08949291706085205,0.45511364936828613
256.4985773563385,0,12.482364654541016,-0.0900833010673523,0.4545498490333557
256.53189396858215,0,12.487909317016602,-0.08925994485616684,0.45415645837783813
256.56521010398865,0,12.500772476196289,-0.08951319754123688,0.45396339893341064
256.59852600097656,0,12.565740585327148,-0.08838962018489838,0.4551413059234619
256.63184118270874,0,12.608899116516113,-0.08872777223587036,0.4587247371673584
256.6651563644409,0,12.609365463256836,-0.08868257701396942,0.4592815041542053
256.69847106933594,0,12.602049827575684,-0.08972365409135818,0.459342896938324
256.7317852973938,0,12.689482688903809,-0.0909481793642044,0.4633420705795288
256.7650992870331,0,12.67918872833252,-0.08956125378608704,0.4626258611679077
256.7984127998352,0,12.694215774536133,-0.0899658277630806,0.4624142050743103
256.83172607421875,0,12.696959495544434,-0.09091803431510925,0.4633493423461914
256.86503887176514,0,12.698333740234375,-0.0916801244020462,0.46371734142303467
256.89835143089294,0,12.699020385742188,-0.09206116199493408,0.4639013409614563
256.9316635131836,0,12.599037170410156,-0.0915195643901825,0.4598565697669983
256.96497535705566,0,12.591270446777344,-0.09024114161729813,0.4582080841064453
256.9982867240906,0,12.581588745117188,-0.08996117115020752,0.4579101800918579
257.03159761428833,0,12.529573440551758,-0.08904612064361572,0.4553341865539551
257.0649085044861,0,12.521600723266602,-0.08905108273029327,0.45470690727233887
257.0982189178467,0,12.631965637207031,-0.09060345590114594,0.4588656723499298
257.1315288543701,0,12.698688507080078,-0.0920063704252243,0.4622665047645569
257.1648383140564,0,12.619621276855469,-0.09181002527475357,0.4589303135871887
257.1981477737427,0,12.629687309265137,-0.09159461408853531,0.4590209126472473
257.2314565181732,0,12.619758605957031,-0.0901159942150116,0.4594295918941498
257.2647662162781,0,12.662490844726562,-0.09016746282577515,0.4603447914123535
257.2981185913086,0,12.668060302734375,-0.08973024785518646,0.4591999650001526
257.3314423561096,0,12.659711837768555,-0.09026691317558289,0.4583864212036133
257.36476588249207,0,12.699273109436035,-0.09174272418022156,0.4601585566997528
257.39808917045593,0,12.686450958251953,-0.09051787853240967,0.4591068625450134
257.43141198158264,0,12.646980285644531,-0.08952072262763977,0.4582020044326782
257.4647343158722,0,12.660301208496094,-0.08905954658985138,0.4582940340042114
257.49805665016174,0,12.607362747192383,-0.08842188119888306,0.4568836987018585
257.5313787460327,0,12.517980575561523,-0.08819319307804108,0.4543292820453644
257.5647003650665,0,12.478721618652344,-0.08874291181564331,0.45219048857688904
257.5980215072632,0,12.589212417602539,-0.09030658006668091,0.4582374691963196
257.63134264945984,0,12.550905227661133,-0.09019116312265396,0.45708367228507996
257.66466331481934,0,12.626206398010254,-0.09050218760967255,0.46113017201423645
257.69798374176025,0,12.562957763671875,-0.09078027307987213,0.4585942327976227
257.731303691864,0,12.655139923095703,-0.09101611375808716,0.46208322048187256
257.7646236419678,0,12.598445892333984,-0.09023655951023102,0.4591309428215027
257.7979428768158,0,12.591615676879883,-0.08980628103017807,0.45924365520477295
257.8312623500824,0,12.533435821533203,-0.0902399867773056,0.4566148519515991
257.86458110809326,0,12.504345893859863,-0.09045683592557907,0.4553004503250122
257.89789938926697,0,12.523048400878906,-0.08995691686868668,0.4557395577430725
257.93121790885925,0,12.611377716064453,-0.09119956195354462,0.45991241931915283
257.9645357131958,0,12.71787166595459,-0.09216100722551346,0.4652364253997803
257.99785327911377,0,12.75175666809082,-0.09211353957653046,0.4661578834056854
258.03117060661316,0,12.719324111938477,-0.09006133675575256,0.46323537826538086
258.06448769569397,0,12.677604675292969,-0.09000202268362045,0.46125322580337524
258.0978043079376,0,12.621472358703613,-0.09106343984603882,0.459383487701416
258.1311206817627,0,12.639266967773438,-0.09138587862253189,0.45850032567977905
258.1644368171692,0,12.547978401184082,-0.08983534574508667,0.45612189173698425
258.1977524757385,0,12.554369926452637,-0.08917540311813354,0.45576611161231995
258.2310678958893,0,12.623730659484863,-0.08927309513092041,0.45995664596557617
258.26438307762146,0,12.633695602416992,-0.08908911049365997,0.4589768648147583
258.2976987361908,0,12.59722900390625,-0.0888022929430008,0.45719361305236816
258.3310148715973,0,12.58456802368164,-0.08960527181625366,0.457300066947937
258.3643307685852,0,12.644895553588867,-0.08991210162639618,0.45928001403808594
258.39764618873596,0,12.724266052246094,-0.09176512062549591,0.46185362339019775
258.43096113204956,0,12.68396282196045,-0.09033512324094772,0.4599253535270691
258.46427607536316,0,12.622365951538086,-0.08976875245571136,0.457491397857666
258.497590303421,0,12.598457336425781,-0.09017788618803024,0.4569401144981384
258.5309042930603,0,12.623717308044434,-0.08955369144678116,0.45927512645721436
258.564218044281,0,12.734199523925781,-0.09034597873687744,0.46355223655700684
258.59753131866455,0,12.685039520263672,-0.08979228138923645,0.46154284477233887
258.6308443546295,0,12.66046142578125,-0.0898674950003624,0.46040695905685425
258.66415667533875,0,12.56900405883789,-0.08864942193031311,0.456783652305603
258.697468996048,0,12.539877891540527,-0.08850234746932983,0.4555511474609375
258.73078083992004,0,12.587881088256836,-0.08922252804040909,0.45741111040115356
258.76409220695496,0,12.55046272277832,-0.08904744684696198,0.4551691710948944
258.7974030971527,0,12.489534378051758,-0.08886434882879257,0.45329606533050537
258.83071398735046,0,12.521979331970215,-0.08832427859306335,0.4543847143650055
258.8640241622925,0,12.565733909606934,-0.08834033459424973,0.4562826156616211
258.8973343372345,0,12.587611198425293,-0.08834835886955261,0.4572315812110901
258.9306437969208,0,12.601832389831543,-0.08904875814914703,0.45680201053619385
258.9639530181885,0,12.667060852050781,-0.08943898230791092,0.4588092565536499
258.997261762619,0,12.677831649780273,-0.09000787138938904,0.4588750898838043
259.030570268631,0,12.681295394897461,-0.09016630053520203,0.45853936672210693
259.06387853622437,0,12.659021377563477,-0.09013049304485321,0.4583331346511841
259.0971863269806,0,12.606722831726074,-0.08895735442638397,0.45690324902534485
259.13049364089966,0,12.542135238647461,-0.0881943479180336,0.4550318121910095
259.16380047798157,0,12.589010238647461,-0.08906853199005127,0.45715147256851196
259.1971073150635,0,12.551319122314453,-0.08906228840351105,0.4556155800819397
259.2304136753082,0,12.536660194396973,-0.08968126773834229,0.4548083245754242
259.2637195587158,0,12.58626937866211,-0.08945992588996887,0.45717090368270874
259.29702591896057,0,12.573518753051758,-0.08933115005493164,0.45611417293548584
259.33036828041077,0,12.52438735961914,-0.09000241756439209,0.45505011081695557
259.3636865615845,0,12.522818565368652,-0.08968126028776169,0.455260694026947
259.3970046043396,0,12.598419189453125,-0.08953243494033813,0.45975303649902344
259.43032240867615,0,12.653825759887695,-0.08969119936227798,0.46119511127471924
259.46363973617554,0,12.734729766845703,-0.09013304859399796,0.4639565348625183
259.49695658683777,0,12.633914947509766,-0.08951021730899811,0.45953476428985596
259.5302731990814,0,12.59416389465332,-0.08831869810819626,0.4577138125896454
259.5635895729065,0,12.679786682128906,-0.09056618809700012,0.4617568850517273
259.5969054698944,0,12.578666687011719,-0.08899876475334167,0.45745861530303955
259.63022089004517,0,12.65298080444336,-0.09089316427707672,0.4617568254470825
259.66353607177734,0,12.564118385314941,-0.09078342467546463,0.4578714370727539
259.69685101509094,0,12.6328125,-0.09079831838607788,0.4615240693092346
259.7301654815674,0,12.709226608276367,-0.09143219143152237,0.4643017053604126
259.76347970962524,0,12.62548828125,-0.09044459462165833,0.4602401852607727
259.79679346084595,0,12.61059856414795,-0.0899420976638794,0.45845934748649597
259.83010697364807,0,12.627128601074219,-0.08942361176013947,0.4582282304763794
259.86342000961304,0,12.611414909362793,-0.08909832686185837,0.4576159119606018
259.8967328071594,0,12.594557762145996,-0.08826595544815063,0.4576427936553955
259.9300448894501,0,12.61522102355957,-0.08910433202981949,0.45845693349838257
259.9633569717407,0,12.525772094726562,-0.0889173224568367,0.45457392930984497
259.9966688156128,0,12.47718620300293,-0.0884409099817276,0.4531744122505188
260.0299799442291,0,12.619260787963867,-0.09003870189189911,0.46025148034095764
260.0632908344269,0,12.552221298217773,-0.08963638544082642,0.4575204849243164
260.09660148620605,0,12.656778335571289,-0.09063643962144852,0.46242451667785645
260.12991166114807,0,12.56601619720459,-0.09026630967855453,0.45830070972442627
260.1632215976715,0,12.587482452392578,-0.08974434435367584,0.45663681626319885
260.1965310573578,0,12.575674057006836,-0.09041666984558105,0.4570925831794739
260.2298400402069,0,12.565049171447754,-0.0891004353761673,0.45628297328948975
260.26314902305603,0,12.580375671386719,-0.08893673866987228,0.456643283367157
260.2964572906494,0,12.608129501342773,-0.08943971991539001,0.4579572081565857
260.32976627349854,0,12.581276893615723,-0.08861196041107178,0.45671528577804565
260.3630802631378,0,12.54601001739502,-0.08814327418804169,0.455706924200058
260.3963940143585,0,12.597494125366211,-0.08853638172149658,0.45865851640701294
260.42970752716064,0,12.616686820983887,-0.08888748288154602,0.4590959846973419
260.4630205631256,0,12.578619956970215,-0.08985999971628189,0.4574178457260132
260.4963331222534,0,12.560186386108398,-0.09003004431724548,0.4566808342933655
260.52964520454407,0,12.664680480957031,-0.09027372300624847,0.4601801037788391
260.56295704841614,0,12.609552383422852,-0.0890289694070816,0.45782673358917236
260.59626865386963,0,12.622715950012207,-0.08913376927375793,0.45868009328842163
260.6295793056488,0,12.566734313964844,-0.08874452114105225,0.4564993381500244
260.66289019584656,0,12.554244041442871,-0.08947230130434036,0.4562215805053711
260.69620013237,0,12.532493591308594,-0.08857344835996628,0.4554600715637207
260.72951006889343,0,12.525012969970703,-0.08816616237163544,0.4546085596084595
260.7628195285797,0,12.569635391235352,-0.08930712938308716,0.45631474256515503
260.79612851142883,0,12.499120712280273,-0.08899419009685516,0.4538688659667969
260.8294370174408,0,12.520435333251953,-0.08922559022903442,0.45502376556396484
260.86274552345276,0,12.558072090148926,-0.08933259546756744,0.45585113763809204
260.8960530757904,0,12.498766899108887,-0.0893126130104065,0.45295143127441406
260.92936062812805,0,12.520259857177734,-0.08975634723901749,0.4544476270675659
260.96266746520996,0,12.497757911682129,-0.09021501243114471,0.4542168378829956
260.9959740638733,0,12.466419219970703,-0.08923391997814178,0.453685998916626
261.02928042411804,0,12.488585472106934,-0.08879460394382477,0.454002320766449
261.06258630752563,0,12.57084846496582,-0.08937925100326538,0.4563525915145874
261.09589171409607,0,12.555700302124023,-0.09049646556377411,0.4559733271598816
261.12919664382935,0,12.572787284851074,-0.0889299064874649,0.4559594988822937
261.16250133514404,0,12.52402114868164,-0.08980179578065872,0.4549727439880371
261.1958055496216,0,12.562400817871094,-0.08926600217819214,0.4560694694519043
261.22910928726196,0,12.631053924560547,-0.09085410833358765,0.4600774049758911
261.2624125480652,0,12.58957290649414,-0.09096323698759079,0.45763078331947327
261.29571557044983,0,12.568836212158203,-0.09136369824409485,0.45623570680618286
261.32901906967163,0,12.723825454711914,-0.09191899001598358,0.46389836072921753
261.3623368740082,0,12.576211929321289,-0.08994174003601074,0.4578366279602051
261.3956546783447,0,12.619693756103516,-0.0905078649520874,0.4595477283000946
261.42897176742554,0,12.566661834716797,-0.08978195488452911,0.4568136930465698
261.4622883796692,0,12.633184432983398,-0.09111207723617554,0.4604495167732239
261.49560475349426,0,12.602544784545898,-0.09039664268493652,0.4590309262275696
261.5289206504822,0,12.572149276733398,-0.0902983620762825,0.4574873745441437
261.5622363090515,0,12.563286781311035,-0.08904128521680832,0.45648038387298584
261.5955514907837,0,12.552518844604492,-0.0892491415143013,0.4563295245170593
261.6288664340973,0,12.531635284423828,-0.08880221098661423,0.45532405376434326
261.66218090057373,0,12.539863586425781,-0.08993728458881378,0.45525410771369934
261.695494890213,0,12.52011489868164,-0.08919934183359146,0.45489829778671265
261.7288086414337,0,12.524736404418945,-0.08902163803577423,0.45428186655044556
261.76212191581726,0,12.605812072753906,-0.0888933390378952,0.4572606086730957
261.79543471336365,0,12.57695198059082,-0.08998285233974457,0.45622238516807556
261.8287470340729,0,12.547243118286133,-0.08887086063623428,0.4549897313117981
261.8620593547821,0,12.523475646972656,-0.0899646133184433,0.4555240273475647
261.8953711986542,0,12.533577919006348,-0.08877812325954437,0.454725444316864
261.9286823272705,0,12.63450813293457,-0.08979000151157379,0.4589272141456604
261.96199321746826,0,12.594466209411621,-0.08878710865974426,0.457200288772583
261.99530386924744,0,12.640677452087402,-0.08877606689929962,0.45871981978416443
262.02861404418945,0,12.606292724609375,-0.08959215879440308,0.45806318521499634
262.0619239807129,0,12.517450332641602,-0.08913670480251312,0.45474308729171753
262.0952332019806,0,12.580554962158203,-0.08902091532945633,0.456370085477829
262.1285421848297,0,12.627092361450195,-0.08915697783231735,0.4572126269340515
262.16185092926025,0,12.60715103149414,-0.08867663145065308,0.4564153254032135
262.19515895843506,0,12.541202545166016,-0.08928640186786652,0.4552960991859436
262.2284667491913,0,12.547813415527344,-0.08853530883789062,0.4553847312927246
262.26177430152893,0,12.512680053710938,-0.08798332512378693,0.4542725682258606
262.2950813770294,0,12.49396800994873,-0.08932850509881973,0.45412927865982056
262.3283884525299,0,12.495119094848633,-0.08890707790851593,0.45423251390457153
262.3617136478424,0,12.539953231811523,-0.08914154022932053,0.4567944407463074
262.3950283527374,0,12.619830131530762,-0.09079187363386154,0.46043986082077026
262.42834281921387,0,12.547542572021484,-0.09034402668476105,0.4573083519935608
262.46165704727173,0,12.565524101257324,-0.08925497531890869,0.45696544647216797
262.49497056007385,0,12.497065544128418,-0.08896811306476593,0.45419418811798096
262.528284072876,0,12.607281684875488,-0.09081623703241348,0.4587477743625641
262.56159687042236,0,12.717597961425781,-0.09050361067056656,0.4632485806941986
262.59490942955017,0,12.70865249633789,-0.09147290885448456,0.4636669456958771
262.6282217502594,0,12.602765083312988,-0.09129701554775238,0.45843344926834106
262.66153383255005,0,12.714126586914062,-0.09207581728696823,0.46289199590682983
262.6948449611664,0,12.594691276550293,-0.09137475490570068,0.4584389925003052
262.7281563282013,0,12.511649131774902,-0.09002800285816193,0.45493096113204956
262.76146697998047,0,12.526700973510742,-0.0901140421628952,0.45543739199638367
262.79477739334106,0,12.61158561706543,-0.09044206142425537,0.4586696922779083
262.8280875682831,0,12.614189147949219,-0.09042312204837799,0.4583483934402466
262.86139702796936,0,12.650076866149902,-0.08995550870895386,0.4589120149612427
262.89470624923706,0,12.646867752075195,-0.0894303172826767,0.45845454931259155
262.9280152320862,0,12.704242706298828,-0.08881286531686783,0.4599230885505676
262.96132373809814,0,12.588732719421387,-0.08939237147569656,0.45643800497055054
262.9946322441101,0,12.531993865966797,-0.09003302454948425,0.4552119970321655
263.02793979644775,0,12.554851531982422,-0.0890822634100914,0.4562373161315918
263.0612473487854,0,12.575276374816895,-0.08892765641212463,0.456620454788208
263.0945544242859,0,12.591552734375,-0.0899154394865036,0.45676982402801514
263.1278610229492,0,12.719635963439941,-0.09219349920749664,0.462554931640625
263.16116762161255,0,12.597444534301758,-0.0910448431968689,0.45836591720581055
263.19447350502014,0,12.6036376953125,-0.08984111249446869,0.4591020941734314
263.22777915000916,0,12.5726957321167,-0.09002059698104858,0.4575229585170746
263.261084318161,0,12.591262817382812,-0.08932898938655853,0.4586806297302246
263.2943892478943,0,12.566507339477539,-0.08939298987388611,0.4574296474456787
263.3276937007904,0,12.607742309570312,-0.08916124701499939,0.4595198929309845
263.3609981536865,0,12.574747085571289,-0.08930912613868713,0.45784926414489746
263.39453291893005,0,12.611862182617188,-0.0891193151473999,0.45972970128059387
263.42807054519653,0,12.57408332824707,-0.08937175571918488,0.4578530788421631
263.4616103172302,0,12.651141166687012,-0.08934326469898224,0.46057236194610596
263.49515295028687,0,12.604735374450684,-0.08958622813224792,0.45925581455230713
263.52869749069214,0,12.676032066345215,-0.09069596230983734,0.4622783362865448
263.56224489212036,0,12.575643539428711,-0.09029607474803925,0.45822760462760925
263.5957946777344,0,12.670526504516602,-0.09155487269163132,0.46201378107070923
263.62934708595276,0,12.635652542114258,-0.09014254808425903,0.45958995819091797
263.66290163993835,0,12.595038414001465,-0.08896337449550629,0.4575316607952118
263.6964590549469,0,12.615461349487305,-0.08945304155349731,0.4584013819694519
263.73001861572266,0,12.651851654052734,-0.09025530517101288,0.4588267505168915
263.7635807991028,0,12.61673355102539,-0.08980028331279755,0.4583057463169098
263.7971453666687,0,12.678426742553711,-0.0892593264579773,0.4600380063056946
263.830712556839,0,12.657155990600586,-0.08960101753473282,0.4596545696258545
263.86428213119507,0,12.600418090820312,-0.08859632909297943,0.4567907452583313
263.89785408973694,0,12.577421188354492,-0.08819027245044708,0.45613205432891846
263.9314286708832,0,12.581110000610352,-0.08905225992202759,0.4575316309928894
263.9650056362152,0,12.640406608581543,-0.09046125411987305,0.46090805530548096
263.9985852241516,0,12.742546081542969,-0.09108594059944153,0.4642404317855835
264.0321669578552,0,12.596809387207031,-0.09004361927509308,0.45769983530044556
264.0657515525818,0,12.672069549560547,-0.09092466533184052,0.461500346660614
264.09933853149414,0,12.685888290405273,-0.09168343245983124,0.4627928137779236
264.1329278945923,0,12.65007209777832,-0.09106576442718506,0.4604068398475647
264.1665196418762,0,12.646865844726562,-0.0899854451417923,0.45920196175575256
264.2001140117645,0,12.65904426574707,-0.09016214311122894,0.4593849182128906
264.2337107658386,0,12.623126983642578,-0.08917921781539917,0.45750147104263306
264.2673101425171,0,12.616313934326172,-0.08908656239509583,0.45761263370513916
264.30091190338135,0,12.621345520019531,-0.08944632858037949,0.4578494429588318
264.3345160484314,0,12.672861099243164,-0.09111139178276062,0.4601489007472992
264.36811685562134,0,12.673245429992676,-0.0902022123336792,0.4591020345687866
264.4014735221863,0,12.688522338867188,-0.08985425531864166,0.45997631549835205
264.43484020233154,0,12.681076049804688,-0.08957365155220032,0.45901572704315186
264.4682071208954,0,12.69314956665039,-0.09024609625339508,0.46003487706184387
264.50157380104065,0,12.716634750366211,-0.08948223292827606,0.4609025716781616
264.5349407196045,0,12.676259994506836,-0.0897124707698822,0.4600868225097656
264.56830763816833,0,12.65995979309082,-0.08930879831314087,0.459041953086853
264.6016745567322,0,12.62220573425293,-0.08905723690986633,0.45812562108039856
264.635041475296,0,12.576639175415039,-0.0891907662153244,0.4568823575973511
264.66840839385986,0,12.502622604370117,-0.08893600851297379,0.4541526436805725
264.70177578926086,0,12.544940948486328,-0.08969956636428833,0.4559113383293152
264.7351427078247,0,12.665288925170898,-0.09062087535858154,0.4616151452064514
264.76850986480713,0,12.744821548461914,-0.09169083833694458,0.466290682554245
264.80187702178955,0,12.64697551727295,-0.0915391817688942,0.46001380681991577
264.835244178772,0,12.650362014770508,-0.09059961140155792,0.45992767810821533
264.868611574173,0,12.602388381958008,-0.08886339515447617,0.4579102694988251
264.9019787311554,0,12.53996753692627,-0.08814737200737,0.45553532242774963
264.9353461265564,0,12.54085922241211,-0.08880218863487244,0.45585697889328003
264.968713760376,0,12.525805473327637,-0.0885787308216095,0.4550877809524536
265.0020809173584,0,12.500530242919922,-0.08923745155334473,0.45463234186172485
265.035448551178,0,12.521141052246094,-0.0893472284078598,0.45540550351142883
265.068815946579,0,12.671464920043945,-0.09010519087314606,0.4618019163608551
265.10218334198,0,12.60915756225586,-0.0902499258518219,0.45841342210769653
265.13555097579956,0,12.679040908813477,-0.09019903093576431,0.46141767501831055
265.1689188480377,0,12.750414848327637,-0.09053108841180801,0.46480798721313477
265.2022862434387,0,12.677398681640625,-0.08960099518299103,0.4605045020580292
265.2356538772583,0,12.62063217163086,-0.09034499526023865,0.45902639627456665
265.26902174949646,0,12.76591682434082,-0.0911736935377121,0.4648154377937317
265.30238938331604,0,12.697800636291504,-0.0895049199461937,0.46177440881729126
265.3357574939728,0,12.781726837158203,-0.09105648845434189,0.46556806564331055
265.36912512779236,0,12.661140441894531,-0.09094449877738953,0.4606538712978363
265.40249276161194,0,12.585946083068848,-0.08964988589286804,0.45748624205589294
265.43585181236267,0,12.521321296691895,-0.08934427052736282,0.4554424285888672
265.469211101532,0,12.499439239501953,-0.08873766660690308,0.4541003108024597
265.5025701522827,0,12.56447982788086,-0.08977919816970825,0.45689857006073
265.535929441452,0,12.53242301940918,-0.0891202986240387,0.4557205140590668
265.56928873062134,0,12.58415412902832,-0.08953150361776352,0.4574958086013794
265.60264778137207,0,12.611207962036133,-0.08982788026332855,0.4578862488269806
265.6360068321228,0,12.603458404541016,-0.08963374048471451,0.4572823643684387
265.66936588287354,0,12.68373966217041,-0.08903013169765472,0.4598683714866638
265.70272493362427,0,12.663694381713867,-0.08864234387874603,0.45911937952041626
265.736083984375,0,12.650976181030273,-0.08900869637727737,0.45880576968193054
265.7694432735443,0,12.678098678588867,-0.08961381018161774,0.4600328803062439
265.80280232429504,0,12.625272750854492,-0.08960971981287003,0.45842245221138
265.8361611366272,0,12.569450378417969,-0.08933287858963013,0.4562510550022125
265.8695204257965,0,12.577117919921875,-0.08935444056987762,0.4578036963939667
265.90287947654724,0,12.508289337158203,-0.08932353556156158,0.4539276957511902
265.9362382888794,0,12.503997802734375,-0.08983735740184784,0.45508459210395813
265.9695975780487,0,12.623729705810547,-0.08989548683166504,0.45851758122444153
266.00295639038086,0,12.66171646118164,-0.09088286757469177,0.4614010155200958
266.036315202713,0,12.568486213684082,-0.09077827632427216,0.45769351720809937
266.06967425346375,0,12.498546600341797,-0.08972976356744766,0.45455825328826904
266.1030333042145,0,12.484720230102539,-0.08930177986621857,0.45325517654418945
266.13639211654663,0,12.534112930297852,-0.08873385190963745,0.4549388289451599
266.16975116729736,0,12.535208702087402,-0.08917902410030365,0.4554576277732849
266.2031102180481,0,12.628190040588379,-0.08977394551038742,0.45971208810806274
266.23646903038025,0,12.663948059082031,-0.09110807627439499,0.46189868450164795
266.2698278427124,0,12.587349891662598,-0.08973167836666107,0.45810866355895996
266.30318689346313,0,12.698190689086914,-0.09086790680885315,0.46376660466194153
266.3365457057953,0,12.586723327636719,-0.09077079594135284,0.4588763117790222
266.36990451812744,0,12.48499870300293,-0.08991880714893341,0.45431292057037354
266.4032635688782,0,12.459196090698242,-0.08879474550485611,0.45263344049453735
266.4366207122803,0,12.484973907470703,-0.08857501298189163,0.4534760117530823
266.4699754714966,0,12.499666213989258,-0.0891074538230896,0.45414215326309204
266.5033302307129,0,12.615471839904785,-0.08968894183635712,0.4595518112182617
266.53668451309204,0,12.575897216796875,-0.08991315960884094,0.4574629068374634
266.57003927230835,0,12.653177261352539,-0.09115785360336304,0.46206486225128174
266.60339403152466,0,12.67644214630127,-0.0918000340461731,0.46307510137557983
266.63674879074097,0,12.637998580932617,-0.09052395820617676,0.460693895816803
266.6701033115387,0,12.55662727355957,-0.09059882164001465,0.45733994245529175
266.703458070755,0,12.542871475219727,-0.08929629623889923,0.4563344120979309
266.7368128299713,0,12.483131408691406,-0.09009487926959991,0.4537075161933899
266.77016735076904,0,12.521284103393555,-0.09077128767967224,0.4552408456802368
266.80352210998535,0,12.64130973815918,-0.09120389074087143,0.46128469705581665
266.83687686920166,0,12.558282852172852,-0.09093879163265228,0.4576353430747986
266.8702311515808,0,12.514820098876953,-0.08976873755455017,0.4542103409767151
266.9035859107971,0,12.534622192382812,-0.08877646923065186,0.45484185218811035
266.93694043159485,0,12.539159774780273,-0.0884934514760971,0.4540957808494568
266.9702949523926,0,12.483882904052734,-0.08858735114336014,0.45275938510894775
267.0036497116089,0,12.454938888549805,-0.08898937702178955,0.4517184793949127
267.0370042324066,0,12.46624755859375,-0.08856022357940674,0.4522383213043213
267.07035875320435,0,12.582977294921875,-0.09050121903419495,0.4581618309020996
267.10371351242065,0,12.690225601196289,-0.09193237870931625,0.4631737470626831
267.1370680332184,0,12.631065368652344,-0.09080678969621658,0.4603930115699768
267.17042231559753,0,12.633474349975586,-0.09037475287914276,0.4598320722579956
267.20377683639526,0,12.642772674560547,-0.09001118689775467,0.46084022521972656
267.237131357193,0,12.592262268066406,-0.08973409235477448,0.4585094451904297
267.2704858779907,0,12.541624069213867,-0.08904384076595306,0.45639416575431824
267.30384039878845,0,12.568666458129883,-0.08924172073602676,0.45653635263442993
267.3371949195862,0,12.523106575012207,-0.0883365273475647,0.45484834909439087
267.3705494403839,0,12.553946495056152,-0.08885626494884491,0.45710235834121704
267.40390396118164,0,12.51460075378418,-0.08976497501134872,0.4555441737174988
267.4372582435608,0,12.494928359985352,-0.09021933376789093,0.45476508140563965
267.47061562538147,0,12.628273010253906,-0.09102989733219147,0.4597003757953644
267.50437355041504,0,12.5960693359375,-0.09146879613399506,0.4585496485233307
267.53813433647156,0,12.555065155029297,-0.08969637751579285,0.45725128054618835
267.57189750671387,0,12.670352935791016,-0.09088122099637985,0.46216529607772827
267.6056635379791,0,12.604141235351562,-0.09088753163814545,0.4583447575569153
267.63943219184875,0,12.51637077331543,-0.08942601084709167,0.45505982637405396
267.6732032299042,0,12.514789581298828,-0.08915397524833679,0.4538591504096985
267.70697689056396,0,12.565977096557617,-0.08945487439632416,0.4561340808868408
267.7407531738281,0,12.560200691223145,-0.08861954510211945,0.4558037221431732
267.77453231811523,0,12.614547729492188,-0.08839693665504456,0.4588566720485687
267.80831384658813,0,12.631305694580078,-0.08857689797878265,0.4586755633354187
267.8420979976654,0,12.652467727661133,-0.08893497288227081,0.4583653509616852
267.87588477134705,0,12.648063659667969,-0.08892004936933517,0.4581812024116516
267.90967416763306,0,12.574210166931152,-0.0883227288722992,0.45655351877212524
267.94346618652344,0,12.591445922851562,-0.0894969180226326,0.45620280504226685
267.9772605895996,0,12.600467681884766,-0.08892665803432465,0.45719167590141296
268.01105785369873,0,12.637048721313477,-0.08910985291004181,0.4576234221458435
268.0448577404022,0,12.64035415649414,-0.08900748938322067,0.45781025290489197
268.0786600112915,0,12.646520614624023,-0.08924460411071777,0.4594467282295227
268.11246514320374,0,12.645085334777832,-0.08874958008527756,0.4589085578918457
268.1462724208832,0,12.602927207946777,-0.08897598087787628,0.4569830298423767
268.18008279800415,0,12.556838989257812,-0.08866563439369202,0.45565080642700195
268.2138955593109,0,12.598295211791992,-0.08965200185775757,0.45746511220932007
268.24771094322205,0,12.536775588989258,-0.09016284346580505,0.4557255506515503
268.2815291881561,0,12.560829162597656,-0.08960364758968353,0.45670270919799805
268.3153495788574,0,12.57535171508789,-0.08848349750041962,0.45632418990135193
268.34917283058167,0,12.52645492553711,-0.08830727636814117,0.4545411765575409
268.38299894332886,0,12.636892318725586,-0.09005649387836456,0.4599210023880005
268.41682720184326,0,12.569212913513184,-0.09007459878921509,0.4575980603694916
268.4506583213806,0,12.581827163696289,-0.09070168435573578,0.4574073553085327
268.4844813346863,0,12.58331298828125,-0.09030796587467194,0.45816928148269653
268.51787757873535,0,12.584171295166016,-0.08981844782829285,0.4596456289291382
268.55120873451233,0,12.538810729980469,-0.08954422175884247,0.45669424533843994
268.5845398902893,0,12.673717498779297,-0.08979609608650208,0.4616980254650116
268.6178705692291,0,12.551162719726562,-0.08923867344856262,0.45656049251556396
268.65120124816895,0,12.48988151550293,-0.08860158920288086,0.4541676640510559
268.6845316886902,0,12.494793891906738,-0.08947638422250748,0.455204576253891
268.71786189079285,0,12.461700439453125,-0.08907881379127502,0.45331376791000366
268.75119161605835,0,12.486221313476562,-0.08837670087814331,0.454006165266037
268.78452157974243,0,12.481889724731445,-0.08825388550758362,0.4533821642398834
268.8178508281708,0,12.511819839477539,-0.08885544538497925,0.4547803997993469
268.8511803150177,0,12.492789268493652,-0.08856067806482315,0.4542546272277832
268.88450932502747,0,12.52556037902832,-0.08953741192817688,0.4559778571128845
268.9178378582001,0,12.519598007202148,-0.0896519273519516,0.45487409830093384
268.95116662979126,0,12.516613006591797,-0.08935397863388062,0.45447689294815063
268.9844949245453,0,12.497085571289062,-0.08874252438545227,0.45361751317977905
269.01782298088074,0,12.566482543945312,-0.08899055421352386,0.456575483083725
269.0511510372162,0,12.560447692871094,-0.08805886656045914,0.4562341570854187
269.0844786167145,0,12.550500869750977,-0.08944569528102875,0.4559869170188904
269.1178059577942,0,12.546125411987305,-0.08945134282112122,0.4560827910900116
269.1511330604553,0,12.625675201416016,-0.09018494188785553,0.45856839418411255
269.1844599246979,0,12.605230331420898,-0.08978047221899033,0.4589623808860779
269.217787027359,0,12.622491836547852,-0.09020942449569702,0.45912089943885803
269.2511134147644,0,12.560772895812988,-0.09059369564056396,0.45746636390686035
269.2844395637512,0,12.494686126708984,-0.08927910029888153,0.4546205997467041
269.31776571273804,0,12.63714599609375,-0.08901283144950867,0.45964378118515015
269.3510913848877,0,12.634552955627441,-0.09019900858402252,0.4587247669696808
269.38441705703735,0,12.572648048400879,-0.08893680572509766,0.45671164989471436
269.41774225234985,0,12.607812881469727,-0.09016098827123642,0.45759153366088867
269.45106744766235,0,12.621849060058594,-0.09005184471607208,0.45843130350112915
269.4843924045563,0,12.6327543258667,-0.08947848528623581,0.4582141935825348
269.5177185535431,0,12.624403953552246,-0.08961382508277893,0.457293301820755
269.55103874206543,0,12.64901351928711,-0.08910609781742096,0.4578396677970886
269.5843584537506,0,12.661317825317383,-0.08885222673416138,0.4581128656864166
269.61767768859863,0,12.66370964050293,-0.08904671669006348,0.4589329957962036
269.65099692344666,0,12.697999954223633,-0.08943796157836914,0.4598747491836548
269.68431544303894,0,12.670829772949219,-0.08917154371738434,0.4589359164237976
269.71763372421265,0,12.729530334472656,-0.09099401533603668,0.4610453248023987
269.75095200538635,0,12.803943634033203,-0.09316466003656387,0.4622850716114044
269.7842695713043,0,12.767183303833008,-0.09240702539682388,0.46152374148368835
269.7842695713043,1,11.80130386352539,-5.445956230163574,0.5420856475830078
269.8175868988037,0,12.791417121887207,-0.0928947925567627,0.46197640895843506
269.85090374946594,0,12.747096061706543,-0.09244280308485031,0.45948055386543274
269.8842206001282,0,12.722845077514648,-0.09345711767673492,0.4592227339744568
269.91753673553467,0,12.742175102233887,-0.09410753846168518,0.46127742528915405
269.9508526325226,0,12.848403930664062,-0.09356792271137238,0.46534502506256104
269.9841682910919,0,12.81989860534668,-0.09410826861858368,0.4633902609348297
269.9841682910919,1,12.09478759765625,-5.582433700561523,0.5586329698562622
270.0174834728241,0,12.795024871826172,-0.09530778974294662,0.4608761966228485
270.0174834728241,1,11.985435485839844,-5.530513286590576,0.5499665141105652
270.0507984161377,0,12.832992553710938,-0.09401050209999084,0.46300461888313293
270.08411288261414,0,12.784523010253906,-0.09528063237667084,0.46131283044815063
270.117427110672,0,12.765263557434082,-0.09487678110599518,0.4600238502025604
270.1507408618927,0,12.770977020263672,-0.09326601773500443,0.4600067734718323
270.18405413627625,0,12.824665069580078,-0.09437118470668793,0.46182218194007874
270.2173674106598,0,12.794290542602539,-0.09309245645999908,0.4610883593559265
270.2506802082062,0,12.768482208251953,-0.09285914152860641,0.4612587094306946
270.283992767334,0,12.6775484085083,-0.09120368212461472,0.4581094980239868
270.31730484962463,0,12.647356033325195,-0.09047973155975342,0.4582592248916626
270.3506164550781,0,12.621528625488281,-0.08962638676166534,0.4576314091682434
270.38392782211304,0,12.619823455810547,-0.08932303637266159,0.45955055952072144
270.4172387123108,0,12.547538757324219,-0.08960960805416107,0.4568637013435364
270.45054960250854,0,12.511397361755371,-0.0901416465640068,0.45542484521865845
270.48386001586914,0,12.494477272033691,-0.08913635462522507,0.45409148931503296
270.5171718597412,0,12.533191680908203,-0.08940877765417099,0.4558519124984741
270.5505590438843,0,12.504223823547363,-0.09004123508930206,0.4549189805984497
270.5838735103607,0,12.568087577819824,-0.09038697183132172,0.45654764771461487
270.6171872615814,0,12.615242004394531,-0.09081365168094635,0.45904284715652466
270.6505010128021,0,12.681285858154297,-0.09130968153476715,0.46217185258865356
270.6838140487671,0,12.560367584228516,-0.08997125923633575,0.45636409521102905
270.71712708473206,0,12.653848648071289,-0.09088848531246185,0.46083247661590576
270.7504391670227,0,12.669828414916992,-0.0916975885629654,0.46110445261001587
270.78375124931335,0,12.615299224853516,-0.0904499813914299,0.4580809473991394
270.8170630931854,0,12.568650245666504,-0.09037511050701141,0.45604100823402405
270.85037422180176,0,12.562822341918945,-0.08969714492559433,0.4559648036956787
270.8836853504181,0,12.536787033081055,-0.08902621269226074,0.45514172315597534
270.9169957637787,0,12.621004104614258,-0.08962257206439972,0.4582008719444275
270.9503059387207,0,12.596456527709961,-0.09001541137695312,0.4578036963939667
270.98361587524414,0,12.535856246948242,-0.09034454822540283,0.4558948576450348
271.01692509651184,0,12.533458709716797,-0.08949722349643707,0.45597952604293823
271.05023407936096,0,12.559463500976562,-0.09031077474355698,0.455743670463562
271.0835428237915,0,12.664362907409668,-0.08985884487628937,0.46024826169013977
271.1168510913849,0,12.647613525390625,-0.09031179547309875,0.45871615409851074
271.1501588821411,0,12.702013969421387,-0.09125599265098572,0.4603145122528076
271.18346667289734,0,12.695772171020508,-0.09388207644224167,0.45897042751312256
271.2167737483978,0,12.705463409423828,-0.09237230569124222,0.45989614725112915
271.25008058547974,0,12.701860427856445,-0.09265274554491043,0.4609421491622925
271.2833869457245,0,12.607744216918945,-0.09085439145565033,0.45751088857650757
271.3166928291321,0,12.51817512512207,-0.08976782113313675,0.45446693897247314
271.3499984741211,0,12.473390579223633,-0.08922453224658966,0.45294493436813354
271.3833038806915,0,12.474323272705078,-0.0899491086602211,0.45346546173095703
271.4166088104248,0,12.4747896194458,-0.09031139314174652,0.45372575521469116
271.4499132633209,0,12.630212783813477,-0.09092679619789124,0.4605223536491394
271.48321747779846,0,12.688770294189453,-0.091366246342659,0.46291160583496094
271.51652121543884,0,12.757953643798828,-0.0914703980088234,0.46608981490135193
271.5498263835907,0,12.628829956054688,-0.09091079235076904,0.4611656665802002
271.58314538002014,0,12.564268112182617,-0.09063098579645157,0.45870357751846313
271.61646366119385,0,12.531988143920898,-0.09084467589855194,0.4573809504508972
271.6497814655304,0,12.503622055053711,-0.09075918048620224,0.45568346977233887
271.68309926986694,0,12.576299667358398,-0.08984433859586716,0.4586468040943146
271.71641659736633,0,12.6380033493042,-0.09114327281713486,0.46136605739593506
271.74973344802856,0,12.751829147338867,-0.09213626384735107,0.4652822017669678
271.7830500602722,0,12.599128723144531,-0.09210237860679626,0.4596066176891327
271.8163661956787,0,12.426901817321777,-0.0940408706665039,0.45536527037620544
271.84968185424805,0,12.395345687866211,-0.0985100120306015,0.4573895335197449
271.8829975128174,0,12.618257522583008,-0.10329560935497284,0.47413963079452515
271.916312456131,0,12.827630043029785,-0.10890781879425049,0.491061806678772
271.9496273994446,0,12.952587127685547,-0.11088551580905914,0.5052987337112427
271.98294162750244,0,12.845232009887695,-0.11111277341842651,0.5103918313980103
272.0162558555603,0,12.7516508102417,-0.11384904384613037,0.5176231265068054
272.049569606781,0,12.65336799621582,-0.11434730887413025,0.5223855376243591
272.08288288116455,0,12.802266120910645,-0.1155460923910141,0.5407832860946655
272.1161959171295,0,12.57725715637207,-0.11436048895120621,0.5402653217315674
272.14950823783875,0,12.644834518432617,-0.11538983881473541,0.554935097694397
272.182820558548,0,12.607330322265625,-0.11486034095287323,0.5623947381973267
272.2161326408386,0,12.841143608093262,-0.11564995348453522,0.5858778357505798
272.2494442462921,0,12.731061935424805,-0.11453418433666229,0.587958574295044
272.28275513648987,0,12.692058563232422,-0.11442600190639496,0.5926966667175293
272.3160660266876,0,12.795097351074219,-0.11679591238498688,0.6073587536811829
272.3493764400482,0,12.776374816894531,-0.11787912249565125,0.6104927062988281
272.38268661499023,0,12.93217658996582,-0.11907972395420074,0.6205171346664429
272.4159963130951,0,13.071348190307617,-0.11926492303609848,0.6252902746200562
272.4493057727814,0,13.017257690429688,-0.11742018163204193,0.6191128492355347
272.4826147556305,0,13.039225578308105,-0.1170404702425003,0.6156264543533325
272.51592350006104,0,13.154792785644531,-0.11784113943576813,0.6165106296539307
272.5492331981659,0,13.035982131958008,-0.11525046825408936,0.6035289764404297
272.5826096534729,0,13.197525024414062,-0.11559420078992844,0.6027101278305054
272.6159281730652,0,13.123170852661133,-0.11541259288787842,0.5894994139671326
272.64924669265747,0,13.245656967163086,-0.11465627700090408,0.5862162113189697
272.682564496994,0,13.191843032836914,-0.11466845870018005,0.573488712310791
272.715882062912,0,13.165735244750977,-0.11455038189888,0.5643869042396545
272.7491991519928,0,13.227088928222656,-0.11328496038913727,0.5587241649627686
272.7825162410736,0,13.004514694213867,-0.11304911971092224,0.5411397814750671
272.81583285331726,0,13.141429901123047,-0.11394202709197998,0.5390161275863647
272.84914898872375,0,13.240467071533203,-0.11440778523683548,0.5368399620056152
272.88246488571167,0,13.279813766479492,-0.11400192230939865,0.5320229530334473
272.9157803058624,0,13.138223648071289,-0.11337029933929443,0.5210694074630737
272.9490954875946,0,13.166454315185547,-0.1140560731291771,0.5182673931121826
272.9824104309082,0,13.144701957702637,-0.11508145183324814,0.515255331993103
273.01572489738464,0,13.26651382446289,-0.11566242575645447,0.5170587301254272
273.0490391254425,0,13.422645568847656,-0.11663171648979187,0.5218852162361145
273.0823531150818,0,13.326459884643555,-0.11620397120714188,0.516269326210022
273.1156666278839,0,13.45249080657959,-0.11690016090869904,0.5188129544258118
273.1489794254303,0,13.40078353881836,-0.11596424877643585,0.5158973932266235
273.18229246139526,0,13.407047271728516,-0.11461610347032547,0.5150534510612488
273.21560502052307,0,13.326751708984375,-0.11319592595100403,0.5119670629501343
273.2489171028137,0,13.388360977172852,-0.11113899946212769,0.5136836171150208
273.2822287082672,0,13.408771514892578,-0.10946980118751526,0.5145245790481567
273.3155403137207,0,13.379549026489258,-0.10802145302295685,0.5128114223480225
273.34885144233704,0,13.256839752197266,-0.10488882660865784,0.5080511569976807
273.3821620941162,0,13.248880386352539,-0.10330405831336975,0.5074511766433716
273.4154725074768,0,13.390615463256836,-0.10216187685728073,0.5132123231887817
273.4487826824188,0,13.423321723937988,-0.09881226718425751,0.5112155675888062
273.4820923805237,0,13.378341674804688,-0.0967535600066185,0.5064034461975098
273.51540184020996,0,13.39173698425293,-0.09621302783489227,0.5038570165634155
273.5487108230591,0,13.340087890625,-0.09638701379299164,0.5009204745292664
273.5820209980011,0,13.322639465332031,-0.09838085621595383,0.49717792868614197
273.6153464317322,0,13.360596656799316,-0.09788855910301208,0.49641135334968567
273.6486716270447,0,13.290842056274414,-0.096927210688591,0.491702675819397
273.68199634552,0,13.255965232849121,-0.09644654393196106,0.48934832215309143
273.71532106399536,0,13.331197738647461,-0.09817475825548172,0.4915282130241394
273.74864530563354,0,13.368648529052734,-0.09943337738513947,0.49162226915359497
273.78196930885315,0,13.244781494140625,-0.09784845262765884,0.4851331412792206
273.8152930736542,0,13.320892333984375,-0.09728170186281204,0.4871974587440491
273.84861636161804,0,13.405660629272461,-0.0971805602312088,0.4869562089443207
273.88193941116333,0,13.455726623535156,-0.09669776260852814,0.4870252013206482
273.91526222229004,0,13.454708099365234,-0.09629792720079422,0.4855691194534302
273.94858479499817,0,13.465262413024902,-0.09643356502056122,0.4869372248649597
273.9819071292877,0,13.471040725708008,-0.09565772861242294,0.48786765336990356
274.0152289867401,0,13.430871963500977,-0.09540218859910965,0.486768513917923
274.0485506057739,0,13.404396057128906,-0.09561851620674133,0.484850138425827
274.08187198638916,0,13.315401077270508,-0.09412148594856262,0.48106271028518677
274.11519289016724,0,13.379688262939453,-0.09562583267688751,0.4839508533477783
274.1485137939453,0,13.416946411132812,-0.09673015773296356,0.4851990342140198
274.18183422088623,0,13.525754928588867,-0.09876909106969833,0.48965179920196533
274.21515440940857,0,13.428016662597656,-0.09751306474208832,0.4861963391304016
274.24847435951233,0,13.333669662475586,-0.09649574756622314,0.48224878311157227
274.2817940711975,0,13.434956550598145,-0.0963241457939148,0.48671531677246094
274.31511330604553,0,13.314470291137695,-0.09497575461864471,0.4818241000175476
274.3484320640564,0,13.425352096557617,-0.09552060067653656,0.48664021492004395
274.38175106048584,0,13.511225700378418,-0.09626290947198868,0.49050772190093994
274.41506934165955,0,13.42075252532959,-0.09625998139381409,0.4866243004798889
274.4483873844147,0,13.330038070678711,-0.09586920589208603,0.4824627637863159
274.4817054271698,0,13.294262886047363,-0.09523668885231018,0.4806947112083435
274.51502299308777,0,13.415252685546875,-0.09569461643695831,0.48593831062316895
274.5483400821686,0,13.372766494750977,-0.0959758311510086,0.4843395948410034
274.58165860176086,0,13.351522445678711,-0.09611643850803375,0.48354023694992065
274.6150252819061,0,13.305005073547363,-0.09536030888557434,0.4812334477901459
274.64835000038147,0,13.379791259765625,-0.09659118950366974,0.48483675718307495
274.68167424201965,0,13.485223770141602,-0.09779307246208191,0.4883216619491577
274.7149980068207,0,13.453357696533203,-0.09663940966129303,0.4877699613571167
274.7483215332031,0,13.45351505279541,-0.09628988802433014,0.48619043827056885
274.781644821167,0,13.372520446777344,-0.09513255953788757,0.48327362537384033
274.8149678707123,0,13.47512149810791,-0.09604406356811523,0.4865424335002899
274.8482904434204,0,13.464397430419922,-0.09599221497774124,0.48557668924331665
274.8816125392914,0,13.377974510192871,-0.09493495523929596,0.4826335608959198
274.91493463516235,0,13.418161392211914,-0.09578351676464081,0.48449236154556274
274.94825649261475,0,13.495503425598145,-0.0964297205209732,0.4874606430530548
274.9815776348114,0,13.469743728637695,-0.09694640338420868,0.486984521150589
275.01489877700806,0,13.43022346496582,-0.09604652225971222,0.4863269329071045
275.048219203949,0,13.36088752746582,-0.09496211260557175,0.4830086827278137
275.0815398693085,0,13.39498519897461,-0.09450811892747879,0.4845467507839203
275.11485981941223,0,13.451732635498047,-0.0957588329911232,0.48732709884643555
275.1481795310974,0,13.421225547790527,-0.09546865522861481,0.48627156019210815
275.181499004364,0,13.455835342407227,-0.0963098406791687,0.48623746633529663
275.21481823921204,0,13.454763412475586,-0.0961039662361145,0.4851752519607544
275.2481367588043,0,13.462717056274414,-0.09704194962978363,0.48558133840560913
275.2814552783966,0,13.484254837036133,-0.09662845730781555,0.4863377809524536
275.3147735595703,0,13.491212844848633,-0.09633532166481018,0.4884514808654785
275.34809136390686,0,13.45127010345459,-0.09596805274486542,0.48716849088668823
275.38140869140625,0,13.377525329589844,-0.09454457461833954,0.4841642379760742
275.41472578048706,0,13.417936325073242,-0.0955883264541626,0.48525771498680115
275.44804286956787,0,13.507831573486328,-0.09677869081497192,0.48846572637557983
275.4813594818115,0,13.452476501464844,-0.09578396379947662,0.4865456819534302
275.514675617218,0,13.372014045715332,-0.09483083337545395,0.48311805725097656
275.54799151420593,0,13.331783294677734,-0.09435427188873291,0.48140424489974976
275.5813069343567,0,13.379800796508789,-0.09354715049266815,0.48404040932655334
275.61462330818176,0,13.398048400878906,-0.09396349638700485,0.4852291941642761
275.6479480266571,0,13.356857299804688,-0.09487567842006683,0.4842860996723175
275.6812722682953,0,13.392958641052246,-0.09452053904533386,0.48550429940223694
275.7145962715149,0,13.342254638671875,-0.09419912099838257,0.48259735107421875
275.7479200363159,0,13.385669708251953,-0.0941266268491745,0.4843410849571228
275.7812433242798,0,13.391395568847656,-0.09445793926715851,0.48448336124420166
275.8145663738251,0,13.44092082977295,-0.09580448269844055,0.4853433668613434
275.8478889465332,0,13.367319107055664,-0.09492398053407669,0.48298048973083496
275.88121151924133,0,13.482529640197754,-0.0965006947517395,0.48712122440338135
275.9145336151123,0,13.439826011657715,-0.09564496576786041,0.48587340116500854
275.9478552341461,0,13.371816635131836,-0.0943196564912796,0.48316335678100586
275.98117685317993,0,13.42125129699707,-0.09619377553462982,0.4843546152114868
276.0144979953766,0,13.509489059448242,-0.09708142280578613,0.4880141615867615
276.04781889915466,0,13.453306198120117,-0.09593532979488373,0.486319899559021
276.08113956451416,0,13.425203323364258,-0.09540673345327377,0.48577433824539185
276.1144595146179,0,13.38491439819336,-0.09443040192127228,0.483897864818573
276.1477794647217,0,13.4376802444458,-0.09579071402549744,0.48505061864852905
276.1810989379883,0,13.46406364440918,-0.09647086262702942,0.4856269955635071
276.2144181728363,0,13.40434455871582,-0.0949624627828598,0.4838241934776306
276.2477374076843,0,13.491033554077148,-0.09595901519060135,0.48681771755218506
276.2810559272766,0,13.358719825744629,-0.09429173916578293,0.4820464849472046
276.3143742084503,0,13.412109375,-0.0966867208480835,0.4841097295284271
276.34769225120544,0,13.432890892028809,-0.09631354361772537,0.48436033725738525
276.381010055542,0,13.414995193481445,-0.0955958366394043,0.484794557094574
276.4143273830414,0,13.45271110534668,-0.09633763134479523,0.48575475811958313
276.4476442337036,0,13.439478874206543,-0.09657055139541626,0.48467329144477844
276.4809613227844,0,13.376616477966309,-0.09416419267654419,0.48309487104415894
276.5142776966095,0,13.372823715209961,-0.09435669332742691,0.4837213456630707
276.547593832016,0,13.475273132324219,-0.0956561267375946,0.4867662787437439
276.5809094905853,0,13.38341236114502,-0.09476691484451294,0.4832283556461334
276.614226102829,0,13.390267372131348,-0.09477807581424713,0.4839269816875458
276.64754271507263,0,13.483987808227539,-0.09586925804615021,0.4870567321777344
276.6808590888977,0,13.473785400390625,-0.09605922549962997,0.4877963066101074
276.7141754627228,0,13.522760391235352,-0.09750139713287354,0.48910045623779297
276.7474911212921,0,13.45817756652832,-0.09527431428432465,0.48675253987312317
276.7808063030243,0,13.458915710449219,-0.09506368637084961,0.4874561131000519
276.8141212463379,0,13.47468090057373,-0.0961073487997055,0.4868297576904297
276.84743571281433,0,13.498531341552734,-0.09591527283191681,0.48709845542907715
276.8807497024536,0,13.476367950439453,-0.09687487781047821,0.4867728352546692
276.9140634536743,0,13.43673324584961,-0.09587650746107101,0.48600077629089355
276.94737696647644,0,13.567560195922852,-0.09650887548923492,0.4911959171295166
276.9806900024414,0,13.532865524291992,-0.09627553820610046,0.49088054895401
277.0140027999878,0,13.480962753295898,-0.09522046148777008,0.4888015389442444
277.04731488227844,0,13.353696823120117,-0.09383396804332733,0.48270219564437866
277.0806269645691,0,13.451395034790039,-0.09578363597393036,0.4859730005264282
277.1139385700226,0,13.500238418579102,-0.09682245552539825,0.4877566695213318
277.1472496986389,0,13.485462188720703,-0.09744517505168915,0.4866512417793274
277.18056058883667,0,13.37197494506836,-0.09602467715740204,0.48278895020484924
277.21387100219727,0,13.4312105178833,-0.09658785164356232,0.48449617624282837
277.2471809387207,0,13.468491554260254,-0.09639471024274826,0.4860781133174896
277.28049063682556,0,13.488943099975586,-0.095782071352005,0.4878784418106079
277.31379985809326,0,13.459012985229492,-0.09491810202598572,0.4869816303253174
277.3471088409424,0,13.424043655395508,-0.09502290189266205,0.4854605197906494
277.3804175853729,0,13.334346771240234,-0.09341755509376526,0.48188450932502747
277.41372561454773,0,13.394018173217773,-0.09465782344341278,0.4829987585544586
277.44703340530396,0,13.430612564086914,-0.09484904259443283,0.48425501585006714
277.4803409576416,0,13.413867950439453,-0.09481914341449738,0.48444032669067383
277.5136480331421,0,13.40548324584961,-0.0948486402630806,0.48483455181121826
277.5469546318054,0,13.447964668273926,-0.0959998294711113,0.4855189621448517
277.5802607536316,0,13.469196319580078,-0.09653963148593903,0.4861169457435608
277.6135678291321,0,13.420412063598633,-0.0960497334599495,0.48513543605804443
277.64691972732544,0,13.355981826782227,-0.09496371448040009,0.4824129343032837
277.6802484989166,0,13.41073989868164,-0.09702271223068237,0.4842929542064667
277.7135775089264,0,13.403919219970703,-0.0959504246711731,0.4847608506679535
277.7469058036804,0,13.500829696655273,-0.097013920545578,0.4880114197731018
277.78023386001587,0,13.464944839477539,-0.09558965265750885,0.4873669743537903
277.8135619163513,0,13.426997184753418,-0.09538218379020691,0.4859756529331207
277.8468894958496,0,13.41204833984375,-0.09513016045093536,0.4856022000312805
277.8802168369293,0,13.404584884643555,-0.09495970606803894,0.4851139187812805
277.9135437011719,0,13.397651672363281,-0.09506908804178238,0.48516497015953064
277.94687056541443,0,13.39738655090332,-0.09492916613817215,0.4848952889442444
277.9801971912384,0,13.413223266601562,-0.09454727917909622,0.4858089089393616
278.0135233402252,0,13.428604125976562,-0.09600518643856049,0.48615866899490356
278.04684925079346,0,13.409652709960938,-0.09557591378688812,0.485914021730423
278.0801749229431,0,13.334271430969238,-0.09518327564001083,0.48508206009864807
278.1135003566742,0,13.24997329711914,-0.09553863853216171,0.48395973443984985
278.1468253135681,0,13.104290008544922,-0.09524177014827728,0.4813743233680725
278.18015027046204,0,13.241138458251953,-0.09547597914934158,0.4934636056423187
278.2134747505188,0,13.353912353515625,-0.09480245411396027,0.5081350207328796
278.246798992157,0,13.268169403076172,-0.09450262784957886,0.5148686170578003
278.280122756958,0,13.237424850463867,-0.09349259734153748,0.5247732996940613
278.31344652175903,0,13.342947006225586,-0.09356353431940079,0.5416396856307983
278.3467700481415,0,13.201253890991211,-0.09230434894561768,0.547038197517395
278.38009333610535,0,13.384355545043945,-0.0921843945980072,0.5652916431427002
278.41341614723206,0,13.457107543945312,-0.0901389867067337,0.578066349029541
278.4467387199402,0,13.408361434936523,-0.08988013118505478,0.5854856371879578
278.48006105422974,0,13.314628601074219,-0.08627892285585403,0.5892922878265381
278.5133831501007,0,13.362873077392578,-0.08488871902227402,0.5971001386642456
278.5467047691345,0,13.348283767700195,-0.0835866630077362,0.6006149053573608
278.58002638816833,0,13.398412704467773,-0.08487387746572495,0.6074850559234619
278.61334776878357,0,13.270905494689941,-0.08564558625221252,0.6045372486114502
278.6466691493988,0,13.398880004882812,-0.0889805257320404,0.6093962788581848
278.6799883842468,0,13.53853702545166,-0.09064112603664398,0.6154115200042725
278.7133069038391,0,13.561107635498047,-0.09280809760093689,0.6135267019271851
278.7466251850128,0,13.619064331054688,-0.09410226345062256,0.612571120262146
278.77994322776794,0,13.534642219543457,-0.09509436786174774,0.6020963191986084
278.8132607936859,0,13.444819450378418,-0.09495031833648682,0.5927973985671997
278.8465778827667,0,13.597833633422852,-0.0966455489397049,0.5932104587554932
278.87989473342896,0,13.47058391571045,-0.09735266864299774,0.5797604918479919
278.9132113456726,0,13.624109268188477,-0.09983499348163605,0.5797244310379028
278.9465274810791,0,13.602730751037598,-0.10004617273807526,0.5709296464920044
278.97984313964844,0,14.102506637573242,-0.10778677463531494,0.5842313766479492
279.0131585597992,0,13.84557056427002,-0.10671074688434601,0.56779944896698
279.0464735031128,0,13.706053733825684,-0.10681374371051788,0.5554105043411255
279.07978796958923,0,14.036966323852539,-0.1097697764635086,0.5598925948143005
279.1131021976471,0,13.902494430541992,-0.10883116722106934,0.5513455867767334
279.1464159488678,0,13.865005493164062,-0.11143654584884644,0.5410951972007751
279.17972922325134,0,13.848129272460938,-0.11470182240009308,0.531503438949585
279.2130424976349,0,13.708927154541016,-0.11693120002746582,0.5199285745620728
279.2463552951813,0,13.64478874206543,-0.11729437112808228,0.5123014450073242
279.2796676158905,0,13.760381698608398,-0.12161711603403091,0.5119932889938354
279.3129794597626,0,13.799100875854492,-0.12248748540878296,0.5084885358810425
279.34629106521606,0,13.690316200256348,-0.1213684231042862,0.5000588893890381
279.379602432251,0,13.585397720336914,-0.12140396982431412,0.4940272569656372
279.41291308403015,0,13.532955169677734,-0.1213948056101799,0.490567147731781
279.4462237358093,0,13.555318832397461,-0.12008055299520493,0.4895114302635193
279.47953367233276,0,13.578123092651367,-0.11873212456703186,0.4904947876930237
279.5128436088562,0,13.650103569030762,-0.11722606420516968,0.4945020079612732
279.5461528301239,0,13.854589462280273,-0.11726594716310501,0.5025448799133301
279.579461812973,0,14.111027717590332,-0.11421175301074982,0.5092362761497498
279.612770318985,0,14.239702224731445,-0.11346857249736786,0.5131195783615112
279.6460793018341,0,14.304039001464844,-0.11309698224067688,0.5150611996650696
279.6794214248657,0,14.336207389831543,-0.11291119456291199,0.5160319805145264
279.71274065971375,0,14.304448127746582,-0.11289463192224503,0.5151459574699402
279.7460596561432,0,14.288568496704102,-0.11288635432720184,0.5147029161453247
279.7793779373169,0,14.276390075683594,-0.11187036335468292,0.5133472681045532
279.8126964569092,0,14.322382926940918,-0.11229787766933441,0.5151750445365906
279.84601402282715,0,14.389259338378906,-0.11256542056798935,0.5180261731147766
279.8793315887451,0,14.378822326660156,-0.11263876408338547,0.5173858404159546
279.9126486778259,0,14.311408996582031,-0.11220197379589081,0.5157323479652405
279.9459652900696,0,14.339897155761719,-0.1124570369720459,0.5162389278411865
279.97928190231323,0,14.297306060791016,-0.11316854506731033,0.5145715475082397
280.0125980377197,0,14.284997940063477,-0.1130233108997345,0.5144157409667969
280.04591369628906,0,14.32668685913086,-0.1128743588924408,0.5157092809677124
280.0792291164398,0,14.34753131866455,-0.11279988288879395,0.5163560509681702
280.1125440597534,0,14.357954025268555,-0.11276264488697052,0.5166794061660767
280.14585876464844,0,14.253498077392578,-0.11084713041782379,0.5122687220573425
280.1791729927063,0,14.281059265136719,-0.11107087135314941,0.5135183930397034
280.2124869823456,0,14.324722290039062,-0.1118914932012558,0.515131950378418
280.2458004951477,0,14.346549034118652,-0.11230844259262085,0.516067385673523
280.27911376953125,0,14.357461929321289,-0.11251692473888397,0.5165351033210754
280.31242656707764,0,14.253252029418945,-0.11072427034378052,0.5121965408325195
280.345739364624,0,14.310813903808594,-0.1117248386144638,0.5145996809005737
280.3790512084961,0,14.339594841003418,-0.11222511529922485,0.5158012509346008
280.41236329078674,0,14.32410717010498,-0.11175987124443054,0.5152846574783325
280.44567489624023,0,14.298391342163086,-0.112410768866539,0.514924168586731
280.478985786438,0,14.333383560180664,-0.11256808042526245,0.5159634947776794
280.51229667663574,0,14.321001052856445,-0.11193135380744934,0.5153657793998718
280.5456073284149,0,14.314809799194336,-0.11161299049854279,0.515066921710968
280.57891726493835,0,14.236822128295898,-0.11087119579315186,0.5130382180213928
280.6122269630432,0,14.272722244262695,-0.11107520759105682,0.5138586759567261
280.6455364227295,0,14.320549011230469,-0.11190029978752136,0.515430748462677
280.67884588241577,0,14.344462394714355,-0.11231285333633423,0.5162167549133301
280.7121739387512,0,14.35641860961914,-0.11251913011074066,0.516609787940979
280.7455017566681,0,14.362397193908691,-0.11262226104736328,0.5168063044548035
280.7788290977478,0,14.260616302490234,-0.1113758385181427,0.5139079093933105
280.81215620040894,0,14.314496040344238,-0.1120506227016449,0.5154553651809692
280.84548330307007,0,14.311559677124023,-0.11166492104530334,0.5150672197341919
280.87880992889404,0,14.339967727661133,-0.11219516396522522,0.5160350203514099
280.91213607788086,0,14.30208969116211,-0.11152476072311401,0.5140133500099182
280.9454622268677,0,14.3053560256958,-0.1114019900560379,0.5143462419509888
280.9787881374359,0,14.33686637878418,-0.1120636910200119,0.5156745314598083
281.012113571167,0,14.322742462158203,-0.11167915165424347,0.5152212977409363
281.04543900489807,0,14.315681457519531,-0.11148688197135925,0.5149946808815002
281.078763961792,0,14.312150955200195,-0.11139075458049774,0.5148813724517822
281.1120889186859,0,14.3402681350708,-0.11205142736434937,0.515813410282135
281.1454133987427,0,14.324443817138672,-0.1116730272769928,0.5152907371520996
281.17873787879944,0,14.316532135009766,-0.11148382723331451,0.5150294303894043
281.21206188201904,0,14.312576293945312,-0.11138921976089478,0.5148987770080566
281.24538564682007,0,14.310598373413086,-0.1113419234752655,0.5148334503173828
281.27870893478394,0,14.309608459472656,-0.11131827533245087,0.5148007869720459
281.3120322227478,0,14.229324340820312,-0.11012494564056396,0.5113294124603271
281.3453552722931,0,14.268972396850586,-0.1107097864151001,0.5130487680435181
281.3786780834198,0,14.288795471191406,-0.11100220680236816,0.5139083862304688
281.41200065612793,0,14.280735969543457,-0.11203193664550781,0.5142360925674438
281.4453227519989,0,14.294677734375,-0.11166328191757202,0.5145020484924316
281.4786446094513,0,14.30164909362793,-0.11147895455360413,0.5146350860595703
281.5119664669037,0,14.305133819580078,-0.11138679087162018,0.5147016048431396
281.54528760910034,0,14.306877136230469,-0.11134070158004761,0.5147348642349243
281.5786089897156,0,14.307748794555664,-0.11131766438484192,0.5147514343261719
281.6119296550751,0,14.308183670043945,-0.11130614578723907,0.5147597789764404
281.64525055885315,0,14.308401107788086,-0.11130037903785706,0.5147639513015747
281.67857098579407,0,14.308509826660156,-0.11129750311374664,0.5147659778594971
281.7119040489197,0,14.338447570800781,-0.11200480163097382,0.5157557129859924
281.7452368736267,0,14.353411674499512,-0.11236509680747986,0.5163792371749878
281.7789409160614,0,14.411799430847168,-0.11266183853149414,0.5180293321609497
281.8126473426819,0,14.390087127685547,-0.11269362270832062,0.5175160765647888
281.846355676651,0,14.430137634277344,-0.11282610148191452,0.5185977220535278
281.88006615638733,0,14.399256706237793,-0.11277575045824051,0.5178002715110779
281.9137785434723,0,14.38381576538086,-0.1127505749464035,0.5174015760421753
281.94749331474304,0,14.37609577178955,-0.1127379834651947,0.5172021985054016
281.9812099933624,0,14.372236251831055,-0.1127316951751709,0.5171024799346924
282.014928817749,0,14.370306015014648,-0.112728551030159,0.5170526504516602
282.04864978790283,0,14.339462280273438,-0.11201158165931702,0.5159103870391846
282.08237290382385,0,14.324041366577148,-0.11165310442447662,0.5153392553329468
282.1160979270935,0,14.346208572387695,-0.11218924820423126,0.5161710381507874
282.14982533454895,0,14.327413558959961,-0.11174193024635315,0.5154695510864258
282.18355441093445,0,14.318016052246094,-0.11151827871799469,0.5151188373565674
282.21728587150574,0,14.343195915222168,-0.1121218353509903,0.5160608291625977
282.25101923942566,0,14.355785369873047,-0.1124236136674881,0.5165318250656128
282.28475522994995,0,14.362080574035645,-0.112574502825737,0.5167673230171204
282.3184926509857,0,14.244161605834961,-0.11224782466888428,0.5138213634490967
282.3522324562073,0,14.244077682495117,-0.11200650036334991,0.5139501094818115
282.38597440719604,0,14.306231498718262,-0.11235930025577545,0.5153477787971497
282.419718503952,0,14.287275314331055,-0.1125989556312561,0.5138968229293823
282.4534647464752,0,14.32783031463623,-0.11265553534030914,0.5153211355209351
282.48721265792847,0,14.348102569580078,-0.11269046366214752,0.5161619782447815
282.5209629535675,0,14.358243942260742,-0.11270128190517426,0.516453742980957
282.55471539497375,0,14.363309860229492,-0.11271333694458008,0.5167282819747925
282.5884699821472,0,14.365842819213867,-0.11271937191486359,0.5168655514717102
282.6222267150879,0,14.367109298706055,-0.11272238194942474,0.5169341564178467
282.6559851169586,0,14.367742538452148,-0.11272388696670532,0.5169684886932373
282.68974590301514,0,14.305868148803711,-0.11224453151226044,0.5155236721038818
282.72350883483887,0,14.337126731872559,-0.11247831583023071,0.5161345601081848
282.75726413726807,0,14.396627426147461,-0.11273398250341415,0.5186135768890381
282.79062843322754,0,14.382501602172852,-0.11272969096899033,0.517808198928833
282.823992729187,0,14.345560073852539,-0.11201215535402298,0.516288161277771
282.823992729187,1,13.350521087646484,-5.611980438232422,0.6017739772796631
282.85765647888184,0,14.356972694396973,-0.11236213147640228,0.5165168046951294
282.85765647888184,1,13.47822380065918,-5.663134574890137,0.6074220538139343
282.8913221359253,0,14.362674713134766,-0.11254376173019409,0.5167598128318787
282.8913221359253,1,13.57067584991455,-5.703257083892822,0.6134738326072693
282.92498898506165,0,14.365525245666504,-0.1126345843076706,0.5168813467025757
282.92498898506165,1,13.482343673706055,-5.665368556976318,0.6104445457458496
282.9586579799652,0,14.366954803466797,-0.11267334222793579,0.5168133974075317
282.9586579799652,1,13.585929870605469,-5.711390495300293,0.6165968775749207
282.9923286437988,0,14.259864807128906,-0.11181046068668365,0.5133957862854004
282.9923286437988,1,13.490938186645508,-5.672489166259766,0.6110719442367554
283.0260009765625,0,14.266270637512207,-0.11243606358766556,0.5139797925949097
283.0596752166748,0,14.317323684692383,-0.11258073151111603,0.5154913067817688
283.09335112571716,0,14.342849731445312,-0.11265306174755096,0.516247034072876
283.1270287036896,0,14.35561752319336,-0.11268258094787598,0.5164962410926819
283.16070771217346,0,14.3619966506958,-0.11270399391651154,0.5167495012283325
283.194388628006,0,14.36518669128418,-0.11271469295024872,0.5168761610984802
283.2280716896057,0,14.366781234741211,-0.11272004246711731,0.5169395208358765
283.26175594329834,0,14.367578506469727,-0.1127227246761322,0.5169711709022522
283.2954421043396,0,14.367977142333984,-0.11272406578063965,0.5169869661331177
283.3291299343109,0,14.258508682250977,-0.11082784086465836,0.512422502040863
283.36281967163086,0,14.26559829711914,-0.11185295879840851,0.5133411884307861
283.3965108394623,0,14.316987037658691,-0.1122891753911972,0.515172004699707
283.43020391464233,0,14.342681884765625,-0.11250728368759155,0.5160874128341675
283.46389865875244,0,14.355528831481934,-0.11261634528636932,0.5165451169013977
283.4975950717926,0,14.309869766235352,-0.11173535883426666,0.5142683982849121
283.5312931537628,0,14.291278839111328,-0.11230671405792236,0.5142641663551331
283.56499314308167,0,14.329827308654785,-0.11251606047153473,0.5156334638595581
283.59869480133057,0,14.349105834960938,-0.11261408030986786,0.516189455986023
283.6323981285095,0,14.35874080657959,-0.11266973614692688,0.5165961384773254
283.6661033630371,0,14.333680152893066,-0.11198218166828156,0.5156821012496948
283.6998100280762,0,14.351028442382812,-0.11235378682613373,0.5163424611091614
283.73351860046387,0,14.259623527526855,-0.11171647906303406,0.5125700235366821
283.7672288417816,0,14.31399917602539,-0.11222094297409058,0.514786422252655
283.8009407520294,0,14.341187477111816,-0.11247317492961884,0.5158946514129639
283.83464670181274,0,14.32490348815918,-0.11188389360904694,0.5153313875198364
283.86803698539734,0,14.298789978027344,-0.1124727800488472,0.5149475336074829
283.9014940261841,0,14.333582878112793,-0.11259908974170685,0.5159751772880554
283.93495297431946,0,14.35097885131836,-0.11266224086284637,0.5164890289306641
283.96841382980347,0,14.3596773147583,-0.11269381642341614,0.516745924949646
284.00187635421753,0,14.334148406982422,-0.11199422180652618,0.5157569646835327
284.00187635421753,1,14.124648094177246,-5.939437389373779,0.6374909281730652
284.03534054756165,0,14.303412437438965,-0.11252794414758682,0.515160322189331
284.03534054756165,1,13.910201072692871,-5.845704078674316,0.6271791458129883
284.0688066482544,0,14.335899353027344,-0.1126200258731842,0.5159528851509094
284.1022744178772,0,14.352137565612793,-0.11267271637916565,0.5164778232574463
284.13574409484863,0,14.36025619506836,-0.11269906163215637,0.5167403221130371
284.1692156791687,0,14.3643159866333,-0.11271223425865173,0.5168715715408325
284.20268869400024,0,14.36634635925293,-0.11271882057189941,0.5169371962547302
284.236163854599,0,14.367361068725586,-0.11272211372852325,0.5169700384140015
284.236163854599,1,13.895698547363281,-5.838054180145264,0.6260495185852051
284.2696406841278,0,14.305685043334961,-0.11224210262298584,0.5153138041496277
284.2696406841278,1,14.01973819732666,-5.890041351318359,0.6314140558242798
284.30311918258667,0,14.337030410766602,-0.11248375475406647,0.5161583423614502
284.33659958839417,0,14.352703094482422,-0.11260457336902618,0.5165805816650391
284.3700816631317,0,14.360539436340332,-0.11266498267650604,0.5167917013168335
284.4035654067993,0,14.364461898803711,-0.11268854141235352,0.5167685747146606
284.43705129623413,0,14.366418838500977,-0.1127069741487503,0.5168856978416443
284.4705386161804,0,14.262626647949219,-0.11141818761825562,0.513947606086731
284.50402784347534,0,14.31550121307373,-0.11207179725170135,0.5154752135276794
284.5375189781189,0,14.28985595703125,-0.11146308481693268,0.513733446598053
284.5710117816925,0,14.329115867614746,-0.11209423840045929,0.5153681039810181
284.60450649261475,0,14.348745346069336,-0.1124098151922226,0.516185462474823
284.63800263404846,0,14.358560562133789,-0.11256760358810425,0.5165941715240479
284.6715006828308,0,14.363468170166016,-0.11264650523662567,0.5167984962463379
284.70500087738037,0,14.315898895263672,-0.11283836513757706,0.514470100402832
284.7385025024414,0,14.342137336730957,-0.11278188228607178,0.51573646068573
284.7720057964325,0,14.303174018859863,-0.11181811988353729,0.5138640403747559
284.8055112361908,0,14.335775375366211,-0.1122717559337616,0.5154334306716919
284.83901834487915,0,14.352075576782227,-0.11249858140945435,0.5162181258201599
284.87252497673035,0,14.250558853149414,-0.1107150986790657,0.5120381116867065
284.90581226348877,0,14.30947208404541,-0.11171360313892365,0.5143917798995972
284.93909883499146,0,14.28684139251709,-0.11128398776054382,0.5131916999816895
284.97238516807556,0,14.297730445861816,-0.11128930747509003,0.5139799118041992
285.00567054748535,0,14.002044677734375,-0.11030875146389008,0.5056400895118713
285.038955450058,0,13.887067794799805,-0.10986064374446869,0.5068073272705078
285.07223987579346,0,13.965636253356934,-0.10970544815063477,0.5172234773635864
285.1055235862732,0,13.952295303344727,-0.11126013100147247,0.5241172909736633
285.1388063430786,0,14.076727867126465,-0.11138641089200974,0.5424966216087341
285.1388063430786,1,13.937531471252441,-5.847591400146484,0.6702355146408081
285.17208886146545,0,14.06568717956543,-0.11169981211423874,0.5509443283081055
285.17208886146545,1,14.151676177978516,-5.933189392089844,0.6863203048706055
285.20537090301514,0,14.185752868652344,-0.11129413545131683,0.5681976675987244
285.2386522293091,0,14.047507286071777,-0.11111666262149811,0.5779932737350464
285.2719326019287,0,14.100918769836426,-0.11027929186820984,0.5901477336883545
285.30521273612976,0,14.166414260864258,-0.10996594280004501,0.6105923652648926
285.3384921550751,0,14.164752960205078,-0.11003924906253815,0.6197962164878845
285.3717710971832,0,14.232095718383789,-0.10986106842756271,0.636476993560791
285.3717710971832,1,12.29838752746582,-5.1381659507751465,0.6193366050720215
285.40504908561707,0,14.46563720703125,-0.10959984362125397,0.6551629304885864
285.40504908561707,1,12.87999153137207,-5.37227725982666,0.6809333562850952
285.4383270740509,0,14.47250747680664,-0.10899576544761658,0.6609565019607544
285.4383270740509,1,13.53709602355957,-5.631721496582031,0.7350926399230957
285.47160387039185,0,14.477276802062988,-0.10940644145011902,0.6634461879730225
285.50488018989563,0,14.42430305480957,-0.10976749658584595,0.6611979007720947
285.53815603256226,0,14.386859893798828,-0.11004932224750519,0.6605606079101562
285.57143115997314,0,14.428512573242188,-0.11197866499423981,0.6616089344024658
285.6047058105469,0,14.434181213378906,-0.11254464089870453,0.6617591381072998
285.63797974586487,0,14.487262725830078,-0.11449334025382996,0.6528148651123047
285.6712532043457,0,14.33295726776123,-0.11700541526079178,0.6392332315444946
285.7045261859894,0,14.352409362792969,-0.121541827917099,0.6283932328224182
285.73779821395874,0,14.264215469360352,-0.12435705959796906,0.6139155626296997
285.77106976509094,0,14.359161376953125,-0.1311461627483368,0.6037755012512207
285.804340839386,0,14.510210037231445,-0.13523522019386292,0.6025019884109497
285.8376111984253,0,14.546123504638672,-0.1365516483783722,0.5899653434753418
285.87088441848755,0,14.51388168334961,-0.1372816264629364,0.5797723531723022
285.9040837287903,0,14.586355209350586,-0.139748215675354,0.577612042427063
285.9372823238373,0,14.595423698425293,-0.13904550671577454,0.5657596588134766
285.9704794883728,0,14.480627059936523,-0.1377246379852295,0.553051233291626
286.0036759376526,0,14.408480644226074,-0.13743028044700623,0.5448259115219116
286.0368707180023,0,14.431703567504883,-0.13834452629089355,0.5398029088973999
286.07006454467773,0,14.360795974731445,-0.136715367436409,0.5283762216567993
286.10325717926025,0,14.450483322143555,-0.13912981748580933,0.527432918548584
286.1364486217499,0,14.46155834197998,-0.14061298966407776,0.5250227451324463
286.169638633728,0,14.400224685668945,-0.14027318358421326,0.5204160809516907
286.20282769203186,0,14.415843963623047,-0.1411481350660324,0.5188115835189819
286.2360155582428,0,14.468554496765137,-0.1410573273897171,0.5200268030166626
286.26920223236084,0,14.400985717773438,-0.13745293021202087,0.5179466009140015
286.302387714386,0,14.403196334838867,-0.13521331548690796,0.5181477069854736
286.33557200431824,0,14.440357208251953,-0.13519974052906036,0.5196440815925598
286.3687553405762,0,14.45617389678955,-0.13466480374336243,0.5210015773773193
286.40193724632263,0,14.403270721435547,-0.1315584033727646,0.5200099945068359
286.4351181983948,0,14.41638469696045,-0.12782281637191772,0.5219144821166992
286.46829771995544,0,14.425985336303711,-0.12407845258712769,0.5226297378540039
286.5014760494232,0,14.540520668029785,-0.12235212326049805,0.5255336761474609
286.53465366363525,0,14.471685409545898,-0.11938464641571045,0.5222957134246826
286.56782960891724,0,14.437261581420898,-0.11815262585878372,0.5207654237747192
286.6010043621063,0,14.525838851928711,-0.11963976919651031,0.5234575271606445
286.6341781616211,0,14.65800666809082,-0.12035030126571655,0.5271534323692322
286.66735076904297,0,14.74697494506836,-0.1203029677271843,0.5295556783676147
286.70052218437195,0,14.869579315185547,-0.11998298764228821,0.5344313383102417
286.73369240760803,0,14.776591300964355,-0.1179671362042427,0.5303945541381836
286.7668616771698,0,14.53699016571045,-0.11788609623908997,0.5199956893920898
286.8000292778015,0,14.69009780883789,-0.11846036463975906,0.526512622833252
286.8331961631775,0,14.692499160766602,-0.11891099810600281,0.5263562798500061
286.8663671016693,0,14.63177490234375,-0.11748720705509186,0.5236826539039612
286.8997571468353,0,14.609219551086426,-0.11793171614408493,0.5234954357147217
286.93304657936096,0,14.549604415893555,-0.11697588860988617,0.5211620330810547
286.96633553504944,0,14.568137168884277,-0.11786812543869019,0.5221190452575684
286.9996237754822,0,14.431085586547852,-0.11701440811157227,0.5171737670898438
287.03291153907776,0,14.439216613769531,-0.11665427684783936,0.517720103263855
287.0661985874176,0,14.37354850769043,-0.11698998510837555,0.5145351886749268
287.0994851589203,0,14.521142959594727,-0.11818964779376984,0.5213258266448975
287.13277101516724,0,14.571022033691406,-0.11832250654697418,0.5223180055618286
287.16605615615845,0,14.509185791015625,-0.11730831861495972,0.5202921628952026
287.1993408203125,0,14.408533096313477,-0.11731700599193573,0.5158212184906006
287.2326247692108,0,14.351285934448242,-0.1169903576374054,0.5138999223709106
287.265908241272,0,14.322662353515625,-0.11682702600955963,0.5129393339157104
287.2991909980774,0,14.329273223876953,-0.11661040782928467,0.5127105712890625
287.33247327804565,0,14.311656951904297,-0.11663705110549927,0.5123445987701416
287.3657546043396,0,14.302848815917969,-0.11665037274360657,0.5121616125106812
287.39903569221497,0,14.607320785522461,-0.11919677257537842,0.5239928960800171
287.4323160648346,0,14.614110946655273,-0.11882606148719788,0.5236514806747437
287.4655957221985,0,14.600390434265137,-0.11879320442676544,0.5233637690544128
287.4988749027252,0,14.523871421813965,-0.11775953322649002,0.5207098722457886
287.53215312957764,0,14.485610008239746,-0.11702683568000793,0.5194880962371826
287.5654308795929,0,14.641258239746094,-0.11902136355638504,0.5266984701156616
287.5987083911896,0,14.56562614440918,-0.11775708198547363,0.5226423740386963
287.63198494911194,0,14.59326171875,-0.11788788437843323,0.5231136083602905
287.66526103019714,0,14.5899658203125,-0.11832411587238312,0.5230948328971863
287.6985363960266,0,14.69271183013916,-0.11911801993846893,0.5273939371109009
287.73181104660034,0,14.56119441986084,-0.11889277398586273,0.5221349000930786
287.7650852203369,0,14.573932647705078,-0.11882656812667847,0.5226054787635803
287.79835867881775,0,14.597417831420898,-0.1186409592628479,0.5229578018188477
287.8316316604614,0,14.466650009155273,-0.1175173744559288,0.5177198052406311
287.86490416526794,0,14.550613403320312,-0.11854346841573715,0.5215810537338257
287.8981783390045,0,14.58575439453125,-0.11828108131885529,0.5225829482078552
287.93146681785583,0,14.603328704833984,-0.1183682233095169,0.5229465365409851
287.9647545814514,0,14.644968032836914,-0.11813153326511383,0.5240681171417236
287.99804186820984,0,14.518503189086914,-0.11634912341833115,0.5190777778625488
288.0313284397125,0,14.569700241088867,-0.11718390882015228,0.5213313102722168
288.0646142959595,0,14.578185081481934,-0.11797213554382324,0.5222036838531494
288.09789967536926,0,14.535300254821777,-0.11751307547092438,0.5215729475021362
288.1311845779419,0,14.560981750488281,-0.11794465035200119,0.5224405527114868
288.1644687652588,0,14.427511215209961,-0.11730417609214783,0.5172096490859985
288.19775223731995,0,14.360774993896484,-0.11698393523693085,0.5145941972732544
288.23103523254395,0,14.404064178466797,-0.11685489863157272,0.5163251161575317
288.2643177509308,0,14.4168701171875,-0.11776121705770493,0.516600489616394
288.2975993156433,0,14.432111740112305,-0.11724354326725006,0.5173282623291016
288.3308804035187,0,14.550424575805664,-0.11831642687320709,0.5227223634719849
288.36416125297546,0,14.422231674194336,-0.11749006807804108,0.5173505544662476
288.39744091033936,0,14.608844757080078,-0.11870099604129791,0.5245217680931091
288.43072032928467,0,14.549416542053223,-0.11736053228378296,0.521675169467926
288.46399903297424,0,14.519702911376953,-0.11669030040502548,0.5202518701553345
288.49727725982666,0,14.57029914855957,-0.11735449731349945,0.5219183564186096
288.53055477142334,0,14.595600128173828,-0.11790493130683899,0.5226142406463623
288.5638315677643,0,14.560179710388184,-0.11686474829912186,0.5216081142425537
288.59710788726807,0,14.590540885925293,-0.1176600530743599,0.5224591493606567
288.6303834915161,0,14.627035140991211,-0.11844255775213242,0.5241664052009583
288.6636588573456,0,14.537191390991211,-0.11736834794282913,0.5212163925170898
288.69693326950073,0,14.561930656433105,-0.11806435137987137,0.5221462249755859
288.73020696640015,0,14.498909950256348,-0.11866821348667145,0.5190675258636475
288.7634801864624,0,14.494449615478516,-0.11734414100646973,0.5189480781555176
288.7967529296875,0,14.470901489257812,-0.11703500151634216,0.5185019969940186
288.83002495765686,0,14.480447769165039,-0.11676390469074249,0.5185441970825195
288.86329650878906,0,14.53355884552002,-0.11776213347911835,0.5208101272583008
288.8965697288513,0,14.560111999511719,-0.11806917935609818,0.5220592021942139
288.9298644065857,0,14.608842849731445,-0.11766152083873749,0.5228523015975952
288.96315836906433,0,14.549417495727539,-0.11707716435194016,0.5207192897796631
288.99645137786865,0,14.442647933959961,-0.11646606028079987,0.5167397260665894
289.0297441482544,0,14.538612365722656,-0.11817098408937454,0.5210269689559937
289.063036441803,0,14.506054878234863,-0.11726922541856766,0.5216666460037231
289.0963282585144,0,14.587392807006836,-0.11840510368347168,0.524992823600769
289.1296191215515,0,14.508535385131836,-0.1185363233089447,0.5209343433380127
289.16290950775146,0,14.401287078857422,-0.11760000884532928,0.5164564847946167
289.19619941711426,0,14.453195571899414,-0.11744815111160278,0.5184414386749268
289.2294888496399,0,14.53704833984375,-0.11795175075531006,0.5208758115768433
289.2627773284912,0,14.436466217041016,-0.11717277020215988,0.5166788101196289
289.29606556892395,0,14.386175155639648,-0.1167832762002945,0.5145803093910217
289.32935309410095,0,14.416763305664062,-0.11675456911325455,0.516318142414093
289.3626401424408,0,14.355401992797852,-0.1167091354727745,0.5141484141349792
289.3959264755249,0,14.401376724243164,-0.11671750247478485,0.5161021947860718
289.42921257019043,0,14.41552734375,-0.11769251525402069,0.5164890289306641
289.46249771118164,0,14.422601699829102,-0.11818002164363861,0.5166823863983154
289.4957823753357,0,14.456296920776367,-0.11733641475439072,0.517634391784668
289.529066324234,0,14.571453094482422,-0.11761563271284103,0.5214120745658875
289.56234979629517,0,14.579058647155762,-0.11799593269824982,0.5223601460456848
289.59563279151917,0,14.613382339477539,-0.11806750297546387,0.5235562324523926
289.6289150714874,0,14.551687240600586,-0.11728015542030334,0.5210713148117065
289.66219687461853,0,14.599693298339844,-0.11752143502235413,0.5230700969696045
289.6954779624939,0,14.610298156738281,-0.11798839271068573,0.5231901407241821
289.7287585735321,0,14.622163772583008,-0.11878202110528946,0.5244967937469482
289.76203870773315,0,14.677745819091797,-0.11855926364660263,0.5265547037124634
289.79531812667847,0,14.632207870483398,-0.11865980923175812,0.5248153805732727
289.8285970687866,0,14.60943603515625,-0.11851801723241806,0.5240617990493774
289.86187529563904,0,14.702446937561035,-0.1192149668931961,0.5278773903846741
289.8951551914215,0,14.659320831298828,-0.118598073720932,0.5275193452835083
289.9285180568695,0,14.534269332885742,-0.11753523349761963,0.5228613018989563
289.96180605888367,0,14.511619567871094,-0.11662700772285461,0.5297123789787292
289.99509286880493,0,14.33482551574707,-0.1144857257604599,0.5293176174163818
290.0283794403076,0,14.336600303649902,-0.11482320725917816,0.5358604192733765
290.06166529655457,0,14.568422317504883,-0.11732673645019531,0.5582759976387024
290.0949504375458,0,14.531408309936523,-0.11887252330780029,0.5709309577941895
290.12823510169983,0,14.522771835327148,-0.11931267380714417,0.5834125280380249
290.1615192890167,0,14.492450714111328,-0.11963219940662384,0.592241644859314
290.1948027610779,0,14.408456802368164,-0.11930273473262787,0.5991199612617493
290.2280855178833,0,14.556099891662598,-0.11890463531017303,0.6148606538772583
290.26136779785156,0,14.376402854919434,-0.11760124564170837,0.6172791123390198
290.2946493625641,0,14.535097122192383,-0.11904442310333252,0.6317039132118225
290.32793045043945,0,14.592121124267578,-0.12020088732242584,0.641646683216095
290.36121106147766,0,14.429393768310547,-0.11661112308502197,0.6408363580703735
290.39449071884155,0,14.518133163452148,-0.1159466803073883,0.6497639417648315
290.42777013778687,0,14.39024543762207,-0.11433825641870499,0.6475173234939575
290.46104860305786,0,14.403472900390625,-0.11088819056749344,0.6510571837425232
290.4943268299103,0,14.352697372436523,-0.10900663584470749,0.6489971876144409
290.5276041030884,0,14.561605453491211,-0.11133971810340881,0.6579407453536987
290.5608808994293,0,14.659378051757812,-0.11122094094753265,0.6574130058288574
290.5941569805145,0,14.827613830566406,-0.11075230687856674,0.6599236130714417
290.6274325847626,0,14.888469696044922,-0.11056128144264221,0.6570031642913818
291.1931595802307,0,15.118021011352539,-0.09697311371564865,0.5373789668083191
291.2264406681061,0,15.118026733398438,-0.09708037972450256,0.5371969938278198
291.2597212791443,0,15.277168273925781,-0.0983177125453949,0.543940544128418
291.29300117492676,0,15.132229804992676,-0.09719624370336533,0.5391676425933838
291.32628083229065,0,15.108882904052734,-0.09782040119171143,0.5397141575813293
291.3595595359802,0,15.081823348999023,-0.10039301216602325,0.539523720741272
291.39283776283264,0,14.839550018310547,-0.10187307000160217,0.5317554473876953
291.4261152744293,0,14.838830947875977,-0.10231614112854004,0.5327643156051636
291.45939230918884,0,14.969375610351562,-0.10568505525588989,0.5363060235977173
291.4926688671112,0,15.009899139404297,-0.11006500571966171,0.5371334552764893
291.52594447135925,0,15.08218765258789,-0.11237773299217224,0.5391528606414795
291.55921959877014,0,15.059669494628906,-0.11376305669546127,0.5373120903968811
291.5924942493439,0,15.006231307983398,-0.1148497611284256,0.535396933555603
291.62576818466187,0,14.961715698242188,-0.11610881984233856,0.5344118475914001
291.6590416431427,0,14.88690185546875,-0.11657823622226715,0.5322533845901489
291.6923141479492,0,14.88947582244873,-0.11634215712547302,0.533196210861206
291.7255861759186,0,14.877585411071777,-0.11663834750652313,0.5333812236785889
291.7588577270508,0,14.987081527709961,-0.11560788005590439,0.5357862710952759
291.7921288013458,0,14.92078971862793,-0.11414784938097,0.5326311588287354
291.82539892196655,0,15.101517677307129,-0.11344952881336212,0.5399706363677979
291.8586688041687,0,15.012029647827148,-0.11256727576255798,0.5357340574264526
291.89193773269653,0,15.118463516235352,-0.1129131019115448,0.540186882019043
291.9252083301544,0,15.171680450439453,-0.11308601498603821,0.5424132347106934
291.9585530757904,0,15.154083251953125,-0.11233796179294586,0.5406145453453064
291.99184560775757,0,15.224319458007812,-0.11004560440778732,0.5427677631378174
292.025137424469,0,15.224607467651367,-0.11165226995944977,0.5437036752700806
292.05842900276184,0,15.224752426147461,-0.11245560646057129,0.5441716909408569
292.09171986579895,0,15.224824905395508,-0.11285726726055145,0.5444056987762451
292.1250100135803,0,15.172106742858887,-0.1117611899971962,0.5432701110839844
292.15829968452454,0,15.269933700561523,-0.11152639985084534,0.54559725522995
292.1915888786316,0,15.25697135925293,-0.11135341227054596,0.5456503629684448
292.2248775959015,0,15.335173606872559,-0.11081146448850632,0.5477569103240967
292.25816535949707,0,15.172876358032227,-0.11043040454387665,0.5404735207557678
292.2914526462555,0,15.154670715332031,-0.11117853224277496,0.5399137735366821
292.32473945617676,0,15.189783096313477,-0.11221873760223389,0.5422767400741577
292.35802602767944,0,15.05616283416748,-0.11195188015699387,0.5368871092796326
292.3913116455078,0,15.169204711914062,-0.11235153675079346,0.5420986413955688
292.424596786499,0,15.096542358398438,-0.11321292072534561,0.5394115447998047
292.4578814506531,0,15.060220718383789,-0.11344857513904572,0.5378396511077881
292.49116563796997,0,15.116645812988281,-0.11419395357370377,0.5406399965286255
292.5244491100311,0,15.144857406616211,-0.11456663906574249,0.5420401096343994
292.55773162841797,0,15.181983947753906,-0.11437903344631195,0.5436177253723145
292.5910141468048,0,15.16374397277832,-0.11451840400695801,0.5426533818244934
292.6242959499359,0,15.09382152557373,-0.11410132050514221,0.5394605994224548
292.65757727622986,0,15.058860778808594,-0.11389277875423431,0.5378642082214355
292.6908576488495,0,15.102182388305664,-0.11427527666091919,0.539776623249054
292.72413778305054,0,15.123844146728516,-0.11446651816368103,0.5407328605651855
292.75741720199585,0,15.134674072265625,-0.11456213891506195,0.541210949420929
292.7906963825226,0,15.158575057983398,-0.115542933344841,0.5423839092254639
292.823974609375,0,15.152030944824219,-0.11530236154794693,0.542243480682373
292.85725259780884,0,15.224058151245117,-0.11646434664726257,0.5455761551856995
292.89052963256836,0,15.203261375427246,-0.11658258736133575,0.5447187423706055
292.9238061904907,0,15.113580703735352,-0.11513341218233109,0.5404932498931885
292.9570837020874,0,15.068739891052246,-0.11440882086753845,0.53838050365448
292.99037528038025,0,15.046319961547852,-0.11404652893543243,0.5373241901397705
293.02366638183594,0,15.035109519958496,-0.11386538296937943,0.536795973777771
293.0569565296173,0,15.108793258666992,-0.11519455909729004,0.5401763916015625
293.0902462005615,0,15.145628929138184,-0.11594769358634949,0.5420188903808594
293.12353515625,0,15.051491737365723,-0.1147984117269516,0.5374060869216919
293.1568238735199,0,15.004413604736328,-0.11439189314842224,0.5353386998176575
293.1901116371155,0,15.135944366455078,-0.11585113406181335,0.5402272343635559
293.2233989238739,0,15.07992172241211,-0.11476768553256989,0.5382475256919861
293.2566854953766,0,15.131193161010742,-0.11573426425457001,0.5410544872283936
293.2899718284607,0,15.077546119689941,-0.11470925062894821,0.5386611223220825
293.32325744628906,0,15.1300048828125,-0.11570504307746887,0.5412612557411194
293.3565423488617,0,15.07695198059082,-0.11469464004039764,0.5387645363807678
293.3898265361786,0,15.111228942871094,-0.11467620730400085,0.5402268171310425
293.4231102466583,0,15.146846771240234,-0.1156885176897049,0.5420441031455994
293.4563934803009,0,15.085372924804688,-0.11468637734651566,0.5391559600830078
293.48967576026917,0,15.11421012878418,-0.11369013786315918,0.5407644510269165
293.52295780181885,0,15.16550064086914,-0.11487942934036255,0.541720986366272
293.5562391281128,0,15.0272216796875,-0.11344845592975616,0.5365259051322937
293.589519739151,0,15.02556037902832,-0.11356634646654129,0.536396861076355
293.62280011177063,0,14.97551155090332,-0.11316069960594177,0.5338014364242554
293.65607953071594,0,15.134010314941406,-0.11544813215732574,0.5393316745758057
293.6893584728241,0,15.213258743286133,-0.11659184843301773,0.5420967936515808
293.7226366996765,0,15.14709758758545,-0.11511251330375671,0.5412054657936096
293.75591468811035,0,15.114007949829102,-0.11455303430557251,0.5409677624702454
293.7891917228699,0,15.068953514099121,-0.11411863565444946,0.5386177897453308
293.82246828079224,0,15.074935913085938,-0.11405609548091888,0.539673924446106
293.85574412345886,0,15.027763366699219,-0.11437046527862549,0.5371243953704834
293.88901948928833,0,15.086633682250977,-0.11451411247253418,0.5394067168235779
293.92229437828064,0,15.033621788024902,-0.11441333591938019,0.536780595779419
293.9555699825287,0,15.10334587097168,-0.114676333963871,0.5401104688644409
293.9888973236084,0,15.119915962219238,-0.11313311755657196,0.5394631624221802
294.0221960544586,0,15.146501541137695,-0.11398039758205414,0.5412319898605347
294.05549454689026,0,15.085200309753418,-0.11383231729269028,0.5387499332427979
294.0887920856476,0,15.054550170898438,-0.11375828087329865,0.5375088453292847
294.12208914756775,0,15.016229629516602,-0.11296302080154419,0.5360524654388428
294.15538573265076,0,14.9970703125,-0.11256539821624756,0.535324215888977
294.1886820793152,0,14.975093841552734,-0.11177783459424973,0.534247636795044
294.2219774723053,0,14.977851867675781,-0.11304520070552826,0.5342010259628296
294.2552728652954,0,14.979230880737305,-0.11367888748645782,0.5341777801513672
294.2885675430298,0,15.015266418457031,-0.11274565756320953,0.5359775424003601
294.3218615055084,0,15.117179870605469,-0.11354878544807434,0.540825605392456
294.3551549911499,0,15.168136596679688,-0.11395034193992615,0.5432496070861816
294.3884479999542,0,15.045331001281738,-0.1130957305431366,0.5375617742538452
294.42174077033997,0,15.11047077178955,-0.1131894588470459,0.5396438241004944
294.45503282546997,0,15.141770362854004,-0.11406439542770386,0.5415420532226562
294.48832416534424,0,15.180431365966797,-0.1142081469297409,0.5436078310012817
294.5216152667999,0,15.199762344360352,-0.11428003013134003,0.5446407198905945
294.5549056529999,0,15.111830711364746,-0.11398213356733322,0.5404542684555054
294.58819556236267,0,15.0516357421875,-0.1131759062409401,0.539524257183075
294.6214849948883,0,14.987089157104492,-0.11243046820163727,0.5355108976364136
294.6547739505768,0,15.115549087524414,-0.11180545389652252,0.5406071543693542
294.6880621910095,0,15.123979568481445,-0.10993705689907074,0.5398194789886475
294.7213501930237,0,15.046154022216797,-0.1082124337553978,0.5385450124740601
294.7546374797821,0,15.090463638305664,-0.10818956047296524,0.5395404100418091
294.78792428970337,0,15.273487091064453,-0.10752377659082413,0.5459979772567749
294.82121086120605,0,15.364995956420898,-0.10750645399093628,0.5492369532585144
294.854496717453,0,15.41075325012207,-0.10718221962451935,0.5508462190628052
294.8877818584442,0,15.352648735046387,-0.10778015851974487,0.5479995608329773
294.92106676101685,0,15.404579162597656,-0.10731907188892365,0.5502275228500366
294.95435094833374,0,15.43054485321045,-0.10708853602409363,0.5513415336608887
294.9876356124878,0,15.399152755737305,-0.10919007658958435,0.5496329665184021
295.02092838287354,0,15.32158088684082,-0.11018525063991547,0.5476682186126709
295.0542206764221,0,15.282794952392578,-0.11068284511566162,0.5466858148574829
295.08751249313354,0,15.136619567871094,-0.10932538658380508,0.5421634912490845
295.12080359458923,0,15.38448429107666,-0.11009290814399719,0.5504950284957886
295.15409421920776,0,15.508415222167969,-0.11065244674682617,0.554667592048645
295.18738436698914,0,15.2959623336792,-0.10882705450057983,0.5472315549850464
295.2206735610962,0,15.293651580810547,-0.10904096066951752,0.5454773902893066
295.25396251678467,0,15.292495727539062,-0.10914791375398636,0.5446003079414368
295.2872507572174,0,15.374503135681152,-0.10800295323133469,0.5485278964042664
295.320538520813,0,15.415506362915039,-0.10743047297000885,0.5504916906356812
295.3538258075714,0,15.355025291442871,-0.10790428519248962,0.5478222966194153
295.3871123790741,0,15.405765533447266,-0.10769671201705933,0.5501490831375122
295.42039823532104,0,15.350160598754883,-0.10772497951984406,0.5475350618362427
295.45368361473083,0,15.216835021972656,-0.10736332833766937,0.5436652898788452
295.48696851730347,0,15.255695343017578,-0.10755828768014908,0.5442931652069092
295.52025270462036,0,15.169602394104004,-0.10727997869253159,0.5420442819595337
295.5535366535187,0,15.23047161102295,-0.10826742649078369,0.5428837537765503
295.5868196487427,0,15.299123764038086,-0.10956665873527527,0.5452418327331543
295.6201024055481,0,15.271566390991211,-0.11037354171276093,0.5454726219177246
295.6533844470978,0,15.319664001464844,-0.1108325719833374,0.5466985106468201
295.68666553497314,0,15.34371280670166,-0.11106209456920624,0.5473114252090454
295.71994638442993,0,15.319134712219238,-0.10940767079591751,0.5461162328720093
295.753226518631,0,15.338837623596191,-0.1089213490486145,0.5472874641418457
295.78650641441345,0,15.28187370300293,-0.11090396344661713,0.5458097457885742
295.8197853565216,0,15.324817657470703,-0.1110977828502655,0.5468670725822449
295.8530640602112,0,15.34628963470459,-0.11119470000267029,0.5473957061767578
295.886342048645,0,15.29515266418457,-0.11091894656419754,0.5464910268783569
295.9196193218231,0,15.331457138061523,-0.11110527813434601,0.5472077131271362
295.95289635658264,0,15.349609375,-0.11119844019412994,0.5475660562515259
295.9861731529236,0,15.296813011169434,-0.11092081665992737,0.5465762615203857
296.0194652080536,0,15.295679092407227,-0.10964945703744888,0.5458645820617676
296.0527563095093,0,15.464014053344727,-0.11025494337081909,0.5523456335067749
296.0860469341278,0,15.301796913146973,-0.10823356360197067,0.547892689704895
296.1193370819092,0,15.334787368774414,-0.10954973101615906,0.5477463006973267
296.1526265144348,0,15.314665794372559,-0.10896391421556473,0.546449601650238
296.1859152317047,0,15.304605484008789,-0.10867100954055786,0.5458012819290161
296.21920371055603,0,15.336191177368164,-0.10976845026016235,0.5467005968093872
296.25249123573303,0,15.237885475158691,-0.1079903170466423,0.5450701713562012
296.2857782840729,0,15.435117721557617,-0.1094253733754158,0.5519484281539917
296.31906485557556,0,15.364837646484375,-0.108589306473732,0.5484347343444824
296.3523507118225,0,15.224173545837402,-0.10779549181461334,0.5441150665283203
296.3856360912323,0,15.234090805053711,-0.10948796570301056,0.5449092388153076
296.41892075538635,0,15.239049911499023,-0.11033420264720917,0.5453063249588013
296.45220494270325,0,15.267623901367188,-0.1100308746099472,0.5471885204315186
296.4854884147644,0,15.076554298400879,-0.10842818021774292,0.5401289463043213
296.5187714099884,0,15.185555458068848,-0.10809071362018585,0.5425249338150024
296.5520534515381,0,15.240056037902832,-0.10792198032140732,0.5437229871749878
296.5853352546692,0,15.348283767700195,-0.10738998651504517,0.5480892658233643
296.61861658096313,0,15.32141399383545,-0.10788404196500778,0.5466210842132568
296.65189695358276,0,15.411310195922852,-0.10799887776374817,0.5509638786315918
296.6851770877838,0,15.389535903930664,-0.10964524745941162,0.5494441390037537
296.71845626831055,0,15.423020362854004,-0.10856719315052032,0.5509600639343262
296.7517352104187,0,15.358781814575195,-0.10847264528274536,0.5480564832687378
296.7850134372711,0,15.308109283447266,-0.10925737023353577,0.5466760396957397
296.8182909488678,0,15.301332473754883,-0.10850530862808228,0.5457985401153564
296.8515679836273,0,15.33454704284668,-0.10989846289157867,0.546861469745636
296.8848443031311,0,15.395528793334961,-0.10837823152542114,0.549658477306366
296.91812014579773,0,15.345036506652832,-0.10837816447019577,0.5474057197570801
296.9513952732086,0,15.31978988647461,-0.10837812721729279,0.5462793111801147
296.9846706390381,0,15.281899452209473,-0.10977928340435028,0.5459913611412048
297.017972946167,0,15.28822135925293,-0.10907869040966034,0.5455721616744995
297.0512752532959,0,15.185861587524414,-0.10840345919132233,0.5427272319793701
297.08457708358765,0,15.321183204650879,-0.10794629156589508,0.547601580619812
297.11787843704224,0,15.307869911193848,-0.10784976929426193,0.5462613105773926
297.15117931365967,0,15.301206588745117,-0.10811392962932587,0.545707106590271
297.18447947502136,0,15.220394134521484,-0.10678426921367645,0.5446188449859619
297.2177793979645,0,15.193286895751953,-0.10947467386722565,0.5419145822525024
297.2510783672333,0,15.092516899108887,-0.10925095528364182,0.5378401279449463
297.2843773365021,0,15.165346145629883,-0.10857542604207993,0.5406584143638611
297.31767559051514,0,15.20467758178711,-0.10987792909145355,0.5431809425354004
297.35097312927246,0,15.249616622924805,-0.10881558805704117,0.544050931930542
297.3842704296112,0,15.30868911743164,-0.11005359888076782,0.5459876656532288
297.4175670146942,0,15.222576141357422,-0.11099013686180115,0.5426708459854126
297.45086336135864,0,15.153038024902344,-0.10935918241739273,0.5412765741348267
297.48415875434875,0,15.223791122436523,-0.10886864364147186,0.543214738368988
297.5174539089203,0,15.23390007019043,-0.11002454161643982,0.5444591045379639
297.55074858665466,0,15.264228820800781,-0.1088888943195343,0.5446900129318237
297.5840427875519,0,15.27778434753418,-0.10907188057899475,0.5442066192626953
297.61733627319336,0,15.45506477355957,-0.11014193296432495,0.5515233278274536
297.65062952041626,0,15.325267791748047,-0.10812141001224518,0.5491015315055847
297.68392181396484,0,15.346514701843262,-0.10970650613307953,0.5485129356384277
297.71721386909485,0,15.32052993774414,-0.10904230177402496,0.5468329191207886
297.7505054473877,0,15.202014923095703,-0.10838526487350464,0.5433576107025146
297.7837965488434,0,15.16925048828125,-0.10998758673667908,0.541086733341217
297.81708693504333,0,15.268513679504395,-0.11042673885822296,0.5443432927131653
297.8503770828247,0,15.362508773803711,-0.1089579313993454,0.5484095811843872
297.88366627693176,0,15.409506797790527,-0.10822352766990662,0.5504427552223206
297.9169554710388,0,15.272148132324219,-0.10787522047758102,0.5453389286994934
297.95024371147156,0,15.319962501525879,-0.10937055945396423,0.5464693903923035
297.98353147506714,0,15.307259559631348,-0.10856190323829651,0.5456951856613159
298.0168192386627,0,15.33751106262207,-0.10992676019668579,0.5468097925186157
298.05032324790955,0,15.279155731201172,-0.11067855358123779,0.5452174544334412
298.08382964134216,0,15.261582374572754,-0.11092948913574219,0.5454604625701904
298.1173379421234,0,15.314672470092773,-0.11111055314540863,0.546692430973053
298.15084862709045,0,15.304608345031738,-0.10974432528018951,0.5459226369857788
298.1843614578247,0,15.380559921264648,-0.10830116271972656,0.5491890907287598
298.2178761959076,0,15.374160766601562,-0.10979638993740082,0.5485567450523376
298.25139355659485,0,15.299535751342773,-0.11134149134159088,0.5464444160461426
298.28491282463074,0,15.218000411987305,-0.11163407564163208,0.5428992509841919
298.3184344768524,0,15.25467586517334,-0.11015117168426514,0.5432179570198059
298.35195803642273,0,15.35757064819336,-0.11126772314310074,0.5478107333183289
298.38548398017883,0,15.12797737121582,-0.10966424643993378,0.5410356521606445
298.41901206970215,0,15.247869491577148,-0.11047792434692383,0.54448002576828
298.4525423049927,0,15.150150299072266,-0.11108912527561188,0.5398164987564087
298.4860746860504,0,15.036337852478027,-0.11166512966156006,0.5358452796936035
298.51960945129395,0,14.959687232971191,-0.11381521821022034,0.5349750518798828
298.5531463623047,0,15.030643463134766,-0.11520829051733017,0.5422515869140625
298.58668541908264,0,14.880122184753418,-0.11542200297117233,0.5424636602401733
298.62022638320923,0,15.12739372253418,-0.11883840709924698,0.560222327709198
298.6537697315216,0,14.967382431030273,-0.1180804967880249,0.5654881000518799
298.6873154640198,0,15.108853340148926,-0.11823257058858871,0.5839115977287292
298.7208631038666,0,15.089716911315918,-0.11654230952262878,0.5949746370315552
298.7544128894806,0,14.96835708618164,-0.11604984849691391,0.6081733703613281
298.7879650592804,0,15.008694648742676,-0.11686548590660095,0.6210950613021851
298.8215193748474,0,14.9893798828125,-0.1185772716999054,0.6364916563034058
298.85507583618164,0,15.100286483764648,-0.1219405010342598,0.6524763703346252
298.88863468170166,0,15.117280960083008,-0.12347010523080826,0.6684472560882568
298.9221954345703,0,15.025246620178223,-0.12171325087547302,0.6723008155822754
298.9557583332062,0,15.104127883911133,-0.1228082925081253,0.6805427074432373
298.98932361602783,0,15.149297714233398,-0.1237354651093483,0.6907986402511597
299.0228850841522,0,15.067371368408203,-0.12113524228334427,0.6931655406951904
299.05621218681335,0,14.815595626831055,-0.11748375743627548,0.6862027645111084
299.08974289894104,0,14.882513999938965,-0.11600308120250702,0.693257212638855
299.1232762336731,0,15.013659477233887,-0.11545946449041367,0.6961929798126221
299.15681171417236,0,15.211175918579102,-0.11449531465768814,0.7020328044891357
299.190349817276,0,15.222007751464844,-0.11539942026138306,0.6958026885986328
299.223890542984,0,15.341165542602539,-0.11694718897342682,0.6962085962295532
299.25743317604065,0,15.385621070861816,-0.11754237115383148,0.6947234869003296
299.29097867012024,0,15.587129592895508,-0.11742666363716125,0.6955481767654419
299.32452630996704,0,15.44991683959961,-0.11708930134773254,0.6805700659751892
299.3580768108368,0,15.431392669677734,-0.11754074692726135,0.6732567548751831
299.39162945747375,0,15.251386642456055,-0.1170564517378807,0.6517110466957092
299.4251847267151,0,15.277322769165039,-0.1171044111251831,0.645682692527771
299.45874190330505,0,15.495288848876953,-0.11700114607810974,0.6436591148376465
299.49230194091797,0,15.70854377746582,-0.11716286838054657,0.6424192190170288
299.52586460113525,0,15.672395706176758,-0.11441506445407867,0.6301612854003906
299.55942940711975,0,15.725125312805176,-0.1140061765909195,0.6184203624725342
299.5929968357086,0,15.712942123413086,-0.11539174616336823,0.612194299697876
299.6265664100647,0,15.820531845092773,-0.11306893825531006,0.6056757569313049
299.66013860702515,0,15.89979362487793,-0.11315807700157166,0.598068118095398
299.69371342658997,0,15.858399391174316,-0.11482331156730652,0.5889851450920105
299.7272906303406,0,15.83901596069336,-0.11470024287700653,0.5833987593650818
299.760870218277,0,15.683067321777344,-0.1139514297246933,0.5696398019790649
299.7944519519806,0,15.827513694763184,-0.113404780626297,0.5669233798980713
299.82803654670715,0,15.904178619384766,-0.11368013918399811,0.5648502111434937
299.8616232872009,0,15.938074111938477,-0.11343978345394135,0.5643541812896729
299.8952126502991,0,15.95945930480957,-0.11369764804840088,0.5635656118392944
300.46358275413513,0,16.02655601501465,-0.11389371007680893,0.5673548579216003
300.4969491958618,0,16.0985107421875,-0.11358954757452011,0.5697286128997803
300.5303156375885,0,16.16002082824707,-0.11373264342546463,0.5725612640380859
300.56368231773376,0,16.09328842163086,-0.11381317675113678,0.5699580907821655
300.5970492362976,0,16.074012756347656,-0.11405932903289795,0.568701982498169
300.6304156780243,0,16.027420043945312,-0.11380144953727722,0.5659921169281006
300.66378259658813,0,16.09894371032715,-0.11354342103004456,0.569047212600708
300.6971492767334,0,16.076847076416016,-0.11415247619152069,0.5680164098739624
300.73051619529724,0,16.1236572265625,-0.1137189269065857,0.5700594186782837
300.7638828754425,0,16.052249908447266,-0.11383721232414246,0.5664182901382446
300.79724979400635,0,16.01654052734375,-0.11369039118289948,0.5648502111434937
300.83061695098877,0,15.897378921508789,-0.11364524066448212,0.5597515106201172
300.8639838695526,0,15.837789535522461,-0.11339672654867172,0.5574719309806824
300.89735102653503,0,15.946263313293457,-0.11385110020637512,0.5624589323997498
300.93071842193604,0,15.997032165527344,-0.11424790322780609,0.5641183853149414
300.96408557891846,0,16.01523208618164,-0.11495409160852432,0.5657131671905518
300.99745297431946,0,16.034984588623047,-0.11462978273630142,0.5665795803070068
301.03082036972046,0,16.062564849853516,-0.11572444438934326,0.5657919645309448
301.0641875267029,0,16.12696647644043,-0.1164107695221901,0.5687313079833984
301.0975522994995,0,16.090850830078125,-0.11535812169313431,0.5680886507034302
301.1309189796448,0,16.156190872192383,-0.11461693048477173,0.5717413425445557
301.1642858982086,0,16.105464935302734,-0.11446119844913483,0.5695936679840088
301.1976525783539,0,15.977649688720703,-0.11416654288768768,0.5644546747207642
301.2310197353363,0,16.074058532714844,-0.11372596025466919,0.5682785511016846
301.26438665390015,0,16.064403533935547,-0.11424374580383301,0.5676320791244507
301.29775404930115,0,16.124523162841797,-0.11504042148590088,0.5699014067649841
301.33112120628357,0,16.147499084472656,-0.11428599804639816,0.5708537101745605
301.36448860168457,0,16.118820190429688,-0.11555254459381104,0.5679290294647217
301.39785599708557,0,15.948518753051758,-0.1145763248205185,0.5612909197807312
301.43122363090515,0,15.798714637756348,-0.11304694414138794,0.5572898983955383
301.46459102630615,0,15.788457870483398,-0.11309757828712463,0.5562411546707153
301.4979588985443,0,15.8846435546875,-0.11332057416439056,0.559761643409729
301.53132677078247,0,15.955307960510254,-0.11551602184772491,0.5615886449813843
301.56469464302063,0,15.902570724487305,-0.11469395458698273,0.5604521632194519
301.5980625152588,0,15.968002319335938,-0.11517711728811264,0.5638800263404846
301.63143038749695,0,15.873109817504883,-0.114388607442379,0.5592664480209351
301.66479873657227,0,16.047876358032227,-0.11620591580867767,0.56528240442276
301.698166847229,0,15.91303825378418,-0.1146770641207695,0.5602374076843262
301.7315351963043,0,15.94693374633789,-0.1141103133559227,0.5617598295211792
301.76490354537964,0,15.862566947937012,-0.11362926661968231,0.5584760904312134
301.79827213287354,0,15.921697616577148,-0.1135864108800888,0.560879111289978
301.83164072036743,0,15.84994888305664,-0.11336731165647507,0.5580357313156128
301.8650093078613,0,15.915389060974121,-0.11345543712377548,0.5606589317321777
301.8983778953552,0,16.05001449584961,-0.11464627087116241,0.5664148330688477
301.9317469596863,0,16.052383422851562,-0.11470390856266022,0.5667002201080322
301.96511578559875,0,15.915300369262695,-0.11415199935436249,0.5606765151023865
301.99848461151123,0,15.846750259399414,-0.11365010589361191,0.5579344034194946
302.03185391426086,0,15.913789749145508,-0.1135968342423439,0.5606082677841187
302.0652229785919,0,16.06821632385254,-0.11581002175807953,0.5659533143043518
302.098592042923,0,16.05801010131836,-0.1152273565530777,0.5658655166625977
302.1319181919098,0,16.019426345825195,-0.11459143459796906,0.5643212795257568
302.16524362564087,0,15.898820877075195,-0.1140957623720169,0.5594870448112488
302.19856882095337,0,15.939825057983398,-0.1138196587562561,0.5613846182823181
302.23189330101013,0,15.9603271484375,-0.1136816143989563,0.5623334050178528
302.26521730422974,0,15.97057819366455,-0.1136125922203064,0.5628077983856201
302.29854106903076,0,16.012657165527344,-0.11395902931690216,0.565126895904541
302.33186411857605,0,16.0336971282959,-0.11413225531578064,0.5662864446640015
302.3651866912842,0,16.102081298828125,-0.11370882391929626,0.5691944360733032
302.39850878715515,0,16.078414916992188,-0.11423517763614655,0.5680900812149048
302.43183040618896,0,16.150527954101562,-0.11612919718027115,0.5696942210197449
302.46515130996704,0,16.186580657958984,-0.11694599688053131,0.5706824064254761
302.4984722137451,0,16.204612731933594,-0.11748460680246353,0.5709903836250305
302.53179240226746,0,16.194625854492188,-0.11666085571050644,0.5715805292129517
302.56511187553406,0,16.189632415771484,-0.1162489801645279,0.5718756318092346
302.5984311103821,0,16.206130981445312,-0.11700588464736938,0.5717731714248657
302.63174986839294,0,16.195384979248047,-0.11642149090766907,0.5719719529151917
302.66506791114807,0,16.190013885498047,-0.11612929403781891,0.5720713138580322
302.6983857154846,0,16.080991744995117,-0.11466436088085175,0.5679646730422974
302.731703042984,0,15.965413093566895,-0.11426812410354614,0.5636401772499084
302.76501965522766,0,16.09402847290039,-0.11614567041397095,0.5674692392349243
302.79833579063416,0,15.971939086914062,-0.11526041477918625,0.5631438493728638
302.83165168762207,0,15.910886764526367,-0.1145661473274231,0.5612297654151917
302.86496686935425,0,15.84454345703125,-0.11385717988014221,0.558211088180542
302.89828157424927,0,15.811371803283691,-0.11350269615650177,0.5567017197608948
302.93159580230713,0,15.830610275268555,-0.11393892765045166,0.5577601194381714
302.9649097919464,0,15.942673683166504,-0.11412219703197479,0.5626029968261719
302.99822306632996,0,16.08210563659668,-0.11418619751930237,0.5688713788986206
303.03153562545776,0,16.06842041015625,-0.11424583196640015,0.5681586265563965
303.064847946167,0,16.12393569946289,-0.11363089084625244,0.5707535147666931
303.09816098213196,0,16.172733306884766,-0.1137533187866211,0.5730737447738647
303.1314435005188,0,16.131439208984375,-0.1152862086892128,0.5690390467643738
303.1647250652313,0,16.176485061645508,-0.11458097398281097,0.5722165107727051
303.19800662994385,0,15.97734260559082,-0.11386459320783615,0.5637044310569763
303.23128747940063,0,15.979093551635742,-0.11391004920005798,0.5632407665252686
303.26456785202026,0,16.016921997070312,-0.1143357902765274,0.5651131868362427
303.2978479862213,0,16.03236198425293,-0.11449024081230164,0.5654454827308655
303.33112716674805,0,15.905288696289062,-0.1140451729297638,0.5600491762161255
303.3644063472748,0,15.997715950012207,-0.11543213576078415,0.5625267624855042
303.3976848125458,0,16.109622955322266,-0.11465393751859665,0.5689603686332703
303.4309630393982,0,16.08218765258789,-0.11470773816108704,0.5679730176925659
303.4642405509949,0,16.068462371826172,-0.11450660228729248,0.5677094459533691
303.4975175857544,0,16.05813217163086,-0.11457565426826477,0.5667436122894287
303.53079414367676,0,16.056442260742188,-0.1146685928106308,0.5668646097183228
303.56407046318054,0,16.014205932617188,-0.11393401026725769,0.5653613805770874
303.5973460674286,0,15.932027816772461,-0.11415458470582962,0.5620899200439453
303.63062143325806,0,15.754940032958984,-0.1124643087387085,0.5556370615959167
303.6638960838318,0,15.80239486694336,-0.11341973394155502,0.5572277307510376
303.69717025756836,0,15.946269035339355,-0.11511941254138947,0.5611160397529602
303.73044419288635,0,16.083900451660156,-0.11449757218360901,0.5682550072669983
303.7637174129486,0,15.966867446899414,-0.11418472975492477,0.5637853145599365
303.7969901561737,0,16.079116821289062,-0.11564090847969055,0.5677280426025391
303.83026242256165,0,15.928658485412598,-0.11439456045627594,0.5614601969718933
303.863534450531,0,15.889245986938477,-0.11413322389125824,0.5603879690170288
303.89680576324463,0,16.029861450195312,-0.11383239924907684,0.5660970211029053
303.9300765991211,0,16.10016441345215,-0.11355888843536377,0.5690996646881104
303.963347196579,0,15.939189910888672,-0.11357949674129486,0.5618762373924255
303.9966170787811,0,15.98258113861084,-0.11564548313617706,0.5626459717750549
304.0298864841461,0,15.981704711914062,-0.11459451913833618,0.5629640817642212
304.06315565109253,0,16.03592300415039,-0.11570680886507034,0.563984215259552
304.09642601013184,0,16.129283905029297,-0.11686500906944275,0.5676412582397461
304.1297776699066,0,16.17596435546875,-0.11744411289691925,0.5694698095321655
304.1631410121918,0,16.198747634887695,-0.1156599223613739,0.5724319219589233
304.19650387763977,0,16.060585021972656,-0.11620481312274933,0.5652679800987244
304.2298674583435,0,16.020706176757812,-0.11487418413162231,0.5642750859260559
304.26323080062866,0,15.936479568481445,-0.1136510819196701,0.562566876411438
304.2965941429138,0,15.99560832977295,-0.11397828161716461,0.5650063753128052
304.329957485199,0,16.093488693237305,-0.1154714971780777,0.5683212280273438
304.3633210659027,0,15.935844421386719,-0.11430985480546951,0.5617567896842957
304.39668464660645,0,15.857022285461426,-0.11372902989387512,0.5584745407104492
304.4300482273102,0,15.846526145935059,-0.11430898308753967,0.5591702461242676
304.46341156959534,0,15.812362670898438,-0.1137285977602005,0.5571812987327576
304.4967751502991,0,15.8112211227417,-0.11343078315258026,0.556133508682251
304.5301389694214,0,15.850510597229004,-0.11543507128953934,0.5572655200958252
304.5635027885437,0,15.85017204284668,-0.11465348303318024,0.5582906007766724
304.596866607666,0,16.036407470703125,-0.116338349878788,0.5647944808006287
304.63023018836975,0,16.12952423095703,-0.11718077957630157,0.5680464506149292
304.66359400749207,0,16.176082611083984,-0.11760199815034866,0.5696724057197571
304.69695806503296,0,16.199363708496094,-0.11781260371208191,0.5704853534698486
304.73032212257385,0,16.210447311401367,-0.11584417521953583,0.5729396343231201
304.76368618011475,0,16.13628387451172,-0.11512439697980881,0.5700280666351318
304.79704999923706,0,16.058555603027344,-0.11433397978544235,0.566655158996582
304.83041405677795,0,16.056652069091797,-0.11454775929450989,0.5668203830718994
304.86377811431885,0,16.120647430419922,-0.11519242823123932,0.5694955587387085
304.8971424102783,0,16.08769989013672,-0.11497698724269867,0.5682406425476074
304.9305067062378,0,16.13616943359375,-0.1154070496559143,0.5702056884765625
304.96387100219727,0,15.993009567260742,-0.11489110440015793,0.5645120739936829
304.99723505973816,0,16.041576385498047,-0.11585509777069092,0.5647581815719604
305.03059935569763,0,15.94571304321289,-0.11511512845754623,0.5617883205413818
305.0639636516571,0,16.08362579345703,-0.11468266695737839,0.5684640407562256
305.09732818603516,0,16.06570816040039,-0.11475163698196411,0.567298173904419
305.13069248199463,0,16.02327537536621,-0.11435356736183167,0.5650376081466675
305.1640546321869,0,16.09687042236328,-0.11381947994232178,0.5685700178146362
305.1974172592163,0,16.038856506347656,-0.1138874888420105,0.5656735897064209
305.26414227485657,0,15.937483787536621,-0.11514531075954437,0.5630513429641724
305.297504901886,0,15.886756896972656,-0.1150171160697937,0.5614587068557739
305.330867767334,0,15.816497802734375,-0.11474670469760895,0.5580166578292847
305.3642303943634,0,15.697174072265625,-0.11276036500930786,0.5536004304885864
305.3975932598114,0,15.737687110900879,-0.1129542887210846,0.554396390914917
305.4309561252594,0,15.757944107055664,-0.11305125057697296,0.5547943711280823
305.464319229126,0,16.010271072387695,-0.11553466320037842,0.5644872784614563
305.497682094574,0,15.925811767578125,-0.1194111630320549,0.5671796798706055
305.53104519844055,0,15.51719856262207,-0.11785073578357697,0.5608556270599365
305.56440830230713,0,15.602627754211426,-0.12246370315551758,0.5696687698364258
305.5977716445923,0,15.489320755004883,-0.1230163425207138,0.5749304294586182
305.63113474845886,0,15.449861526489258,-0.1233607828617096,0.5840294361114502
305.664498090744,0,15.621879577636719,-0.12507423758506775,0.5990107655525208
305.69786167144775,0,15.643087387084961,-0.12631621956825256,0.6126371622085571
305.7312252521515,0,15.621740341186523,-0.12577970325946808,0.6205140352249146
305.76458859443665,0,15.689241409301758,-0.125580295920372,0.6306760311126709
305.7979521751404,0,15.725151062011719,-0.12615084648132324,0.643452525138855
305.8313157558441,0,15.863327026367188,-0.12718787789344788,0.6561288833618164
305.86467957496643,0,16.065555572509766,-0.12447811663150787,0.6697777509689331
305.89804315567017,0,15.913049697875977,-0.11974011361598969,0.6764880418777466
305.93140721321106,0,16.23402976989746,-0.11682246625423431,0.6969413757324219
305.9647710323334,0,15.988525390625,-0.11298049986362457,0.6947199702262878
305.99813508987427,0,15.778888702392578,-0.10839246213436127,0.6971089243888855
306.03149914741516,0,16.167945861816406,-0.11226074397563934,0.7208476066589355
306.06486344337463,0,16.278579711914062,-0.11154963076114655,0.7334002256393433
306.09822726249695,0,16.1751708984375,-0.10908467322587967,0.7381001114845276
306.13159132003784,0,15.76327896118164,-0.10637153685092926,0.7249032258987427
306.1649444103241,0,15.748979568481445,-0.10756698250770569,0.7280968427658081
306.19830679893494,0,15.911026000976562,-0.11222922801971436,0.7354787588119507
306.2316689491272,0,16.130062103271484,-0.11573127657175064,0.739635705947876
306.26503133773804,0,16.467653274536133,-0.11570952832698822,0.7477222084999084
306.2983934879303,0,16.313108444213867,-0.11713279783725739,0.7353535890579224
306.3317561149597,0,16.38174819946289,-0.11649930477142334,0.7248455882072449
306.36511850357056,0,16.28628921508789,-0.11855904757976532,0.7124947905540466
306.3984808921814,0,16.2774658203125,-0.11831112205982208,0.6971014738082886
306.4318435192108,0,16.119550704956055,-0.11714355647563934,0.6804751753807068
306.46520590782166,0,16.194183349609375,-0.11744645237922668,0.6701043844223022
306.4985682964325,0,16.473772048950195,-0.11696784943342209,0.6698654890060425
306.5319311618805,0,16.3060359954834,-0.11519172787666321,0.660028338432312
306.5652937889099,0,16.02585792541504,-0.10935653746128082,0.6424620151519775
306.59865641593933,0,15.934049606323242,-0.1064879447221756,0.6325318217277527
306.63201904296875,0,16.347705841064453,-0.10474368184804916,0.6439425945281982
306.66538190841675,0,16.7237606048584,-0.10443850606679916,0.657821536064148
306.66538190841675,1,14.798470497131348,-5.380756378173828,0.6908776760101318
306.69874453544617,0,16.539264678955078,-0.09965008497238159,0.6468480229377747
306.69874453544617,1,15.184283256530762,-5.519587993621826,0.6987762451171875
306.7321071624756,0,16.295867919921875,-0.09300052374601364,0.6315434575080872
306.7654700279236,0,16.341821670532227,-0.09384851902723312,0.6288840174674988
306.79883313179016,0,16.280738830566406,-0.09467184543609619,0.6189529895782471
306.8321957588196,0,16.429492950439453,-0.09456118941307068,0.6169391870498657
306.8655586242676,0,16.469745635986328,-0.0941503494977951,0.6126434803009033
306.89892172813416,0,16.384103775024414,-0.09446141123771667,0.604904055595398
306.93228483200073,0,16.27377700805664,-0.10000020265579224,0.5968976616859436
306.96564769744873,0,16.505088806152344,-0.1062590628862381,0.6050059199333191
306.9990108013153,0,16.516273498535156,-0.10739877820014954,0.6043455600738525
307.0323739051819,0,16.42751693725586,-0.10607658326625824,0.5962104797363281
307.0657367706299,0,16.238758087158203,-0.10686356574296951,0.5838890075683594
307.09910011291504,0,16.154556274414062,-0.10602547228336334,0.5766804814338684
307.1324632167816,0,16.357666015625,-0.10801616311073303,0.5818132162094116
307.1658263206482,0,16.158618927001953,-0.10598878562450409,0.5739967823028564
307.1991903781891,0,16.262310028076172,-0.106499582529068,0.578948974609375
307.23255467414856,0,16.19910430908203,-0.10572744905948639,0.5765316486358643
307.2659192085266,0,16.375991821289062,-0.10990146547555923,0.5836637020111084
307.2992835044861,0,16.30115509033203,-0.11008147895336151,0.5767181515693665
307.33264803886414,0,16.527324676513672,-0.11328501999378204,0.5816787481307983
307.3660123348236,0,16.640409469604492,-0.11488679051399231,0.5841590762138367
307.39937686920166,0,16.718351364135742,-0.11535376310348511,0.586785614490509
307.43274116516113,0,16.735919952392578,-0.11592080444097519,0.5867630243301392
307.46610593795776,0,16.766109466552734,-0.11577107012271881,0.5879861116409302
307.4994704723358,0,16.781200408935547,-0.11579590290784836,0.5886991024017334
307.53283500671387,0,16.788745880126953,-0.11580832302570343,0.5890556573867798
307.5661997795105,0,16.792518615722656,-0.11581452935934067,0.5892338752746582
307.59956431388855,0,16.79440689086914,-0.11581763625144958,0.5893230438232422
307.6329290866852,0,16.79534912109375,-0.11581918597221375,0.5893676280975342
307.6662938594818,0,16.795822143554688,-0.11581996083259583,0.5893899202346802
307.69965839385986,0,16.622108459472656,-0.11583642661571503,0.5840067267417908
307.7330231666565,0,16.458768844604492,-0.11713308095932007,0.5804740786552429
307.7663881778717,0,16.514039993286133,-0.11938120424747467,0.5840340852737427
307.79975295066833,0,16.52315902709961,-0.12170194089412689,0.5854933261871338
307.83311796188354,0,16.470951080322266,-0.1239919662475586,0.5837787389755249
307.8664827346802,0,16.296785354614258,-0.12631279230117798,0.5780702829360962
307.8998477458954,0,16.513248443603516,-0.1325870156288147,0.5857632160186768
307.9332127571106,0,16.604042053222656,-0.1360858678817749,0.5888680815696716
307.9665777683258,0,16.6977596282959,-0.13837122917175293,0.5929359197616577
307.999942779541,0,16.637306213378906,-0.13804754614830017,0.5907264947891235
308.0333080291748,0,16.607078552246094,-0.1378856897354126,0.5896217823028564
308.06667280197144,0,16.59044647216797,-0.13686493039131165,0.5889162421226501
308.1000380516052,0,16.559675216674805,-0.13724783062934875,0.5880987644195557
308.13340306282043,0,16.566743850708008,-0.13654601573944092,0.5881547331809998
308.16676807403564,0,16.468608856201172,-0.13513919711112976,0.5851925611495972
308.20012760162354,0,16.599166870117188,-0.1367516964673996,0.589210033416748
308.23348665237427,0,16.689579010009766,-0.1366511583328247,0.5912494659423828
308.23348665237427,1,15.736783027648926,-5.668581485748291,0.6635499596595764
308.2668459415436,0,16.709651947021484,-0.13750767707824707,0.5922384858131409
308.3002052307129,0,16.66391944885254,-0.13504822552204132,0.5899187922477722
308.3335645198822,0,16.39926528930664,-0.12995004653930664,0.5798051357269287
308.3669238090515,0,16.46408462524414,-0.13379038870334625,0.5835431814193726
308.4002833366394,0,16.49649429321289,-0.13571056723594666,0.5854122638702393
308.4336426258087,0,16.47323989868164,-0.13388396799564362,0.5842883586883545
308.467001914978,0,16.52666473388672,-0.13423335552215576,0.5863768458366394
308.5003614425659,0,16.548572540283203,-0.13325923681259155,0.585807204246521
308.53372073173523,0,16.299875259399414,-0.12969821691513062,0.5769360065460205
308.56708002090454,0,16.33489227294922,-0.12914156913757324,0.577114462852478
308.600439786911,0,16.193035125732422,-0.12763938307762146,0.572589635848999
308.6337990760803,0,16.122106552124023,-0.12688827514648438,0.5703271627426147
308.6671588420868,0,16.08664321899414,-0.12651273608207703,0.5691959857940674
308.7005181312561,0,16.145030975341797,-0.1266007125377655,0.5708041191101074
308.733877658844,0,16.09810447692871,-0.1263689398765564,0.569434404373169
308.76723742485046,0,16.1507625579834,-0.12652882933616638,0.5709233283996582
308.8005967140198,0,16.100971221923828,-0.12633299827575684,0.5694940090179443
308.83395624160767,0,16.235429763793945,-0.12745076417922974,0.5736877918243408
308.86731600761414,0,16.302658081054688,-0.1280096471309662,0.5757846832275391
308.900675535202,0,16.176918029785156,-0.12707340717315674,0.5719246864318848
308.9340353012085,0,16.273412704467773,-0.1278291642665863,0.5746088027954102
308.96739506721497,0,16.23841667175293,-0.12725892663002014,0.5735105276107788
309.00075459480286,0,16.144798278808594,-0.12669804692268372,0.5707876682281494
309.0341143608093,0,16.09798812866211,-0.1264176070690155,0.5694261789321899
309.0674741268158,0,16.074583053588867,-0.1262773871421814,0.568745493888855
309.10083389282227,0,16.062881469726562,-0.12620729207992554,0.5684051513671875
309.13419365882874,0,16.13315200805664,-0.12644800543785095,0.5704087018966675
309.1675531864166,0,16.092164993286133,-0.12629258632659912,0.5692367553710938
309.2009074687958,0,16.14779281616211,-0.12649065256118774,0.5708245038986206
309.23426699638367,0,16.175596237182617,-0.12656283378601074,0.5719249248504639
309.23426699638367,1,15.61047649383545,-5.625356674194336,0.6646681427955627
309.26762652397156,0,16.113388061523438,-0.1263500154018402,0.5699948072433472
309.26762652397156,1,15.815881729125977,-5.699009895324707,0.6713358163833618
309.30098581314087,0,16.08228302001953,-0.12624359130859375,0.5690298080444336
309.30098581314087,1,15.83820629119873,-5.705964088439941,0.6711478233337402
309.33434534072876,0,16.157072067260742,-0.12720593810081482,0.5715284943580627
309.36770486831665,0,16.104114532470703,-0.12666717171669006,0.5701146125793457
309.40106439590454,0,16.153766632080078,-0.12667793035507202,0.5712634325027466
309.43442392349243,0,16.178592681884766,-0.1266833245754242,0.571837842464447
309.4677834510803,0,16.274240493774414,-0.12762592732906342,0.5748596787452698
309.5011432170868,0,16.23883056640625,-0.1271573156118393,0.5736359357833862
309.53450298309326,0,16.235355377197266,-0.12765470147132874,0.5735292434692383
309.56786251068115,0,16.2523193359375,-0.12739817798137665,0.5742475390434265
309.6012222766876,0,16.227859497070312,-0.1270165890455246,0.5736364722251892
309.6345820426941,0,16.29888343811035,-0.12780074775218964,0.57546466588974
309.66794180870056,0,16.33395004272461,-0.12874099612236023,0.575287938117981
309.70130157470703,0,16.351484298706055,-0.12921112775802612,0.575199544429779
309.7346613407135,0,16.360687255859375,-0.12888982892036438,0.5765405297279358
309.76802134513855,0,16.365297317504883,-0.12873736023902893,0.5769166946411133
309.801381111145,0,16.284358978271484,-0.12771302461624146,0.5746644735336304
309.83474111557007,0,16.243879318237305,-0.1271740198135376,0.5738449096679688
309.86810088157654,0,16.12686538696289,-0.1258998066186905,0.5690919160842896
309.9014608860016,0,16.089021682739258,-0.1260184943675995,0.5685783624649048
309.93482089042664,0,16.146221160888672,-0.12635359168052673,0.5704953074455261
309.9681808948517,0,16.18905258178711,-0.12725284695625305,0.5719588994979858
310.00154089927673,0,16.09945297241211,-0.12593922019004822,0.5681488513946533
310.0349009037018,0,16.316558837890625,-0.1262257844209671,0.5765824317932129
310.0682611465454,0,16.259979248046875,-0.12643039226531982,0.5748039484024048
310.10162115097046,0,16.314943313598633,-0.12750765681266785,0.5760483741760254
310.1349811553955,0,16.332229614257812,-0.1282525658607483,0.5746614933013916
310.1683416366577,0,16.282045364379883,-0.1282104253768921,0.5743443369865417
310.2017014026642,0,16.325977325439453,-0.12839767336845398,0.5758185982704163
310.235075712204,0,16.18857765197754,-0.12726742029190063,0.5719416737556458
310.2684500217438,0,16.195999145507812,-0.1269780695438385,0.5721769332885742
310.30182456970215,0,16.19969940185547,-0.12680652737617493,0.5726011991500854
310.3351991176605,0,16.284793853759766,-0.12768752872943878,0.5752413272857666
310.3685736656189,0,16.327341079711914,-0.1281280219554901,0.576561450958252
310.40194845199585,0,16.234516143798828,-0.129204660654068,0.5725612044334412
310.4353234767914,0,16.3017578125,-0.12953132390975952,0.5740828514099121
310.4686987400055,0,16.26468276977539,-0.12884119153022766,0.572830080986023
310.5020740032196,0,16.286222457885742,-0.12778407335281372,0.5731463432312012
310.5354492664337,0,16.32806396484375,-0.1281844973564148,0.5752196311950684
310.5688247680664,0,16.265743255615234,-0.12743660807609558,0.5738159418106079
310.6022005081177,0,16.137798309326172,-0.12603110074996948,0.5690773725509644
310.63557624816895,0,16.0944881439209,-0.12608414888381958,0.5685710906982422
310.6689522266388,0,16.437240600585938,-0.1313173770904541,0.5809299945831299
310.70232820510864,0,16.372509002685547,-0.1291319727897644,0.5769385099411011
310.73570442199707,0,16.2879638671875,-0.12791034579277039,0.5746753811836243
310.7690806388855,0,16.169570922851562,-0.12702375650405884,0.5713700652122498
310.8024570941925,0,16.110363006591797,-0.12657608091831207,0.5700353980064392
310.8358337879181,0,16.08077049255371,-0.12635663151741028,0.5690500736236572
310.8692104816437,0,16.065975189208984,-0.12624689936637878,0.5685573816299438
310.90258717536926,0,16.037914276123047,-0.12543624639511108,0.5664480924606323
310.9359641075134,0,16.1348876953125,-0.1268022656440735,0.5702376365661621
310.9693412780762,0,16.101428985595703,-0.12710723280906677,0.5683183670043945
311.0027184486389,0,16.0762939453125,-0.12661781907081604,0.568509578704834
311.0360960960388,0,16.13985824584961,-0.126653254032135,0.5704609155654907
311.06947350502014,0,16.171628952026367,-0.12664413452148438,0.5717431306838989
311.10285115242004,0,16.270767211914062,-0.12761452794075012,0.5745179653167725
311.13622879981995,0,16.289264678955078,-0.12717074155807495,0.5739903450012207
311.1696066856384,0,16.32957649230957,-0.1278696358203888,0.575935959815979
311.20298433303833,0,16.180320739746094,-0.12804898619651794,0.5713870525360107
311.23634099960327,0,16.11574935913086,-0.12709307670593262,0.5697258710861206
311.2697126865387,0,16.083463668823242,-0.12661513686180115,0.5688953399658203
311.3030843734741,0,16.067310333251953,-0.12637177109718323,0.5687980651855469
311.33645606040955,0,16.09825897216797,-0.12553779780864716,0.5684634447097778
311.36982822418213,0,16.113731384277344,-0.12512081861495972,0.5682961344718933
311.40319991111755,0,16.172805786132812,-0.12663644552230835,0.5708593130111694
311.43657207489014,0,16.11199188232422,-0.126386821269989,0.5694620609283447
311.4699444770813,0,16.081584930419922,-0.12626200914382935,0.5687633752822876
311.5033166408539,0,16.066381454467773,-0.1261996030807495,0.5684140920639038
311.53668904304504,0,16.058780670166016,-0.1261684000492096,0.5682394504547119
311.5700616836548,0,16.05497932434082,-0.12615278363227844,0.5681520700454712
311.6034343242645,0,16.236862182617188,-0.12621739506721497,0.5751081109046936
311.63680696487427,0,16.220142364501953,-0.12645304203033447,0.5737601518630981
311.6701798439026,0,16.21177101135254,-0.1265440285205841,0.5733927488327026
311.7035527229309,0,16.29084014892578,-0.1275644600391388,0.5753427743911743
311.7369258403778,0,16.25922393798828,-0.1278577744960785,0.573460042476654
311.7702989578247,0,16.314556121826172,-0.12821315228939056,0.5756707787513733
311.8036720752716,0,16.342222213745117,-0.1283908486366272,0.5767761468887329
311.8370454311371,0,16.272811889648438,-0.12751293182373047,0.57490074634552
311.87041902542114,0,16.23810577392578,-0.1270739734172821,0.5739630460739136
311.9037926197052,0,16.22076416015625,-0.12688133120536804,0.5731876492500305
311.93716621398926,0,16.135971069335938,-0.12650924921035767,0.5706261992454529
311.9705400466919,0,16.252939224243164,-0.12754708528518677,0.5739595293998718
312.00391387939453,0,16.280359268188477,-0.12724682688713074,0.5734533071517944
312.03728795051575,0,16.165767669677734,-0.126691997051239,0.5707590579986572
312.07066202163696,0,16.184593200683594,-0.1266903579235077,0.5715856552124023
312.1040360927582,0,16.11788558959961,-0.1264137625694275,0.5698251724243164
312.137410402298,0,16.084522247314453,-0.1262710839509964,0.5692629814147949
312.17078471183777,0,16.25164031982422,-0.12634135782718658,0.5754435062408447
312.20415925979614,0,16.22753143310547,-0.12651503086090088,0.5739278793334961
312.23753356933594,0,16.298709869384766,-0.12754178047180176,0.5759047269821167
312.2709002494812,0,16.25106430053711,-0.12711524963378906,0.5741584897041321
312.30426692962646,0,16.43462562561035,-0.12985201179981232,0.5808787941932678
312.33763360977173,0,16.40225601196289,-0.12921026349067688,0.5793801546096802
312.37100052833557,0,16.302837371826172,-0.12794947624206543,0.5758962035179138
312.4043674468994,0,16.25311851501465,-0.12729224562644958,0.5744608044624329
312.43773460388184,0,16.226417541503906,-0.12699967622756958,0.5722689628601074
312.4711015224457,0,16.298152923583984,-0.1277841031551361,0.5750752687454224
312.5044689178467,0,16.213680267333984,-0.1262439638376236,0.5716020464897156
312.5378363132477,0,16.291793823242188,-0.12741443514823914,0.5744474530220032
312.5712034702301,0,16.261837005615234,-0.12778326869010925,0.5739350318908691
312.6045708656311,0,16.232627868652344,-0.12723597884178162,0.5731736421585083
312.6379382610321,0,16.232254028320312,-0.1276940405368805,0.5732980966567993
312.6713056564331,0,16.217838287353516,-0.12719136476516724,0.5728551745414734
312.7046732902527,0,16.210628509521484,-0.1269400417804718,0.5726337432861328
312.73804116249084,0,16.20702362060547,-0.1268143653869629,0.5725229978561401
312.7714087963104,0,16.129100799560547,-0.12647578120231628,0.5702939033508301
312.8047766685486,0,16.090139389038086,-0.1263064742088318,0.5691792964935303
312.83814454078674,0,16.23001480102539,-0.1274375021457672,0.5735304355621338
312.8715124130249,0,16.200725555419922,-0.12810465693473816,0.5713038444519043
312.9048807621002,0,16.216304779052734,-0.12812837958335876,0.5723631978034973
312.9382486343384,0,16.2930965423584,-0.1283484548330307,0.5751223564147949
312.9716167449951,0,16.17212677001953,-0.1272384226322174,0.5719115734100342
313.00498509407043,0,16.11164093017578,-0.12668341398239136,0.5703061819076538
313.0383532047272,0,16.081398010253906,-0.12640590965747833,0.5695034265518188
313.07172179222107,0,16.225643157958984,-0.1274872124195099,0.5736924409866333
313.1050901412964,0,16.228763580322266,-0.12781965732574463,0.5735574960708618
313.1384587287903,0,16.139970779418945,-0.12697842717170715,0.5708111524581909
313.17182755470276,0,16.29497718811035,-0.12951789796352386,0.5769878029823303
313.20519614219666,0,16.173076629638672,-0.12782754004001617,0.5725262761116028
313.238564491272,0,16.295917510986328,-0.12711958587169647,0.577075183391571
313.2719347476959,0,16.173547744750977,-0.12662838399410248,0.5725699663162231
313.30530548095703,0,16.112361907958984,-0.12638278305530548,0.5703173875808716
313.33867597579956,0,16.450748443603516,-0.1285095065832138,0.5826850533485413
313.37204694747925,0,16.54854965209961,-0.12630213797092438,0.5936859846115112
313.40541768074036,0,16.533620834350586,-0.12302201986312866,0.6013819575309753
313.4387888908386,0,16.550636291503906,-0.12231871485710144,0.6081207990646362
313.4721598625183,0,16.596752166748047,-0.12319163978099823,0.6200633645057678
313.50553131103516,0,16.46413803100586,-0.12124095857143402,0.6248313188552856
313.5389025211334,0,16.494380950927734,-0.12186349928379059,0.6351429224014282
313.57227420806885,0,16.444150924682617,-0.12170831859111786,0.6441453099250793
313.60564613342285,0,16.459354400634766,-0.11877242475748062,0.652389645576477
313.6390178203583,0,16.321861267089844,-0.11905057728290558,0.6538546085357666
313.6723897457123,0,16.172883987426758,-0.1164269968867302,0.6561456918716431
313.7057616710663,0,16.12460708618164,-0.11378626525402069,0.6617028713226318
313.73913407325745,0,16.331308364868164,-0.10820713639259338,0.6811803579330444
313.7725064754486,0,16.593894958496094,-0.1049707680940628,0.7015583515167236
313.8058786392212,0,16.658428192138672,-0.09911763668060303,0.7121912240982056
313.83925127983093,0,16.715599060058594,-0.09659963101148605,0.7207239866256714
313.87262415885925,0,16.623313903808594,-0.09667344391345978,0.7219711542129517
313.905996799469,0,16.585140228271484,-0.09958988428115845,0.7242034077644348
313.9393699169159,0,16.612133026123047,-0.10411711037158966,0.7251160144805908
313.9727430343628,0,16.676929473876953,-0.1079552099108696,0.7250906825065613
314.0061161518097,0,16.803186416625977,-0.11099240183830261,0.7279015779495239
314.03948950767517,0,16.65503692626953,-0.11008244752883911,0.7129316329956055
314.07286310195923,0,16.610000610351562,-0.11323250830173492,0.7017173767089844
314.10623693466187,0,16.388874053955078,-0.11618130654096603,0.6831228733062744
314.1396105289459,0,16.680620193481445,-0.12063534557819366,0.6824222803115845
314.17298436164856,0,16.935726165771484,-0.12854042649269104,0.6796016693115234
314.2063584327698,0,17.10079574584961,-0.13343214988708496,0.6792324781417847
314.2397322654724,0,17.124420166015625,-0.12995338439941406,0.668877124786377
314.27309346199036,0,17.05108642578125,-0.1311112940311432,0.6558753252029419
314.3064661026001,0,17.13981819152832,-0.13254114985466003,0.6523209810256958
314.3398389816284,0,16.957019805908203,-0.1274067461490631,0.6356258392333984
314.37321162223816,0,16.86651611328125,-0.12458698451519012,0.6257745027542114
314.4065845012665,0,16.47453498840332,-0.12183912843465805,0.6042377948760986
314.4399576187134,0,16.447921752929688,-0.12436801195144653,0.5977240800857544
314.4733307361603,0,16.586517333984375,-0.12176136672496796,0.5950884819030762
314.5067038536072,0,16.681007385253906,-0.11990475654602051,0.5949298143386841
314.54007744789124,0,16.728252410888672,-0.11897645145654678,0.5948505401611328
314.5734510421753,0,16.751874923706055,-0.11851230263710022,0.5948108434677124
314.60682439804077,0,16.763675689697266,-0.11841246485710144,0.59504634141922
314.6401982307434,0,16.698806762695312,-0.11646706610918045,0.5917497873306274
314.67357206344604,0,16.66636085510254,-0.11551783978939056,0.5903971791267395
314.70694613456726,0,16.720928192138672,-0.11678299307823181,0.5925841927528381
314.7403202056885,0,16.608272552490234,-0.1157374233007431,0.5875592827796936
314.7736942768097,0,16.666702270507812,-0.11734220385551453,0.5897636413574219
314.8070685863495,0,16.72109031677246,-0.1178274154663086,0.5925227403640747
314.84044313430786,0,16.950435638427734,-0.12092575430870056,0.600480318069458
314.87381768226624,0,16.735733032226562,-0.11907444894313812,0.5917642116546631
314.9071924686432,0,16.628381729125977,-0.1181488037109375,0.5874061584472656
314.94056725502014,0,16.702632904052734,-0.12022000551223755,0.5893837213516235
314.9739422798157,0,16.739765167236328,-0.12099829316139221,0.5902428030967712
315.0073173046112,0,16.758331298828125,-0.12138743698596954,0.5906723737716675
315.04069232940674,0,16.870758056640625,-0.1230766624212265,0.5951861143112183
315.07406759262085,0,16.695894241333008,-0.12014991044998169,0.5891171097755432
315.10744309425354,0,16.73639488220215,-0.12096324563026428,0.5901094675064087
315.14081859588623,0,16.756637573242188,-0.12162722647190094,0.5907353758811951
315.1741940975189,0,16.869918823242188,-0.12295317649841309,0.5951133370399475
315.2075698375702,0,16.823406219482422,-0.12236487865447998,0.5931075811386108
315.24094581604004,0,16.784786224365234,-0.1211133524775505,0.5925725698471069
315.2743215560913,0,16.780841827392578,-0.12144497036933899,0.5918372273445129
315.3076927661896,0,16.77886199951172,-0.1218680888414383,0.5915992259979248
315.34106373786926,0,16.777877807617188,-0.12182233482599258,0.5913505554199219
315.3744351863861,0,16.854843139648438,-0.12365511059761047,0.5949432849884033
315.4078063964844,0,16.9923095703125,-0.12466277927160263,0.6000255346298218
315.4411778450012,0,16.9598331451416,-0.12393823266029358,0.5996304154396057
315.4745490550995,0,17.04480743408203,-0.12493058294057846,0.6023333668708801
315.5079207420349,0,17.08729362487793,-0.1254267543554306,0.6036848425865173
315.54129219055176,0,17.009550094604492,-0.12545731663703918,0.6011104583740234
315.57466411590576,0,16.96845245361328,-0.12433549761772156,0.6001728773117065
315.6080358028412,0,16.98188018798828,-0.12345249205827713,0.5994049906730652
315.6414074897766,0,16.956844329833984,-0.12447018921375275,0.5989705324172974
315.6747796535492,0,16.944324493408203,-0.12514489889144897,0.5987522602081299
315.7081513404846,0,17.037052154541016,-0.12540766596794128,0.6019300222396851
315.7415235042572,0,17.01618003845215,-0.123988576233387,0.6002835631370544
315.7748956680298,0,17.005748748779297,-0.12304803729057312,0.5993322134017944
315.80826783180237,0,17.067764282226562,-0.12448548525571823,0.6021842956542969
315.84163999557495,0,16.92232322692871,-0.12338835000991821,0.5967727899551392
315.87501215934753,0,16.958820343017578,-0.12274792790412903,0.5975768566131592
315.9083847999573,0,16.977069854736328,-0.12242771685123444,0.5979788303375244
315.94175720214844,0,16.986188888549805,-0.12249860167503357,0.5983079671859741
315.9751296043396,0,16.99074935913086,-0.12253404408693314,0.598472535610199
316.00850224494934,0,16.96127700805664,-0.12401096522808075,0.5985043048858643
316.04187512397766,0,16.86908721923828,-0.12289377301931381,0.5948030948638916
316.0752477645874,0,16.999433517456055,-0.12440834939479828,0.5999196767807007
316.1086206436157,0,16.99737548828125,-0.12325792759656906,0.5991503000259399
316.14199352264404,0,16.96459197998047,-0.12437291443347931,0.5988432168960571
316.17536640167236,0,16.948200225830078,-0.12493040412664413,0.5986896753311157
316.20873951911926,0,16.862548828125,-0.1233534961938858,0.5948957800865173
316.24211263656616,0,16.92892837524414,-0.12296149134635925,0.596766471862793
316.27548575401306,0,16.96211814880371,-0.12276548892259598,0.5977017879486084
316.3088495731354,0,16.8695068359375,-0.12227103114128113,0.5944018363952637
316.3422176837921,0,16.823200225830078,-0.122023805975914,0.5927518606185913
316.3755855560303,0,16.80004119873047,-0.1221575066447258,0.5920565724372864
316.40895342826843,0,16.788467407226562,-0.12196704745292664,0.5915791988372803
316.44232153892517,0,16.78267478942871,-0.12212912738323212,0.5914702415466309
316.4756896495819,0,16.77978515625,-0.1219528540968895,0.5912860631942749
316.5090579986572,0,16.923938751220703,-0.12353932857513428,0.5962303280830383
316.54242634773254,0,17.026859283447266,-0.12460488826036453,0.6006690859794617
316.57579469680786,0,17.078319549560547,-0.12513767182826996,0.6028884649276733
316.6091630458832,0,17.104049682617188,-0.12540405988693237,0.6039981842041016
316.64253187179565,0,17.016799926757812,-0.12613892555236816,0.6012194156646729
316.67590045928955,0,17.07328987121582,-0.12603092193603516,0.6031278371810913
316.709269285202,0,17.10153579711914,-0.12597692012786865,0.6040821075439453
316.7426378726959,0,17.115657806396484,-0.1259499192237854,0.6045591831207275
316.776006937027,0,17.122718811035156,-0.1258101761341095,0.6048334836959839
316.80937600135803,0,17.02726173400879,-0.12581488490104675,0.6016837358474731
316.8427450656891,0,17.078519821166992,-0.12574267387390137,0.6033958196640015
316.8761143684387,0,17.104148864746094,-0.12583279609680176,0.6042160987854004
316.9094834327698,0,17.116962432861328,-0.12575161457061768,0.6046619415283203
316.9428527355194,0,17.123371124267578,-0.1258372664451599,0.604849100112915
316.9762222766876,0,17.169260025024414,-0.12594419717788696,0.6058564186096191
317.00959157943726,0,17.149520874023438,-0.12593355774879456,0.6054463386535645
317.04296112060547,0,17.08498764038086,-0.1264050006866455,0.6042476892471313
317.07633090019226,0,17.107383728027344,-0.12603771686553955,0.6046777963638306
317.10970067977905,0,17.118579864501953,-0.12585407495498657,0.6048928499221802
317.14307045936584,0,17.022968292236328,-0.12453387677669525,0.6020640730857849
317.17644023895264,0,17.076374053955078,-0.12510216236114502,0.603585958480835
317.209810256958,0,17.103076934814453,-0.12551254034042358,0.6043111085891724
317.24318051338196,0,17.017440795898438,-0.12550021708011627,0.6014236211776733
317.27655053138733,0,17.0736083984375,-0.12558533251285553,0.6032657623291016
317.3099207878113,0,17.10169219970703,-0.12562789022922516,0.6041867733001709
317.34330010414124,0,17.016748428344727,-0.12572374939918518,0.6013604402542114
317.37667989730835,0,16.89191436767578,-0.12385563552379608,0.5976211428642273
317.41005992889404,0,16.911861419677734,-0.12467176467180252,0.5980786085128784
317.44343972206116,0,17.096466064453125,-0.1265682727098465,0.6021106839179993
317.47681999206543,0,17.014137268066406,-0.12602809071540833,0.6003233790397644
317.5102002620697,0,16.971843719482422,-0.12645092606544495,0.5993819832801819
317.543580532074,0,17.050811767578125,-0.12606069445610046,0.6022449135780334
317.5769612789154,0,17.090295791625977,-0.1259918212890625,0.603640615940094
317.61034202575684,0,17.042808532714844,-0.12404966354370117,0.6010107398033142
317.64372301101685,0,17.086294174194336,-0.12498629838228226,0.6030235290527344
317.67710399627686,0,17.108036041259766,-0.1254546195268631,0.6040298938751221
317.71048521995544,0,17.118907928466797,-0.12568877637386322,0.6045330762863159
317.74386644363403,0,17.124343872070312,-0.125679612159729,0.6048204898834229
317.7772479057312,0,17.127059936523438,-0.1256750226020813,0.6049641370773315
317.81062960624695,0,17.00305938720703,-0.12457483261823654,0.6009474396705627
317.8440113067627,0,16.96743392944336,-0.12503136694431305,0.5997417569160461
317.877393245697,0,16.94961929321289,-0.1252596378326416,0.5991389155387878
317.9107754230499,0,16.972463607788086,-0.12391456216573715,0.5988880395889282
317.94415760040283,0,16.952133178710938,-0.12486708164215088,0.5987110137939453
317.9775400161743,0,16.941970825195312,-0.12517748773097992,0.598623514175415
318.0109224319458,0,16.922134399414062,-0.12499094009399414,0.5967854857444763
318.04430532455444,0,16.95872688293457,-0.12354922294616699,0.5975831747055054
318.0776879787445,0,17.044254302978516,-0.12473607808351517,0.6013097763061523
318.11107087135315,0,17.087017059326172,-0.12532950937747955,0.603173017501831
318.14445424079895,0,17.15108299255371,-0.12569032609462738,0.6050183773040771
318.1778373718262,0,16.9639892578125,-0.12373345345258713,0.598060131072998
318.211220741272,0,16.97964859008789,-0.12315146625041962,0.5983486175537109
318.24460434913635,0,17.05471420288086,-0.1244109570980072,0.6017282009124756
318.2779881954193,0,17.092247009277344,-0.12516695261001587,0.6033822298049927
318.31137132644653,0,17.150299072265625,-0.12630367279052734,0.6060819625854492
318.3447389602661,0,17.140039443969727,-0.12611329555511475,0.6055591106414795
318.3781063556671,0,17.13490867614746,-0.12589186429977417,0.6053334474563599
318.41147351264954,0,17.132343292236328,-0.12578114867210388,0.6052206754684448
318.44484090805054,0,17.131061553955078,-0.1258520483970642,0.6051285266876221
318.47820830345154,0,17.130420684814453,-0.12588748335838318,0.6050823926925659
318.5115759372711,0,17.079776763916016,-0.12574735283851624,0.6029419302940369
318.5449433326721,0,17.104778289794922,-0.1257089078426361,0.6040248870849609
318.57831144332886,0,17.117279052734375,-0.12581592798233032,0.6045305728912354
318.61167907714844,0,17.12352752685547,-0.12574318051338196,0.6048191785812378
318.6450469493866,0,17.12665367126465,-0.12583306431770325,0.6049277782440186
318.67841482162476,0,17.128215789794922,-0.1258780062198639,0.6049820184707642
318.7117829322815,0,17.030010223388672,-0.12584879994392395,0.6017580032348633
318.7451512813568,0,17.07989501953125,-0.12575963139533997,0.6034328937530518
318.77851939201355,0,17.10483741760254,-0.12584128975868225,0.6042345762252808
318.8118875026703,0,17.018321990966797,-0.1256645917892456,0.6013853549957275
318.8452558517456,0,16.897602081298828,-0.1239778995513916,0.5963733196258545
318.8786246776581,0,16.946460723876953,-0.12304270267486572,0.5973770618438721
318.911993265152,0,17.03812026977539,-0.12435657531023026,0.6012424230575562
318.9453618526459,0,17.08395004272461,-0.12501351535320282,0.603175163269043
318.97873044013977,0,17.10686492919922,-0.12546822428703308,0.6041057109832764
319.0120995044708,0,17.161006927490234,-0.12575969099998474,0.6054847240447998
319.0454683303833,0,17.14539337158203,-0.12571507692337036,0.60529625415802
319.0788371562958,0,17.070356369018555,-0.1239112913608551,0.6018385887145996
319.1122064590454,0,17.001081466674805,-0.12469959259033203,0.6001873016357422
319.14557552337646,0,17.0654296875,-0.1251850128173828,0.6026475429534912
319.1789448261261,0,17.09760284423828,-0.1254277229309082,0.6038776636123657
319.2123143672943,0,17.113691329956055,-0.12567532062530518,0.6044570207595825
319.24568367004395,0,17.121734619140625,-0.12579911947250366,0.6047466993331909
319.27905321121216,0,17.125755310058594,-0.12573477625846863,0.6049273014068604
319.31242299079895,0,17.12776756286621,-0.12582886219024658,0.6049817800521851
319.34579253196716,0,17.128772735595703,-0.12587589025497437,0.6050090789794922
319.3791251182556,0,17.129276275634766,-0.12589940428733826,0.605022668838501
319.41245698928833,0,17.030540466308594,-0.1256936490535736,0.6017793416976929
319.44578886032104,0,16.903717041015625,-0.12373511493206024,0.5964406132698059
319.479120016098,0,17.016748428344727,-0.12482902407646179,0.6007384657859802
319.51245069503784,0,17.073265075683594,-0.12537598609924316,0.6028873920440674
319.5457811355591,0,17.10152244567871,-0.12564945220947266,0.6039618253707886
319.5791108608246,0,16.901443481445312,-0.12683004140853882,0.597032368183136
319.6124405860901,0,17.01561164855957,-0.12637647986412048,0.6010343432426453
319.64576959609985,0,17.072696685791016,-0.1261497139930725,0.6030353307723999
319.67909812927246,0,17.034008026123047,-0.12412860989570618,0.6007081270217896
319.7124264240265,0,17.081893920898438,-0.12489952892065048,0.6029080152511597
319.7457540035248,0,17.05490493774414,-0.12431961297988892,0.6021385192871094
319.7790811061859,0,17.02511215209961,-0.12321355938911438,0.6002596616744995
319.81240797042847,0,17.07744598388672,-0.12456824630498886,0.6026480197906494
319.84573435783386,0,17.10361099243164,-0.12511934340000153,0.6038779020309448
319.8790602684021,0,17.116695404052734,-0.12552113831043243,0.6044571399688721
319.91238594055176,0,17.024250030517578,-0.1255045235157013,0.6014965772628784
319.9457108974457,0,16.90057373046875,-0.12364055216312408,0.5962992310523987
319.979035615921,0,17.01517677307129,-0.12478174269199371,0.6006677746772766
320.0123598575592,0,17.072477340698242,-0.12522609531879425,0.6028878092765808
320.04568362236023,0,16.911014556884766,-0.12520655989646912,0.5989968776702881
320.0790071487427,0,17.020397186279297,-0.12556475400924683,0.6020165681838989
320.1123299598694,0,17.075088500976562,-0.1257438361644745,0.6035264730453491
320.14565229415894,0,17.102434158325195,-0.1258333921432495,0.6042814254760742
320.1789743900299,0,16.883066177368164,-0.12477844953536987,0.5977103114128113
320.2122962474823,0,17.00642204284668,-0.12522444128990173,0.6014090776443481
320.2456171512604,0,17.068099975585938,-0.12557369470596313,0.6032227277755737
320.27893805503845,0,17.02923583984375,-0.1258278489112854,0.6033828258514404
320.3122582435608,0,16.909423828125,-0.12422250211238861,0.5982007384300232
320.34557914733887,0,16.920616149902344,-0.12485519796609879,0.5983684062957764
320.3789415359497,0,16.925079345703125,-0.1261383444070816,0.5984190702438354
320.4123034477234,0,17.027427673339844,-0.1259043961763382,0.6017634868621826
320.44566583633423,0,16.979618072509766,-0.12569615244865417,0.6001497507095337
320.4790279865265,0,16.970577239990234,-0.12347696721553802,0.5993816256523132
320.51238989830017,0,17.05017852783203,-0.1245737075805664,0.6022447347640991
320.545752286911,0,16.856937408447266,-0.12414860725402832,0.5966919660568237
320.5791141986847,0,16.993358612060547,-0.12490952759981155,0.6008999347686768
320.61247658729553,0,17.061569213867188,-0.12528999149799347,0.6030038595199585
320.6458387374878,0,17.095672607421875,-0.12548021972179413,0.6040558815002441
320.67920088768005,0,17.01151466369629,-0.12434694916009903,0.6016455888748169
320.7125632762909,0,17.070646286010742,-0.1250087022781372,0.6033767461776733
320.74592566490173,0,17.10021209716797,-0.1253395676612854,0.6042423248291016
320.7792875766754,0,17.1149959564209,-0.12563124299049377,0.6046392917633057
320.81264996528625,0,17.122386932373047,-0.12577709555625916,0.6048377752304077
320.8460123538971,0,17.024871826171875,-0.12449538707733154,0.6020365357398987
320.87937450408936,0,17.07732582092285,-0.12520915269851685,0.6035364270210266
320.9127368927002,0,16.870512008666992,-0.12446632981300354,0.5973378419876099
320.94609928131104,0,17.000144958496094,-0.12506839632987976,0.6012228727340698
320.9794614315033,0,17.06496238708496,-0.12549567222595215,0.6031296253204346
321.01282382011414,0,17.097370147705078,-0.12570929527282715,0.6040829420089722
321.0461859703064,0,17.01458740234375,-0.12576444447040558,0.6013084650039673
321.07954835891724,0,16.874217987060547,-0.12385891377925873,0.5960768461227417
321.11291098594666,0,17.001998901367188,-0.12489092350006104,0.6005566120147705
321.1462731361389,0,17.065889358520508,-0.1254069209098816,0.6027964353561401
321.17963552474976,0,16.99884796142578,-0.12544740736484528,0.6006662845611572
321.2129979133606,0,16.943805694580078,-0.12600255012512207,0.5976247787475586
321.24636030197144,0,16.98478889465332,-0.12939676642417908,0.5982925295829773
321.2797226905823,0,16.851932525634766,-0.13126029074192047,0.5951275825500488
321.3130853176117,0,16.787328720092773,-0.13129788637161255,0.5919001698493958
321.34644746780396,0,16.717708587646484,-0.12755995988845825,0.5896198749542236
321.3798100948334,0,16.759504318237305,-0.13019677996635437,0.5894705653190613
321.4131691455841,0,16.99515151977539,-0.13092443346977234,0.5990274548530579
321.4465284347534,0,16.990787506103516,-0.12856370210647583,0.5981286764144897
321.47988748550415,0,16.988605499267578,-0.12738332152366638,0.5976792573928833
321.5132465362549,0,16.938690185546875,-0.1271265745162964,0.5959489345550537
321.5466058254242,0,16.962556838989258,-0.12666475772857666,0.5965894460678101
321.5799648761749,0,16.947181701660156,-0.12624217569828033,0.5975617170333862
321.6133236885071,0,16.91797637939453,-0.12655599415302277,0.5958901643753052
321.6466829776764,0,16.952199935913086,-0.12637947499752045,0.596560001373291
321.68004179000854,0,16.920486450195312,-0.12662464380264282,0.5953892469406128
321.7134006023407,0,16.953454971313477,-0.12641379237174988,0.5963095426559448
321.74675965309143,0,16.921113967895508,-0.12664180994033813,0.5952640771865845
321.7801184654236,0,17.02544593811035,-0.12615612149238586,0.6001859903335571
321.81347727775574,0,17.077613830566406,-0.1260395348072052,0.6026111841201782
321.84683632850647,0,17.103694915771484,-0.1258549988269806,0.603859543800354
321.8801951408386,0,17.017749786376953,-0.1258372962474823,0.6011967658996582
321.9135537147522,0,16.974777221679688,-0.12582844495773315,0.5998654365539551
321.94691276550293,0,17.052278518676758,-0.12587568163871765,0.6024508476257324
321.9802713394165,0,17.09103012084961,-0.1258993148803711,0.6037435531616211
322.0136299133301,0,17.011417388916016,-0.12569360435009003,0.6011397838592529
322.04698848724365,0,17.070598602294922,-0.1256820261478424,0.6031237840652466
322.0803472995758,0,17.100189208984375,-0.1256762444972992,0.6041158437728882
322.1137058734894,0,17.11498260498047,-0.1256733536720276,0.604611873626709
322.14706444740295,0,17.12238121032715,-0.12579813599586487,0.6048240661621094
322.1804232597351,0,17.126079559326172,-0.1258605420589447,0.6049301624298096
322.2137815952301,0,17.1279296875,-0.12589174509048462,0.6049832105636597
322.2471401691437,0,17.128854751586914,-0.12590733170509338,0.6050097942352295
322.2804985046387,0,17.129318237304688,-0.12591513991355896,0.6050230264663696
322.31385707855225,0,17.129547119140625,-0.12579280138015747,0.6050654649734497
322.34721541404724,0,17.129661560058594,-0.12573161721229553,0.6050866842269897
322.3805739879608,0,17.129718780517578,-0.12570104002952576,0.6050972938537598
322.4139292240143,0,17.129749298095703,-0.12568575143814087,0.6051025390625
322.44728446006775,0,17.129764556884766,-0.1258043348789215,0.6050693988800049
322.48063945770264,0,17.129772186279297,-0.12573739886283875,0.6050885915756226
322.5139946937561,0,17.028564453125,-0.12447553873062134,0.6021619439125061
322.547349691391,0,16.897830963134766,-0.12296603620052338,0.5978360176086426
322.5807046890259,0,17.013805389404297,-0.12444448471069336,0.6014361381530762
322.61405968666077,0,17.071792602539062,-0.12505745887756348,0.6032719612121582
322.64741468429565,0,17.001798629760742,-0.12543852627277374,0.6009030342102051
322.68076968193054,0,17.06578826904297,-0.12568072974681854,0.6029696464538574
322.71412420272827,0,17.030548095703125,-0.12412510812282562,0.6008033752441406
322.7474789619446,0,17.080162048339844,-0.1248977780342102,0.6029555797576904
322.7808337211609,0,17.104970932006836,-0.12541034817695618,0.6039959192276001
322.8141884803772,0,17.117374420166016,-0.12554040551185608,0.6045519113540649
322.8475432395935,0,17.123577117919922,-0.1257316768169403,0.6047941446304321
322.8808979988098,0,17.126678466796875,-0.12570106983184814,0.604951024055481
322.91425251960754,0,17.12822914123535,-0.12581199407577515,0.6049937009811401
322.9476070404053,0,17.1721248626709,-0.1267702579498291,0.6068786382675171
322.980961561203,0,17.150951385498047,-0.12634658813476562,0.6059575080871582
323.01431608200073,0,17.140365600585938,-0.1261347532272339,0.605496883392334
323.0476703643799,0,17.135072708129883,-0.12602883577346802,0.6052665710449219
323.08102464675903,0,17.13242530822754,-0.1258496344089508,0.605187177658081
323.11437916755676,0,17.131103515625,-0.12588629126548767,0.6051117181777954
323.1477334499359,0,17.130441665649414,-0.1259046196937561,0.6050740480422974
323.18108773231506,0,17.031124114990234,-0.12569625675678253,0.6018050909042358
323.2144420146942,0,17.08045196533203,-0.12568335235118866,0.6034564971923828
323.2477960586548,0,17.105113983154297,-0.12567690014839172,0.6042821407318115
323.28115010261536,0,17.117446899414062,-0.12567368149757385,0.6046949625015259
323.3145041465759,0,17.123611450195312,-0.12567207217216492,0.6049014329910278
323.3478581905365,0,17.12669563293457,-0.12579751014709473,0.6049689054489136
323.38121247291565,0,17.128236770629883,-0.12573397159576416,0.6050384044647217
323.4145739078522,0,17.12900733947754,-0.12570220232009888,0.605073094367981
323.4479327201843,0,17.12939453125,-0.1258125603199005,0.6050547361373901
323.4812912940979,0,17.129587173461914,-0.12586775422096252,0.6050455570220947
323.5146498680115,0,17.030696868896484,-0.12567782402038574,0.6017907857894897
323.5480089187622,0,17.080238342285156,-0.12567412853240967,0.6034493446350098
323.5813674926758,0,16.91338348388672,-0.12541651725769043,0.597919225692749
323.61472606658936,0,16.907245635986328,-0.12603597342967987,0.5973284840583801
323.6480848789215,0,17.018512725830078,-0.12585321068763733,0.6012181639671326
323.6814434528351,0,17.074146270751953,-0.12588807940483093,0.6031272411346436
323.71480202674866,0,17.034727096557617,-0.12422878295183182,0.6008821725845337
323.7481608390808,0,17.015018463134766,-0.12339913845062256,0.5997596383094788
323.78151965141296,0,17.072399139404297,-0.12453479319810867,0.6024337410926819
323.81487822532654,0,17.00314712524414,-0.12468193471431732,0.6018301248550415
323.8482367992401,0,16.994251251220703,-0.12719294428825378,0.6062990427017212
323.88159561157227,0,16.707500457763672,-0.12701986730098724,0.5978983640670776
323.91495418548584,0,16.465957641601562,-0.12513476610183716,0.5964701175689697
323.94831252098083,0,16.81705093383789,-0.12917271256446838,0.6169184446334839
323.9816710948944,0,17.312564849853516,-0.13572406768798828,0.6439723968505859
324.01502990722656,0,17.18136215209961,-0.13488896191120148,0.6495333909988403
324.04838848114014,0,17.240478515625,-0.13554804027080536,0.6638924479484558
324.0817470550537,0,17.177581787109375,-0.1391873061656952,0.6729209423065186
324.11510586738586,0,16.93351173400879,-0.14076000452041626,0.675774097442627
324.14846444129944,0,16.801544189453125,-0.1420801877975464,0.6800017356872559
324.18182277679443,0,16.99256706237793,-0.14711984992027283,0.696510374546051
324.215181350708,0,17.09439468383789,-0.15047061443328857,0.7079177498817444
324.24854016304016,0,17.133228302001953,-0.15202617645263672,0.7149269580841064
324.28189849853516,0,16.91439437866211,-0.15400561690330505,0.7102306485176086
324.31525707244873,0,17.071340560913086,-0.15850475430488586,0.7167413234710693
324.3486158847809,0,17.273056030273438,-0.16101959347724915,0.7209163308143616
324.3819742202759,0,17.340770721435547,-0.16126000881195068,0.7178657054901123
324.41533279418945,0,17.095901489257812,-0.15659956634044647,0.7014591693878174
324.4486835002899,0,17.139476776123047,-0.1544927954673767,0.6929311752319336
324.4820339679718,0,17.087879180908203,-0.1506928950548172,0.6808115839958191
324.5153844356537,0,17.135597229003906,-0.15142560005187988,0.6728962659835815
324.5487344264984,0,17.23377227783203,-0.15377585589885712,0.6674128770828247
324.5820846557617,0,17.022260665893555,-0.14920450747013092,0.6501426696777344
324.615434885025,0,16.832069396972656,-0.14511574804782867,0.6383819580078125
324.64878487586975,0,17.00006866455078,-0.14480547606945038,0.636475682258606
324.6821348667145,0,16.94524383544922,-0.14674699306488037,0.6259087324142456
324.7154846191406,0,17.05883026123047,-0.1482771933078766,0.6240023374557495
324.74883460998535,0,17.123088836669922,-0.14895755052566528,0.6222282648086548
324.7821841239929,0,17.155231475830078,-0.1492862105369568,0.6209608316421509
324.8155336380005,0,16.974910736083984,-0.14640754461288452,0.613193929195404
324.84888315200806,0,17.064834594726562,-0.1441294401884079,0.615321159362793
324.8822326660156,0,17.160438537597656,-0.14419445395469666,0.6182136535644531
324.9155821800232,0,17.15760040283203,-0.14302289485931396,0.6178310513496399
324.9489312171936,0,17.156192779541016,-0.14250034093856812,0.6173179745674133
324.982280254364,0,17.155487060546875,-0.1422390639781952,0.6170614361763
325.015629529953,0,17.07741928100586,-0.14262333512306213,0.6127867698669434
325.04897832870483,0,16.992938995361328,-0.14251823723316193,0.6080143451690674
325.08232736587524,0,17.23910903930664,-0.1450057029724121,0.6170810461044312
325.1156761646271,0,17.39531707763672,-0.14587536454200745,0.619870126247406
327.6835310459137,0,17.75126838684082,-0.14045396447181702,0.6280231475830078
328.25053906440735,0,17.7768497467041,-0.1380140781402588,0.6322223544120789
328.2838923931122,0,17.526626586914062,-0.1382504105567932,0.6216225028038025
328.31724548339844,0,17.497692108154297,-0.13946489989757538,0.6195749044418335
328.3505985736847,0,17.708154678344727,-0.14023348689079285,0.6284912824630737
328.38395166397095,0,17.588455200195312,-0.1404564380645752,0.6230093240737915
328.4173047542572,0,17.525890350341797,-0.14148950576782227,0.6190613508224487
328.98456048965454,0,17.751270294189453,-0.1410015970468521,0.6278520822525024
329.01793098449707,0,17.610013961791992,-0.14084050059318542,0.6226897239685059
329.0513014793396,0,17.648839950561523,-0.14082270860671997,0.6246637105941772
329.08467197418213,0,17.314573287963867,-0.13832822442054749,0.6109116077423096
329.11804246902466,0,17.391664505004883,-0.13919493556022644,0.6143079996109009
329.15141344070435,0,17.43021011352539,-0.139937162399292,0.6159176826477051
329.1847839355469,0,17.44676971435547,-0.14122986793518066,0.6155154705047607
329.21815490722656,0,17.341400146484375,-0.13830681145191193,0.6111463308334351
329.25152564048767,0,17.04922103881836,-0.13609099388122559,0.6017735004425049
329.28489661216736,0,17.368297576904297,-0.13953113555908203,0.6126161813735962
329.31826758384705,0,17.41852569580078,-0.13979637622833252,0.615160346031189
329.35163855552673,0,17.552949905395508,-0.1413838267326355,0.6193095445632935
329.3850095272064,0,17.652111053466797,-0.1411927044391632,0.623580813407898
329.4183807373047,0,17.701690673828125,-0.14109715819358826,0.6257164478302002
329.45175194740295,0,17.638036727905273,-0.14287981390953064,0.6217414140701294
329.5184783935547,0,17.917652130126953,-0.14216917753219604,0.6366010308265686
329.55183386802673,0,17.809696197509766,-0.1422450840473175,0.6338640451431274
329.5851891040802,0,17.63922691345215,-0.14146223664283752,0.6256957054138184
329.61854434013367,0,17.678009033203125,-0.14163735508918762,0.6276625394821167
329.6518998146057,0,17.642139434814453,-0.1417039930820465,0.6264116764068604
329.6852550506592,0,17.555448532104492,-0.14119169116020203,0.6219695210456848
329.7186098098755,0,17.653358459472656,-0.14109665155410767,0.624910831451416
329.7853202819824,0,17.715103149414062,-0.13955536484718323,0.6285666227340698
329.8186752796173,0,17.708419799804688,-0.1409381926059723,0.6298468112945557
329.8520302772522,0,17.705078125,-0.14162960648536682,0.6304869651794434
329.8853852748871,0,17.887046813964844,-0.1422162801027298,0.6361334323883057
329.918740272522,0,17.682065963745117,-0.14067620038986206,0.6266828775405884
329.95209527015686,0,17.83434295654297,-0.13964927196502686,0.6312352418899536
329.98545002937317,0,17.77556800842285,-0.14073088765144348,0.6304323673248291
330.01880502700806,0,17.578020095825195,-0.13778340816497803,0.6216291189193726
330.05215978622437,0,17.486064910888672,-0.13946211338043213,0.6190244555473328
330.0855145454407,0,17.36104965209961,-0.13776981830596924,0.6127932667732239
330.65255665779114,0,17.46875762939453,-0.14067938923835754,0.6175273656845093
330.6859142780304,0,17.46875762939453,-0.14067938923835754,0.6175273656845093
330.7192723751068,0,17.537513732910156,-0.14122501015663147,0.6213440895080566
330.75262999534607,0,17.503135681152344,-0.1409521996974945,0.619435727596283
330.7859876155853,0,17.485946655273438,-0.14081579446792603,0.6184815168380737
330.8193452358246,0,17.618608474731445,-0.14090868830680847,0.6231667995452881
331.38642477989197,0,17.46875762939453,-0.14067938923835754,0.6175273656845093
331.4197826385498,0,17.46875762939453,-0.14067938923835754,0.6175273656845093
331.4531400203705,0,17.46875762939453,-0.14067938923835754,0.6175273656845093
331.48649764060974,0,17.224533081054688,-0.13825656473636627,0.6073434352874756
331.5198550224304,0,17.34664535522461,-0.1394679844379425,0.6124354004859924
331.55321192741394,0,17.163475036621094,-0.13765086233615875,0.6047974824905396
331.58656883239746,0,17.316116333007812,-0.13916513323783875,0.6111624240875244
331.6199254989624,0,17.148212432861328,-0.13749943673610687,0.6041610240936279
331.6532824039459,0,17.192123413085938,-0.136788472533226,0.6053615808486938
331.68663930892944,0,17.439748764038086,-0.13987988233566284,0.6144101619720459
331.71999621391296,0,17.21002769470215,-0.13785681128501892,0.6057848930358887
331.7533531188965,0,17.28727149963379,-0.13800209760665894,0.6091996431350708
331.7867097854614,0,17.378013610839844,-0.13934074342250824,0.61336350440979
331.82006669044495,0,17.56464195251465,-0.14017117023468018,0.6206077933311462
332.38713335990906,0,17.236032485961914,-0.13607750833034515,0.606562077999115
332.4204902648926,0,17.236032485961914,-0.13607750833034515,0.606562077999115
332.9874782562256,0,17.751270294189453,-0.1410015970468521,0.6278520822525024
333.02082872390747,0,17.5289249420166,-0.14000296592712402,0.6174598932266235
333.0541787147522,0,17.640098571777344,-0.14050227403640747,0.622655987739563
333.62116980552673,0,17.751270294189453,-0.1410015970468521,0.6278520822525024
333.65454149246216,0,17.472129821777344,-0.13885581493377686,0.6177743077278137
333.68791341781616,0,17.611698150634766,-0.13965488970279694,0.6228986978530884
333.72128534317017,0,17.649681091308594,-0.14022991061210632,0.6247681379318237
333.75465750694275,0,17.31499481201172,-0.13803182542324066,0.6109638214111328
333.7880299091339,0,17.533132553100586,-0.1395167112350464,0.6194079518318176
333.85477471351624,0,17.10757827758789,-0.1401008516550064,0.5888968706130981
333.88814759254456,0,17.442214965820312,-0.139057457447052,0.6105595827102661
333.9215199947357,0,17.418161392211914,-0.14009913802146912,0.6134896874427795
333.9548931121826,0,17.443458557128906,-0.14038926362991333,0.6155085563659668
333.9882662296295,0,17.565563201904297,-0.14059709012508392,0.6210731267929077
334.02163910865784,0,17.49843406677246,-0.1386738121509552,0.618757963180542
334.0550124645233,0,17.483596801757812,-0.13967660069465637,0.6181426644325256
334.0883858203888,0,17.231952667236328,-0.13775517046451569,0.6076511144638062
334.12175941467285,0,17.4547119140625,-0.1395760029554367,0.6172045469284058
334.15513277053833,0,17.34537124633789,-0.13782675564289093,0.611883282661438
334.18850660324097,0,17.29070281982422,-0.13695213198661804,0.6092226505279541
334.2218804359436,0,17.379730224609375,-0.1388157606124878,0.6133750081062317
334.2552545070648,0,17.424243927001953,-0.13974757492542267,0.6154512166976929
334.2886288166046,0,17.587757110595703,-0.1403745859861374,0.6216516494750977
334.32200264930725,0,17.669513702392578,-0.14068809151649475,0.6247518658638
334.3553771972656,0,17.569135665893555,-0.14068374037742615,0.621139645576477
334.3887515068054,0,17.274721145629883,-0.13825874030590057,0.6091495752334595
334.4221262931824,0,17.512996673583984,-0.13963016867637634,0.618500828742981
334.4555010795593,0,17.63213348388672,-0.14031589031219482,0.6231764554977417
334.4888758659363,0,17.40194320678711,-0.1383691430091858,0.6141625642776489
334.5222508907318,0,17.43535041809082,-0.13952426612377167,0.6158449649810791
334.5556252002716,0,17.593311309814453,-0.1402629315853119,0.6218485236167908
334.5889837741852,0,17.4146728515625,-0.13817021250724792,0.6142053008079529
334.6223421096802,0,17.31676483154297,-0.13911908864974976,0.608307957649231
334.65608191490173,0,17.276397705078125,-0.13759830594062805,0.6074349880218506
334.6898241043091,0,17.372577667236328,-0.1391388475894928,0.6124811768531799
334.7235686779022,0,17.176441192626953,-0.1374862939119339,0.6048203706741333
334.7573153972626,0,17.463855743408203,-0.139243945479393,0.6163362264633179
334.7910647392273,0,17.31780242919922,-0.13783316314220428,0.610742449760437
334.8248164653778,0,17.534536361694336,-0.1394173800945282,0.6192972660064697
334.8585705757141,0,17.257421493530273,-0.1376255601644516,0.6082284450531006
334.8923273086548,0,17.22520637512207,-0.1371677815914154,0.6079624891281128
334.92608618736267,0,17.10275650024414,-0.1365007609128952,0.6025609970092773
334.95984745025635,0,17.427013397216797,-0.13875117897987366,0.6152065396308899
334.9936113357544,0,17.331523895263672,-0.1374143362045288,0.6108843088150024
335.02737760543823,0,17.28377914428711,-0.13674592971801758,0.6087231636047363
335.0611460208893,0,17.37626838684082,-0.13871265947818756,0.6131252646446228
335.0949170589447,0,17.284629821777344,-0.13771134614944458,0.6104109287261963
335.12869024276733,0,17.58646583557129,-0.138277068734169,0.6204923391342163
335.16246604919434,0,17.28338623046875,-0.1370553970336914,0.6088259220123291
335.19624423980713,0,17.259708404541016,-0.1362195760011673,0.6078015565872192
335.2300248146057,0,17.24787139892578,-0.13614854216575623,0.6071817874908447
335.2638077735901,0,17.499570846557617,-0.13857507705688477,0.6175169348716736
335.29759311676025,0,17.62541961669922,-0.1395145207643509,0.6227700710296631
336.3668053150177,0,17.677471160888672,-0.14087693393230438,0.6268776655197144
336.40003418922424,0,17.714370727539062,-0.1406654417514801,0.6274504065513611
336.4332625865936,0,17.475200653076172,-0.13802459836006165,0.6171138286590576
336.4664900302887,0,17.35561752319336,-0.1370510458946228,0.6118379831314087
336.499716758728,0,17.553443908691406,-0.13902631402015686,0.6198450326919556
336.5329427719116,0,17.65235710144043,-0.14001396298408508,0.623848557472229
336.5661680698395,0,17.701812744140625,-0.1405077874660492,0.6258503198623657
336.599392414093,0,17.436782836914062,-0.13846507668495178,0.6154994964599609
336.6326198577881,0,17.452770233154297,-0.13957223296165466,0.6165134310722351
336.66600251197815,0,17.57021713256836,-0.1404915750026703,0.6215091943740845
336.6993236541748,0,17.729259490966797,-0.13966718316078186,0.6260415315628052
336.7326440811157,0,17.740264892578125,-0.14006057381629944,0.6270323395729065
336.76596450805664,0,17.604511260986328,-0.1403699815273285,0.6222798824310303
336.7992842197418,0,17.53663444519043,-0.14052468538284302,0.6199036240577698
336.8326041698456,0,17.386333465576172,-0.1379542201757431,0.613340437412262
336.8659234046936,0,17.31118392944336,-0.13701586425304413,0.6099512577056885
336.89924240112305,0,17.531227111816406,-0.13900873064994812,0.6189016699790955
336.9325613975525,0,17.255767822265625,-0.13742123544216156,0.6080306172370911
337.49893617630005,0,17.4687557220459,-0.1400616317987442,0.617704451084137
337.5322494506836,0,17.352394104003906,-0.13806957006454468,0.612133264541626
337.56556248664856,0,17.41057586669922,-0.13906559348106384,0.6149188280105591
337.5988755226135,0,17.439666748046875,-0.1398724913597107,0.6162230968475342
337.6321883201599,0,17.595468521118164,-0.1404370367527008,0.6220375895500183
337.6655020713806,0,17.673370361328125,-0.14071932435035706,0.624944806098938
337.6987371444702,0,17.53373908996582,-0.14093008637428284,0.6206822991371155
337.7319712638855,0,17.50124740600586,-0.1408047378063202,0.6191048622131348
337.76520466804504,0,17.589359283447266,-0.14110079407691956,0.6229314208030701
337.79843759536743,0,17.67031478881836,-0.1407773792743683,0.6254773139953613
337.8316695690155,0,17.45317268371582,-0.13808056712150574,0.6161272525787354
337.86490082740784,0,17.216739654541016,-0.13695715367794037,0.6066434383392334
337.89813137054443,0,17.34274673461914,-0.13850939273834229,0.6121739149093628
337.9313614368439,0,17.405752182006836,-0.13959439098834991,0.614850640296936
337.964590549469,0,17.437255859375,-0.14013689756393433,0.6161890029907227
337.9978189468384,0,17.594263076782227,-0.14056923985481262,0.6220205426216125
338.031046628952,0,17.672767639160156,-0.14078542590141296,0.6249363422393799
338.0642738342285,0,17.45439910888672,-0.13843145966529846,0.6157492399215698
338.0974998474121,0,17.21735382080078,-0.13713259994983673,0.6064543724060059
338.13072538375854,0,17.22669219970703,-0.13625818490982056,0.6066157817840576
338.16395020484924,0,17.3432559967041,-0.13576838374137878,0.6094956994056702
338.1971743106842,0,17.547264099121094,-0.13838499784469604,0.6186739206314087
338.2303977012634,0,17.61746597290039,-0.13989797234535217,0.6225894689559937
338.2636203765869,0,17.684368133544922,-0.14044979214668274,0.625220775604248
338.29684233665466,0,17.717819213867188,-0.14072570204734802,0.6265364289283752
338.3300635814667,0,17.59328842163086,-0.14070254564285278,0.6220319271087646
338.36328387260437,0,17.531023025512695,-0.14069096744060516,0.619779646396637
338.3965036869049,0,17.72481918334961,-0.14084652066230774,0.6285936236381531
338.4297230243683,0,17.352561950683594,-0.13834013044834137,0.6128765940666199
338.46294116973877,0,17.262155532836914,-0.13701596856117249,0.609103798866272
338.4961588382721,0,17.365455627441406,-0.13884767889976501,0.6133155822753906
338.5293757915497,0,17.4212703704834,-0.13899189233779907,0.6152739524841309
338.56259179115295,0,17.200788497924805,-0.13741281628608704,0.6062167882919312
338.5958070755005,0,17.33477210998535,-0.13873723149299622,0.6119606494903564
338.62902212142944,0,17.543020248413086,-0.13959559798240662,0.6199918985366821
338.66223978996277,0,17.3895263671875,-0.1378365457057953,0.6132769584655762
338.6955852508545,0,17.31277847290039,-0.13695701956748962,0.609919548034668
338.7289309501648,0,17.27440643310547,-0.1365172564983368,0.6082408428192139
338.76227617263794,0,17.51283836364746,-0.13875943422317505,0.6180464625358582
338.79562163352966,0,17.490798950195312,-0.1397194117307663,0.6177868843078613
339.5625259876251,0,17.209089279174805,-0.13823376595973969,0.6051200032234192
339.59586787223816,0,17.213970184326172,-0.13950049877166748,0.6037448048591614
339.6292099952698,0,17.225000381469727,-0.13744212687015533,0.6052610278129578
339.66255235671997,0,17.10265350341797,-0.13663792610168457,0.6012102961540222
339.69591784477234,0,17.041479110717773,-0.13586580753326416,0.5992940068244934
339.72925996780396,0,17.396373748779297,-0.13843369483947754,0.6135730743408203
339.76260209083557,0,17.432565689086914,-0.13955654203891754,0.6155502200126648
339.7959439754486,0,17.450660705566406,-0.14011797308921814,0.6165387630462646
339.82928562164307,0,17.343345642089844,-0.13775086402893066,0.611657977104187
339.8626272678375,0,17.547306060791016,-0.13910241425037384,0.6198405623435974
339.895968914032,0,17.39167022705078,-0.1375899612903595,0.6132013201713562
339.9293100833893,0,17.31385040283203,-0.13683372735977173,0.6098816990852356
341.02956080436707,0,17.171751022338867,-0.13642238080501556,0.6051486134529114
341.0629041194916,0,17.461509704589844,-0.13871198892593384,0.6165003776550293
341.0962474346161,0,17.348770141601562,-0.1373947560787201,0.6115312576293945
341.129590511322,0,17.292400360107422,-0.13638925552368164,0.609154224395752
341.1629333496094,0,17.428647994995117,-0.13934066891670227,0.6145262718200684
341.1962764263153,0,17.300199508666992,-0.13788151741027832,0.6098374128341675
341.2296190261841,0,17.268115997314453,-0.13697952032089233,0.6081997156143188
341.2629613876343,0,17.2520751953125,-0.13652852177619934,0.6073808670043945
341.2963037490845,0,17.24405288696289,-0.13595613837242126,0.607079029083252
341.32964611053467,0,17.24004364013672,-0.1360168159008026,0.6068205833435059
341.8963828086853,0,17.677471160888672,-0.14139683544635773,0.6267579793930054
341.9297122955322,0,17.714370727539062,-0.14119921624660492,0.6273050308227539
341.963041305542,0,17.701019287109375,-0.141305074095726,0.6269050240516663
341.99637031555176,0,17.584888458251953,-0.14099222421646118,0.6222162246704102
342.02969908714294,0,17.41046142578125,-0.13853487372398376,0.614389181137085
342.063027381897,0,17.43960952758789,-0.13960713148117065,0.6159582734107971
342.0963554382324,0,17.55854034423828,-0.1405019760131836,0.6213581562042236
342.12968349456787,0,17.269424438476562,-0.1381678581237793,0.6092588901519775
342.16301107406616,0,17.510347366333008,-0.1395847201347351,0.61855548620224
342.19633865356445,0,17.33884620666504,-0.1388206034898758,0.6105242967605591
342.2296657562256,0,17.40380096435547,-0.13975000381469727,0.6140258312225342
342.26299262046814,0,17.57753562927246,-0.1403757929801941,0.6209389567375183
342.2963194847107,0,17.523147583007812,-0.14052759110927582,0.6192331314086914
342.3296458721161,0,17.637208938598633,-0.14076459407806396,0.6235426068305969
342.3629720211029,0,17.69424057006836,-0.14088308811187744,0.6256973743438721
342.39629793167114,0,17.465137481689453,-0.1384803056716919,0.6161297559738159
342.4296233654022,0,17.429622650146484,-0.13981056213378906,0.6162747740745544
342.4629487991333,0,17.449190139770508,-0.1402449756860733,0.6169010400772095
342.4962739944458,0,17.600231170654297,-0.1406232863664627,0.622376561164856
342.5295989513397,0,17.453405380249023,-0.13981381058692932,0.6147221326828003
342.56292366981506,0,17.602336883544922,-0.14013388752937317,0.621372640132904
342.5962481498718,0,17.419185638427734,-0.13810569047927856,0.6139673590660095
342.62957215309143,0,17.553424835205078,-0.13975831866264343,0.6202361583709717
342.66289615631104,0,17.266864776611328,-0.13779602944850922,0.6086978912353516
342.6962203979492,0,17.50906753540039,-0.13939881324768066,0.618274986743927
342.7295777797699,0,17.37255096435547,-0.1377381682395935,0.612418532371521
342.7628469467163,0,17.304290771484375,-0.13656096160411835,0.60959792137146
343.32832431793213,0,17.523639678955078,-0.14217551052570343,0.6189306974411011
343.36158180236816,0,17.637454986572266,-0.14158855378627777,0.6233913898468018
343.39483880996704,0,17.69436264038086,-0.14129507541656494,0.6256217360496521
343.4280951023102,0,17.581560134887695,-0.14098723232746124,0.6215745210647583
343.4613506793976,0,17.66641616821289,-0.14099441468715668,0.6247133016586304
343.49460554122925,0,17.323360443115234,-0.13841408491134644,0.6109364032745361
343.52785992622375,0,17.512550354003906,-0.1403675377368927,0.6210317611694336
343.5611135959625,0,17.49065399169922,-0.14052346348762512,0.6192795634269714
343.59436655044556,0,17.23548126220703,-0.13817860186100006,0.608219563961029
343.62761902809143,0,17.235755920410156,-0.13678118586540222,0.6074984073638916
344.19435358047485,0,17.236032485961914,-0.13607750833034515,0.606562077999115
344.22770857810974,0,17.49365234375,-0.13853955268859863,0.6172070503234863
344.2944185733795,0,17.08785057067871,-0.13968002796173096,0.5873621106147766
344.3277733325958,0,17.578433990478516,-0.14124149084091187,0.6145709753036499
344.36112809181213,0,17.523595809936523,-0.1409604400396347,0.6160491704940796
344.39448261260986,0,17.251951217651367,-0.13839709758758545,0.6066043376922607
344.4278371334076,0,17.360353469848633,-0.13922935724258423,0.6121543645858765
344.4611916542053,0,17.55581283569336,-0.14011546969413757,0.6200032234191895
344.49454617500305,0,17.512285232543945,-0.14039742946624756,0.6187652945518494
344.5279004573822,0,17.594879150390625,-0.14063718914985657,0.6228214502334595
344.56125473976135,0,17.531818389892578,-0.14065828919410706,0.6201744079589844
344.5946090221405,0,17.351783752441406,-0.1385403275489807,0.6126614809036255
344.6279628276825,0,17.55152702331543,-0.13977095484733582,0.620256781578064
344.66131711006165,0,17.651397705078125,-0.14038628339767456,0.6240544319152832
344.69467091560364,0,17.315853118896484,-0.13811001181602478,0.6106070280075073
344.72802472114563,0,17.392305374145508,-0.13939470052719116,0.6140671968460083
344.7613732814789,0,17.430530548095703,-0.14003704488277435,0.6157972812652588
344.7947220802307,0,17.157180786132812,-0.13803718984127045,0.6054474115371704
344.8280704021454,0,17.020505905151367,-0.1370372623205185,0.600272536277771
344.86141896247864,0,17.244632720947266,-0.13885831832885742,0.6088999509811401
344.8947672843933,0,17.3566951751709,-0.13976885378360748,0.6132136583328247
344.928115606308,0,17.168500900268555,-0.13780128955841064,0.6051865816116333
344.96146392822266,0,17.202266693115234,-0.1369394063949585,0.6058743000030518
344.99481201171875,0,17.219148635864258,-0.13616158068180084,0.6063257455825806
346.56195163726807,0,17.19298553466797,-0.13605134189128876,0.6080346703529358
346.59528970718384,0,17.43522834777832,-0.13846413791179657,0.6174561977386475
347.1620626449585,0,17.236032485961914,-0.13607750833034515,0.606562077999115
347.19540214538574,0,17.49365234375,-0.13853955268859863,0.6172070503234863
347.2287414073944,0,17.400115966796875,-0.13877195119857788,0.6121373772621155
347.2620806694031,0,17.318073272705078,-0.13707785308361053,0.6094573140144348
347.29541969299316,0,17.517433166503906,-0.13944517076015472,0.6195433735847473
347.3287584781647,0,17.49309539794922,-0.13975340127944946,0.6186239123344421
347.36209750175476,0,17.23670196533203,-0.13779357075691223,0.6078917384147644
347.3954360485077,0,17.35272979736328,-0.1389276087284088,0.6127980947494507
347.42877435684204,0,17.166519165039062,-0.1373806744813919,0.6049787998199463
347.99745202064514,0,17.46875762939453,-0.14067938923835754,0.6175273656845093
348.0311825275421,0,17.450027465820312,-0.1384114772081375,0.6171610355377197
348.0649154186249,0,17.310890197753906,-0.13741692900657654,0.6111547946929932
348.09865045547485,0,17.273460388183594,-0.13640034198760986,0.6089659929275513
348.13238763809204,0,17.254745483398438,-0.1362389326095581,0.6077640056610107
348.166127204895,0,17.280662536621094,-0.13762164115905762,0.6074158549308777
348.74004077911377,0,16.980304718017578,-0.13509370386600494,0.5973777174949646
348.7738206386566,0,16.980304718017578,-0.13509370386600494,0.5973777174949646
348.8076024055481,0,17.365787506103516,-0.13804765045642853,0.6126148700714111
348.8413767814636,0,17.30091094970703,-0.13706257939338684,0.6095885038375854
348.87475085258484,0,17.38483428955078,-0.1388709843158722,0.6135579347610474
348.90806245803833,0,17.651729583740234,-0.14014828205108643,0.6252927780151367
348.94137358665466,0,17.443880081176758,-0.1377660185098648,0.616034984588623
348.9746844768524,0,17.57281494140625,-0.1402692198753357,0.6234171986579895
349.00799465179443,0,17.276561737060547,-0.13805148005485535,0.6102883815765381
349.04130458831787,0,17.372657775878906,-0.13905656337738037,0.6139963865280151
349.07461380958557,0,17.176483154296875,-0.13744515180587769,0.6055779457092285
349.1079227924347,0,17.322620391845703,-0.13875338435173035,0.6116411685943604
349.14123129844666,0,17.536945343017578,-0.13960367441177368,0.6198321580886841
349.7074065208435,0,17.46875762939453,-0.14067938923835754,0.6175273656845093
349.7407069206238,0,17.46875762939453,-0.14067938923835754,0.6175273656845093
349.7740068435669,0,17.610013961791992,-0.14084050059318542,0.6226897239685059
349.80730628967285,0,17.539386749267578,-0.14075994491577148,0.6201085448265076
349.84060525894165,0,17.466747283935547,-0.14095038175582886,0.6182641983032227
349.8739056587219,0,17.46775245666504,-0.1408148854970932,0.617895781993866
349.90722250938416,0,17.319751739501953,-0.13861863315105438,0.6115221977233887
349.94053888320923,0,17.277891159057617,-0.1370011866092682,0.609149694442749
349.9738550186157,0,17.256961822509766,-0.1361924707889557,0.6079634428024292
350.00717067718506,0,17.36285972595215,-0.13843593001365662,0.6127454042434692
350.0404860973358,0,17.40011978149414,-0.13812889158725739,0.616570770740509
350.0738010406494,0,17.575695037841797,-0.1392914354801178,0.622296929359436
350.10711574554443,0,17.40586280822754,-0.1373375952243805,0.6145371198654175
350.6734068393707,0,17.394107818603516,-0.1405409574508667,0.6165406107902527
350.70671463012695,0,17.29217529296875,-0.13832619786262512,0.61248779296875
350.740021944046,0,17.38046646118164,-0.13950279355049133,0.6150075793266296
350.7733292579651,0,17.308250427246094,-0.13779014348983765,0.6107848286628723
350.83994245529175,0,16.995136260986328,-0.13923756778240204,0.5845853090286255
350.8732497692108,0,17.532075881958008,-0.141020268201828,0.6131826043128967
350.90677070617676,0,17.616912841796875,-0.1418963521718979,0.6219910383224487
350.9402940273285,0,17.52410888671875,-0.13932344317436218,0.6192169189453125
350.973819732666,0,17.380069732666016,-0.13770046830177307,0.6128895282745361
351.0073473453522,0,17.53386688232422,-0.1395556926727295,0.6196972727775574
351.0408778190613,0,17.25708770751953,-0.13769471645355225,0.608428418636322
351.074410200119,0,17.118698120117188,-0.13676422834396362,0.6027939915657043
351.1079452037811,0,17.049501419067383,-0.1359289586544037,0.6000858545303345
351.14148211479187,0,17.100919723510742,-0.13612467050552368,0.6025135517120361
351.17502188682556,0,17.040613174438477,-0.13597920536994934,0.5998365879058838
351.2085635662079,0,17.254684448242188,-0.13832929730415344,0.6086819767951965
351.242107629776,0,17.32439613342285,-0.13973507285118103,0.6125508546829224
351.2756540775299,0,17.548011779785156,-0.13927757740020752,0.619962215423584
351.309202671051,0,17.508384704589844,-0.13997848331928253,0.6187447905540466
351.34275364875793,0,17.592927932739258,-0.14068765938282013,0.6227513551712036
351.3763072490692,0,17.37263298034668,-0.1385040134191513,0.6138463020324707
351.4098627567291,0,17.217849731445312,-0.13833248615264893,0.6059889197349548
351.44342064857483,0,17.226940155029297,-0.13720500469207764,0.6062754988670349
351.4769809246063,0,17.23148536682129,-0.1362943798303604,0.6065263748168945
351.5105438232422,0,17.057659149169922,-0.13616585731506348,0.6008119583129883
351.5441086292267,0,17.472980499267578,-0.13750432431697845,0.6156928539276123
351.577675819397,0,17.226642608642578,-0.13666903972625732,0.6064262390136719
351.61124539375305,0,17.347700119018555,-0.13867421448230743,0.6119768023490906
351.64481711387634,0,17.40822982788086,-0.13967680931091309,0.6147520542144775
351.678391456604,0,17.19426727294922,-0.13775527477264404,0.6059558391571045
351.7119677066803,0,17.472768783569336,-0.13937842845916748,0.6169039607048035
351.74554657936096,0,17.226537704467773,-0.13760608434677124,0.6070317625999451
351.7791278362274,0,17.488903045654297,-0.13903002440929413,0.6175274848937988
351.8127110004425,0,17.478830337524414,-0.13985469937324524,0.617527425289154
351.84629678726196,0,17.473793029785156,-0.1402670443058014,0.6175273656845093
351.87988018989563,0,17.471275329589844,-0.14047321677207947,0.6175273656845093
351.9132766723633,0,17.470016479492188,-0.1405763030052185,0.6175273656845093
351.9465956687927,0,17.353023529052734,-0.13832691311836243,0.6120446920394897
351.979914188385,0,17.273006439208984,-0.13751846551895142,0.6098706126213074
352.01323223114014,0,17.51213836669922,-0.13926002383232117,0.6188613176345825
352.04654932022095,0,17.24622344970703,-0.13754688203334808,0.6080104112625122
352.0798661708832,0,17.113264083862305,-0.1363202929496765,0.602694034576416
352.1131823062897,0,17.046785354614258,-0.13607701659202576,0.5999268293380737
352.146497964859,0,17.367225646972656,-0.13874396681785583,0.6132159233093262
352.1798129081726,0,17.17376708984375,-0.13728885352611542,0.6051877737045288
352.21312713623047,0,17.32126235961914,-0.1386752426624298,0.6114461421966553
352.24644112586975,0,17.50446319580078,-0.13974007964134216,0.619041919708252
352.2797541618347,0,17.242385864257812,-0.13778690993785858,0.6081007719039917
352.3130669593811,0,17.111345291137695,-0.13644030690193176,0.6027392148971558
352.34637904167175,0,17.290050506591797,-0.13855984807014465,0.6101332902908325
352.37969040870667,0,17.520660400390625,-0.13978073000907898,0.6189926862716675
352.4130012989044,0,17.494709014892578,-0.14023005962371826,0.6182600259780884
352.44631147384644,0,17.237506866455078,-0.13803189992904663,0.6077097654342651
352.4796214103699,0,17.46258544921875,-0.13972142338752747,0.6171073913574219
352.512930393219,0,17.574979782104492,-0.14134635031223297,0.6202831268310547
352.54623913764954,0,17.663124084472656,-0.14117397367954254,0.6240676045417786
352.57954692840576,0,17.44957733154297,-0.13862574100494385,0.6153148412704468
353.1459233760834,0,17.46875762939453,-0.14067938923835754,0.6175273656845093
353.1792550086975,0,17.224533081054688,-0.13825656473636627,0.6073434352874756
353.2125859260559,0,17.327919006347656,-0.13750354945659637,0.6118931174278259
353.2459168434143,0,17.28197479248047,-0.13679052889347076,0.6092275977134705
353.27924728393555,0,17.51662254333496,-0.13889606297016144,0.6185398101806641
353.3125777244568,0,17.248464584350586,-0.13736489415168762,0.6078497171401978
353.34590768814087,0,17.1143856048584,-0.1365993171930313,0.6025046110153198
353.3792374134064,0,17.43282699584961,-0.1388004571199417,0.6151783466339111
353.4125669002533,0,17.45079231262207,-0.13973993062973022,0.6163528561592102
353.44589614868164,0,17.601032257080078,-0.14037075638771057,0.6221024990081787
353.4792251586914,0,17.676151275634766,-0.14068618416786194,0.6249772906303406
353.7125201225281,0,17.273849487304688,-0.13884374499320984,0.6097299456596375
353.74584674835205,0,17.51255989074707,-0.13992267847061157,0.6187909841537476
353.779173374176,0,17.490657806396484,-0.14030103385448456,0.6181591749191284
353.81249952316284,0,17.479707717895508,-0.14049020409584045,0.6178432703018188
353.8458254337311,0,17.316022872924805,-0.13840529322624207,0.6113922595977783
353.87915110588074,0,17.392391204833984,-0.1395423412322998,0.6144598126411438
353.9124779701233,0,17.138111114501953,-0.13778984546661377,0.6047787070274353
353.94586157798767,0,17.010971069335938,-0.13691359758377075,0.599938154220581
353.9791431427002,0,17.239864349365234,-0.13879649341106415,0.6087327599525452
354.0124237537384,0,17.495567321777344,-0.13989904522895813,0.6182924509048462
354.0457034111023,0,17.365798950195312,-0.13798826932907104,0.6124272346496582
354.07898211479187,0,17.173053741455078,-0.13691100478172302,0.6047934293746948
354.1122603416443,0,17.425262451171875,-0.13915392756462097,0.6157757043838501
354.1455373764038,0,17.20278549194336,-0.13749383389949799,0.606467604637146
354.1788136959076,0,17.335771560668945,-0.13908660411834717,0.6119974851608276
354.21208906173706,0,17.543521881103516,-0.14004409313201904,0.619924783706665
354.2453637123108,0,17.506139755249023,-0.1403617411851883,0.6187260746955872
354.2786374092102,0,17.487449645996094,-0.14052057266235352,0.6181267499923706
354.3119101524353,0,17.58755874633789,-0.1409657597541809,0.6223158836364746
354.34518218040466,0,17.32530975341797,-0.13991016149520874,0.6101902723312378
354.3784534931183,0,17.39703369140625,-0.14029477536678314,0.6138588190078735
354.411723613739,0,17.57415199279785,-0.14064818620681763,0.620855450630188
354.444993019104,0,17.66271209716797,-0.14082488417625427,0.6243537664413452
354.4782614707947,0,17.449371337890625,-0.13845118880271912,0.6154578924179077
354.5115294456482,0,17.214839935302734,-0.13714246451854706,0.6063086986541748
355.0772831439972,0,17.751270294189453,-0.1410015970468521,0.6278520822525024
355.11062026023865,0,17.40716552734375,-0.13992807269096375,0.6129584312438965
355.1439571380615,0,17.51144027709961,-0.13956835865974426,0.6167819499969482
355.17729353904724,0,17.245872497558594,-0.1373310387134552,0.6070798635482788
355.21062994003296,0,17.357315063476562,-0.13900521397590637,0.612303614616394
355.2439661026001,0,17.413036346435547,-0.13984230160713196,0.6149154901504517
355.27730202674866,0,17.196670532226562,-0.13783802092075348,0.6060374975204468
355.31063771247864,0,17.473970413208008,-0.1394198089838028,0.6169447898864746
355.34397315979004,0,17.35500144958496,-0.13774865865707397,0.6117534637451172
356.4490168094635,0,17.236032485961914,-0.13607750833034515,0.606562077999115
356.4827470779419,0,17.400463104248047,-0.13918478786945343,0.6132301688194275
356.5164794921875,0,17.643165588378906,-0.14061856269836426,0.6242872476577759
356.55021381378174,0,17.55596160888672,-0.14034008979797363,0.6209958791732788
356.5839502811432,0,17.512359619140625,-0.1405097395181656,0.619261622428894
356.61768865585327,0,17.59491539001465,-0.14095328748226166,0.6230098009109497
356.65142941474915,0,17.531837463378906,-0.140816330909729,0.6202685832977295
356.68517208099365,0,17.50029754638672,-0.14074786007404327,0.6188979744911194
356.71891713142395,0,17.480058670043945,-0.13801321387290955,0.6156368255615234
356.7526640892029,0,17.474407196044922,-0.13934630155563354,0.6165820956230164
356.78641295433044,0,17.471582412719727,-0.14001284539699554,0.6170547008514404
356.8201642036438,0,17.470169067382812,-0.14034610986709595,0.6172910332679749
356.8539173603058,0,17.4736270904541,-0.13974110782146454,0.6172617077827454
356.887672662735,0,17.54467010498047,-0.13947486877441406,0.6189335584640503
356.9214298725128,0,17.262487411499023,-0.1372842788696289,0.6081556081771851
356.95518922805786,0,17.121397018432617,-0.13655900955200195,0.6026575565338135
356.9889509677887,0,17.05084991455078,-0.13582634925842285,0.6000176668167114
357.02270579338074,0,17.10909652709961,-0.13694141805171967,0.6012553572654724
357.05610489845276,0,17.044700622558594,-0.13638758659362793,0.5992074608802795
357.0893929004669,0,17.01250457763672,-0.13611066341400146,0.5981835126876831
357.12268018722534,0,17.314109802246094,-0.13765963912010193,0.6093944311141968
357.1559669971466,0,17.147207260131836,-0.13637667894363403,0.6033860445022583
357.1892533302307,0,17.17292594909668,-0.1357029378414154,0.6030523777008057
357.2225389480591,0,17.28351593017578,-0.138421893119812,0.6097360849380493
357.2558240890503,0,17.131912231445312,-0.1371278166770935,0.6034477949142456
357.28910851478577,0,17.056110382080078,-0.13648077845573425,0.6003036499023438
357.3223924636841,0,17.403690338134766,-0.13874119520187378,0.6140778660774231
357.35567569732666,0,17.57748031616211,-0.13987138867378235,0.6209650039672852
357.3889582157135,0,17.406757354736328,-0.13797444105148315,0.6137635707855225
357.4222402572632,0,17.57901382446289,-0.13948801159858704,0.6208078265190125
357.4555218219757,0,17.40752410888672,-0.1377827525138855,0.6136849522590637
357.4888024330139,0,17.279930114746094,-0.1370515525341034,0.6093130707740784
357.52208280563354,0,17.081880569458008,-0.13654443621635437,0.6022053360939026
357.555362701416,0,17.416576385498047,-0.13877302408218384,0.6150287389755249
358.1210651397705,0,17.46875762939453,-0.14067938923835754,0.6175273656845093
358.1543526649475,0,17.46875762939453,-0.14067938923835754,0.6175273656845093
358.1876392364502,0,17.610013961791992,-0.14084050059318542,0.6226897239685059
358.2209253311157,0,17.39088249206543,-0.1386314332485199,0.6139191389083862
358.2542107105255,0,17.313457489013672,-0.13700759410858154,0.6103482246398926
358.28749537467957,0,17.274744033813477,-0.13619567453861237,0.608562707901001
358.32077956199646,0,17.255388259887695,-0.13613659143447876,0.6075624227523804
358.3540630340576,0,17.245710372924805,-0.13610705733299255,0.6070622205734253
358.38734579086304,0,17.113008499145508,-0.13597039878368378,0.6021108627319336
358.4206280708313,0,17.174518585205078,-0.13567706942558289,0.6044440269470215
358.45390939712524,0,17.321638107299805,-0.13817822933197021,0.6109856963157654
358.4871904850006,0,17.620128631591797,-0.13959014415740967,0.6241966485977173
358.52047085762024,0,17.544443130493164,-0.1401347666978836,0.6208620071411133
358.55375051498413,0,17.580078125,-0.1396716982126236,0.6207337379455566
358.5870294570923,0,17.28019142150879,-0.13738270103931427,0.609055757522583
358.6203079223633,0,17.378639221191406,-0.1382594108581543,0.613144040107727
358.65358543395996,0,17.56495475769043,-0.1396304965019226,0.6204980611801147
358.68686270713806,0,17.658111572265625,-0.14031603932380676,0.6241750717163086
358.7201392650604,0,17.563434600830078,-0.14049771428108215,0.6208512187004089
358.75341510772705,0,17.271869659423828,-0.13816572725772858,0.6090053915977478
358.78669023513794,0,17.370311737060547,-0.1391136795282364,0.6133549213409424
359.35201597213745,0,17.615718841552734,-0.13856670260429382,0.620568573474884
359.3852484226227,0,17.504913330078125,-0.13955383002758026,0.6185545921325684
359.418479681015,0,17.44951057434082,-0.14004740118980408,0.6175476312637329
359.45170974731445,0,17.583148956298828,-0.14068467915058136,0.623762845993042
360.0164461135864,0,17.751270294189453,-0.1410015970468521,0.6278520822525024
360.04965925216675,0,17.751270294189453,-0.1410015970468521,0.6278520822525024
360.0830225944519,0,17.451805114746094,-0.1386609822511673,0.6163966655731201
360.11632895469666,0,17.21605682373047,-0.13724735379219055,0.6067781448364258
360.14963459968567,0,17.3424072265625,-0.13865450024604797,0.612241268157959
360.1829400062561,0,17.546836853027344,-0.1395542323589325,0.6201322078704834
360.2162449359894,0,17.263572692871094,-0.13769398629665375,0.6086459159851074
360.2495493888855,0,17.231109619140625,-0.13636159896850586,0.605682373046875
360.28285336494446,0,17.49118995666504,-0.1386815905570984,0.6167672276496887
362.0799329280853,0,17.46875762939453,-0.14067938923835754,0.6175273656845093
362.1132781505585,0,17.224533081054688,-0.13825656473636627,0.6073434352874756
362.14655089378357,0,17.102418899536133,-0.1366751343011856,0.6023606061935425
362.17982292175293,0,17.1370849609375,-0.13654875755310059,0.6037546396255493
362.213093996048,0,17.221832275390625,-0.13777655363082886,0.605411171913147
362.24636459350586,0,17.228931427001953,-0.13658015429973602,0.606094241142273
362.27963399887085,0,17.104618072509766,-0.13583692908287048,0.6017359495162964
362.31290316581726,0,17.170326232910156,-0.13595721125602722,0.6041489839553833
362.3461711406708,0,17.075315475463867,-0.13552546501159668,0.6007633209228516
362.3794388771057,0,17.272037506103516,-0.1381024271249771,0.6091453433036804
362.41270542144775,0,17.126171112060547,-0.13696807622909546,0.6031524538993835
362.44597148895264,0,17.159578323364258,-0.1365097165107727,0.6055935621261597
362.4792366027832,0,17.069942474365234,-0.13580170273780823,0.6014856100082397
362.51250100135803,0,17.025123596191406,-0.1358177214860916,0.5993225574493408
362.5457646846771,0,17.38819694519043,-0.13840965926647186,0.6135873198509216
362.5790276527405,0,17.312114715576172,-0.1372435837984085,0.6100746989250183
362.6122899055481,0,17.27407455444336,-0.13666054606437683,0.6083183884620667
362.6455512046814,0,17.236358642578125,-0.1358448714017868,0.6055185794830322
362.67881202697754,0,17.108333587646484,-0.1358393132686615,0.6013391017913818
362.71207189559937,0,17.251220703125,-0.1381901353597641,0.6089398860931396
362.74533104896545,0,17.20928192138672,-0.13775506615638733,0.6058098077774048
362.7785897254944,0,17.203964233398438,-0.13639213144779205,0.6042642593383789
362.8118472099304,0,17.477617263793945,-0.13869686424732208,0.6160581707954407
362.8451042175293,0,17.473186492919922,-0.1396881341934204,0.6167927980422974
363.41083431243896,0,17.46875762939453,-0.14067938923835754,0.6175273656845093
363.4441316127777,0,17.610013961791992,-0.14084050059318542,0.6226897239685059
363.47742795944214,0,17.680641174316406,-0.14092105627059937,0.6252709031105042
363.510724067688,0,17.78447151184082,-0.1398819237947464,0.6279223561286926
363.5440196990967,0,17.62661361694336,-0.14028066396713257,0.6227248907089233
363.61060857772827,0,17.30345916748047,-0.13805720210075378,0.6099421977996826
363.64390230178833,0,17.093645095825195,-0.13667979836463928,0.6026154160499573
363.67719554901123,0,17.14614486694336,-0.13585449755191803,0.6026670932769775
363.7104880809784,0,17.22897720336914,-0.13542717695236206,0.605582594871521
363.77707147598267,0,17.015302658081055,-0.13470232486724854,0.5980740785598755
363.81036257743835,0,17.03351593017578,-0.13438433408737183,0.5984929203987122
363.8436529636383,0,17.11608123779297,-0.1347067654132843,0.600605845451355
363.9102318286896,0,17.29241943359375,-0.13769307732582092,0.6090666055679321
363.9435205459595,0,17.136363983154297,-0.13676340878009796,0.603113055229187
363.97680830955505,0,17.443817138671875,-0.13860869407653809,0.6155681014060974
364.01009607315063,0,17.339923858642578,-0.13734310865402222,0.6110650897026062
364.076669216156,0,17.160114288330078,-0.1365884244441986,0.6041123270988464
364.10995602607727,0,17.19807243347168,-0.1359860897064209,0.6054447889328003
